RecipeName,Textbox9,Textbox10,Textbox11,Textbox12,Textbox15,Textbox19,Textbox20,Textbox29,Textbox23,Textbox24,Textbox30,Textbox27,Textbox28,Textbox49,Textbox51,Textbox53,IngName,IngQty,IngUofM,IngYieldPercent,IngInstructions,Cost,CostPerPortion,Cost1,CostPerPortion1,RecipeSteps,Textbox33,Textbox40,Textbox46,Textbox35,Textbox42,Textbox38,Textbox44
BATCH Basmati Rice,19.00,lb,19.00,lb,1.00,4.70,OZ-wt,=,1.00,Cup,=,,Inactive,No,COGS - Prepped Food,Inventory - Prepped Food,Salt,3.00,Tablespoon,100.0,,0.1555,0.1555,7.6980,7.6980,,0.00,2 D,,0.00,,0.00,
BATCH Basmati Rice,19.00,lb,19.00,lb,1.00,4.70,OZ-wt,=,1.00,Cup,=,,Inactive,No,COGS - Prepped Food,Inventory - Prepped Food,"Rice, Sela Basmati",3.00,Quart,100.0,,6.3811,6.3811,7.6980,7.6980,,0.00,2 D,,0.00,,0.00,
BATCH Basmati Rice,19.00,lb,19.00,lb,1.00,4.70,OZ-wt,=,1.00,Cup,=,,Inactive,No,COGS - Prepped Food,Inventory - Prepped Food,"Spice, Cinnamon Stick",2.00,Each,100.0,,0.0899,0.0899,7.6980,7.6980,,0.00,2 D,,0.00,,0.00,
BATCH Basmati Rice,19.00,lb,19.00,lb,1.00,4.70,OZ-wt,=,1.00,Cup,=,,Inactive,No,COGS - Prepped Food,Inventory - Prepped Food,"Spice, Cumin Seeds",0.25,Cup,100.0,,0.2881,0.2881,7.6980,7.6980,,0.00,2 D,,0.00,,0.00,
BATCH Basmati Rice,19.00,lb,19.00,lb,1.00,4.70,OZ-wt,=,1.00,Cup,=,,Inactive,No,COGS - Prepped Food,Inventory - Prepped Food,"Juice, Lemon",2.00,Tablespoon,100.0,,0.1663,0.1663,7.6980,7.6980,,0.00,2 D,,0.00,,0.00,
BATCH Basmati Rice,19.00,lb,19.00,lb,1.00,4.70,OZ-wt,=,1.00,Cup,=,,Inactive,No,COGS - Prepped Food,Inventory - Prepped Food,"Spice, Bay Leaf",2.00,Each,100.0,,0.0849,0.0849,7.6980,7.6980,,0.00,2 D,,0.00,,0.00,
BATCH Basmati Rice,19.00,lb,19.00,lb,1.00,4.70,OZ-wt,=,1.00,Cup,=,,Inactive,No,COGS - Prepped Food,Inventory - Prepped Food,"Oil, Sunflower",0.75,Cup,100.0,,0.5322,0.5322,7.6980,7.6980,,0.00,2 D,,0.00,,0.00,
BATCH Beans Green Blanched,20.00,lb,20.00,lb,1.00,25.90,OZ-wt,=,2.00,Quart,=,,Inactive,No,COGS - Prepped Food,Inventory - Prepped Food,Green Beans,20.00,lb,100.0,,79.9000,79.9000,80.9481,80.9481,,0.00,,,0.00,,0.00,
BATCH Beans Green Blanched,20.00,lb,20.00,lb,1.00,25.90,OZ-wt,=,2.00,Quart,=,,Inactive,No,COGS - Prepped Food,Inventory - Prepped Food,Salt,8.00,OZ-fl,100.0,,0.8292,0.8292,80.9481,80.9481,,0.00,,,0.00,,0.00,
BATCH Beans Green Blanched,20.00,lb,20.00,lb,1.00,25.90,OZ-wt,=,2.00,Quart,=,,Inactive,No,COGS - Prepped Food,Inventory - Prepped Food,Sugar,4.00,OZ-fl,100.0,,0.2189,0.2189,80.9481,80.9481,,0.00,,,0.00,,0.00,
BATCH Beef Cooked,81.80,OZ-wt,6.80,OZ-wt,12.03,6.00,OZ-wt,=,4.00,OZ-fl,=,,Inactive,No,COGS - Meat,Inventory - Meat,YIELD Garlic Sliced,1.00,Cup,100.0,,1.7352,0.1442,37.4085,3.1096,,0.00,,,0.00,,0.00,
BATCH Beef Cooked,81.80,OZ-wt,6.80,OZ-wt,12.03,6.00,OZ-wt,=,4.00,OZ-fl,=,,Inactive,No,COGS - Meat,Inventory - Meat,"Herb, Curry Leaves",1.00,OZ-fl,100.0,,0.1355,0.0113,37.4085,3.1096,,0.00,,,0.00,,0.00,
BATCH Beef Cooked,81.80,OZ-wt,6.80,OZ-wt,12.03,6.00,OZ-wt,=,4.00,OZ-fl,=,,Inactive,No,COGS - Meat,Inventory - Meat,YIELD Shallots Sliced,1.00,Quart,100.0,,5.3830,0.4475,37.4085,3.1096,,0.00,,,0.00,,0.00,
BATCH Beef Cooked,81.80,OZ-wt,6.80,OZ-wt,12.03,6.00,OZ-wt,=,4.00,OZ-fl,=,,Inactive,No,COGS - Meat,Inventory - Meat,"Beef, Rasa Marinated",5.00,lb,100.0,,29.8000,2.4771,37.4085,3.1096,,0.00,,,0.00,,0.00,
BATCH Beef Cooked,81.80,OZ-wt,6.80,OZ-wt,12.03,6.00,OZ-wt,=,4.00,OZ-fl,=,,Inactive,No,COGS - Meat,Inventory - Meat,"Oil, Sunflower",0.50,Cup,100.0,,0.3548,0.0295,37.4085,3.1096,,0.00,,,0.00,,0.00,
BATCH Beef Marinated,71.40,lb,71.40,lb,1.00,1.00,Bag-3lb,=,,Inactive,=,,Inactive,No,COGS - Meat,Inventory - Meat,"Oil, Sunflower",4.00,Cup,100.0,,2.8386,2.8386,441.1162,441.1162,,0.00,,,0.00,,0.00,
BATCH Beef Marinated,71.40,lb,71.40,lb,1.00,1.00,Bag-3lb,=,,Inactive,=,,Inactive,No,COGS - Meat,Inventory - Meat,"ZZZ Beef, Top Round",66.70,lb,100.0,,423.5450,423.5450,441.1162,441.1162,,0.00,,,0.00,,0.00,
BATCH Beef Marinated,71.40,lb,71.40,lb,1.00,1.00,Bag-3lb,=,,Inactive,=,,Inactive,No,COGS - Meat,Inventory - Meat,NEST Spice Bag Beef,2.00,Portion,100.0,,13.3453,13.3453,441.1162,441.1162,,0.00,,,0.00,,0.00,
BATCH Beef Marinated,71.40,lb,71.40,lb,1.00,1.00,Bag-3lb,=,,Inactive,=,,Inactive,No,COGS - Meat,Inventory - Meat,YIELD Peppers Jalapeno Chopped,2.00,Cup,100.0,,1.3873,1.3873,441.1162,441.1162,,0.00,,,0.00,,0.00,
BATCH Biriyani Masala,147.56,lb,1.00,lb,147.56,1.00,lb,=,,Inactive,=,,Inactive,No,COGS - Prepped Food,Inventory - Prepped Food,"Spice, Cinnamon Stick",0.27,lb,100.0,,1.9413,0.0132,249.4071,1.6903,,,0 D 0 H 0 M,,,,,
BATCH Biriyani Masala,147.56,lb,1.00,lb,147.56,1.00,lb,=,,Inactive,=,,Inactive,No,COGS - Prepped Food,Inventory - Prepped Food,Yogurt,63.00,lb,100.0,,78.8233,0.5342,249.4071,1.6903,,,0 D 0 H 0 M,,,,,
BATCH Biriyani Masala,147.56,lb,1.00,lb,147.56,1.00,lb,=,,Inactive,=,,Inactive,No,COGS - Prepped Food,Inventory - Prepped Food,"Spice, Cumin Powder",0.22,lb,100.0,,0.8796,0.0060,249.4071,1.6903,,,0 D 0 H 0 M,,,,,
BATCH Biriyani Masala,147.56,lb,1.00,lb,147.56,1.00,lb,=,,Inactive,=,,Inactive,No,COGS - Prepped Food,Inventory - Prepped Food,"Spice, Garam Masala",0.56,lb,100.0,,2.1269,0.0144,249.4071,1.6903,,,0 D 0 H 0 M,,,,,
BATCH Biriyani Masala,147.56,lb,1.00,lb,147.56,1.00,lb,=,,Inactive,=,,Inactive,No,COGS - Prepped Food,Inventory - Prepped Food,"Spice, Turmeric Powder",0.12,lb,100.0,,0.2638,0.0018,249.4071,1.6903,,,0 D 0 H 0 M,,,,,
BATCH Biriyani Masala,147.56,lb,1.00,lb,147.56,1.00,lb,=,,Inactive,=,,Inactive,No,COGS - Prepped Food,Inventory - Prepped Food,"Spice, Coriander Powder",0.59,lb,100.0,,1.2968,0.0088,249.4071,1.6903,,,0 D 0 H 0 M,,,,,
BATCH Biriyani Masala,147.56,lb,1.00,lb,147.56,1.00,lb,=,,Inactive,=,,Inactive,No,COGS - Prepped Food,Inventory - Prepped Food,"Spice, Red Chili Powder",0.18,lb,100.0,,0.5936,0.0040,249.4071,1.6903,,,0 D 0 H 0 M,,,,,
BATCH Biriyani Masala,147.56,lb,1.00,lb,147.56,1.00,lb,=,,Inactive,=,,Inactive,No,COGS - Prepped Food,Inventory - Prepped Food,Salt,1.00,lb,100.0,,1.4547,0.0099,249.4071,1.6903,,,0 D 0 H 0 M,,,,,
BATCH Biriyani Masala,147.56,lb,1.00,lb,147.56,1.00,lb,=,,Inactive,=,,Inactive,No,COGS - Prepped Food,Inventory - Prepped Food,"Herb, Cilantro",3.18,lb,100.0,,13.1936,0.0894,249.4071,1.6903,,,0 D 0 H 0 M,,,,,
BATCH Biriyani Masala,147.56,lb,1.00,lb,147.56,1.00,lb,=,,Inactive,=,,Inactive,No,COGS - Prepped Food,Inventory - Prepped Food,"Spice, Mint Leaf Crush",0.04,lb,100.0,,0.2264,0.0015,249.4071,1.6903,,,0 D 0 H 0 M,,,,,
BATCH Biriyani Masala,147.56,lb,1.00,lb,147.56,1.00,lb,=,,Inactive,=,,Inactive,No,COGS - Prepped Food,Inventory - Prepped Food,"Peppers, Jalapeno",4.00,lb,100.0,,8.2615,0.0560,249.4071,1.6903,,,0 D 0 H 0 M,,,,,
BATCH Biriyani Masala,147.56,lb,1.00,lb,147.56,1.00,lb,=,,Inactive,=,,Inactive,No,COGS - Prepped Food,Inventory - Prepped Food,"Tomato, Plum",43.00,lb,100.0,,55.0400,0.3730,249.4071,1.6903,,,0 D 0 H 0 M,,,,,
BATCH Biriyani Masala,147.56,lb,1.00,lb,147.56,1.00,lb,=,,Inactive,=,,Inactive,No,COGS - Prepped Food,Inventory - Prepped Food,INDIQUE Ginger Garlic Paste,4.00,lb,100.0,,7.7780,0.0527,249.4071,1.6903,,,0 D 0 H 0 M,,,,,
BATCH Biriyani Masala,147.56,lb,1.00,lb,147.56,1.00,lb,=,,Inactive,=,,Inactive,No,COGS - Prepped Food,Inventory - Prepped Food,"Spice, Cardamom Green",0.16,lb,100.0,,3.9184,0.0266,249.4071,1.6903,,,0 D 0 H 0 M,,,,,
BATCH Biriyani Masala,147.56,lb,1.00,lb,147.56,1.00,lb,=,,Inactive,=,,Inactive,No,COGS - Prepped Food,Inventory - Prepped Food,"Spice, Cardamom Black",0.11,lb,100.0,,8.7458,0.0593,249.4071,1.6903,,,0 D 0 H 0 M,,,,,
BATCH Biriyani Masala,147.56,lb,1.00,lb,147.56,1.00,lb,=,,Inactive,=,,Inactive,No,COGS - Prepped Food,Inventory - Prepped Food,"Spice, Bay Leaf",0.03,lb,100.0,,0.1528,0.0010,249.4071,1.6903,,,0 D 0 H 0 M,,,,,
BATCH Biriyani Masala,147.56,lb,1.00,lb,147.56,1.00,lb,=,,Inactive,=,,Inactive,No,COGS - Prepped Food,Inventory - Prepped Food,NEST Cloves Ground,0.09,lb,100.0,,0.6737,0.0046,249.4071,1.6903,,,0 D 0 H 0 M,,,,,
BATCH Biriyani Masala,147.56,lb,1.00,lb,147.56,1.00,lb,=,,Inactive,=,,Inactive,No,COGS - Prepped Food,Inventory - Prepped Food,"Oil, Sunflower",6.00,lb,100.0,,8.9170,0.0604,249.4071,1.6903,,,0 D 0 H 0 M,,,,,
BATCH Biriyani Masala,147.56,lb,1.00,lb,147.56,1.00,lb,=,,Inactive,=,,Inactive,No,COGS - Prepped Food,Inventory - Prepped Food,INDIQUE Fried Onion,19.00,lb,100.0,,55.1199,0.3735,249.4071,1.6903,,,0 D 0 H 0 M,,,,,
BATCH Brussels Marinated,32.50,lb,3.25,lb,10.00,52.00,OZ-wt,=,2.00,Quart,=,,Inactive,No,COGS - Produce,Inventory - Prepped Food,Brussels Sprouts,1.00,CS=25lb,100.0,,49.5000,4.9500,53.7356,5.3735,,0.00,,,0.00,,0.00,
BATCH Brussels Marinated,32.50,lb,3.25,lb,10.00,52.00,OZ-wt,=,2.00,Quart,=,,Inactive,No,COGS - Produce,Inventory - Prepped Food,Salt,1.00,Cup,100.0,,0.8292,0.0829,53.7356,5.3735,,0.00,,,0.00,,0.00,
BATCH Brussels Marinated,32.50,lb,3.25,lb,10.00,52.00,OZ-wt,=,2.00,Quart,=,,Inactive,No,COGS - Produce,Inventory - Prepped Food,Sugar,0.50,Cup,100.0,,0.2189,0.0219,53.7356,5.3735,,0.00,,,0.00,,0.00,
BATCH Brussels Marinated,32.50,lb,3.25,lb,10.00,52.00,OZ-wt,=,2.00,Quart,=,,Inactive,No,COGS - Produce,Inventory - Prepped Food,Salt,5.00,Teaspoon,100.0,,0.0864,0.0086,53.7356,5.3735,,0.00,,,0.00,,0.00,
BATCH Brussels Marinated,32.50,lb,3.25,lb,10.00,52.00,OZ-wt,=,2.00,Quart,=,,Inactive,No,COGS - Produce,Inventory - Prepped Food,"Oil, Olive",0.75,Cup,100.0,,3.1011,0.3101,53.7356,5.3735,,0.00,,,0.00,,0.00,
BATCH Cardamom Mint Julep,1.00,Keg-1/6,4.00,OZ-fl,169.07,,Inactive,=,1.00,Keg-1/6,=,,Inactive,No,COGS - Liquor,Inventory - Liquor,"Whiskey, Wild Turkey",5.15,Liter,100.0,,123.5746,0.7309,278.5746,1.6477,,0.00,,,0.00,,0.00,
BATCH Cardamom Mint Julep,1.00,Keg-1/6,4.00,OZ-fl,169.07,,Inactive,=,1.00,Keg-1/6,=,,Inactive,No,COGS - Liquor,Inventory - Liquor,"Mix, Cardamom Mint Julep",1.00,Keg-1/6,100.0,,155.0000,0.9168,278.5746,1.6477,,0.00,,,0.00,,0.00,
BATCH Carrot Slaw,10.00,Quart,1.00,OZ-fl,320.00,4.70,OZ-wt,=,1.00,Cup,=,,Inactive,No,COGS - Prepped Food,Inventory - Prepped Food,YIELD Carrots Shredded,10.00,Quart,100.0,,8.1937,0.0256,17.0833,0.0533,,0.00,,,0.00,,0.00,
BATCH Carrot Slaw,10.00,Quart,1.00,OZ-fl,320.00,4.70,OZ-wt,=,1.00,Cup,=,,Inactive,No,COGS - Prepped Food,Inventory - Prepped Food,EVERMADE That Fire Hot Sauce,3.00,Tablespoon,100.0,,0.5204,0.0016,17.0833,0.0533,,0.00,,,0.00,,0.00,
BATCH Carrot Slaw,10.00,Quart,1.00,OZ-fl,320.00,4.70,OZ-wt,=,1.00,Cup,=,,Inactive,No,COGS - Prepped Food,Inventory - Prepped Food,BATCH House Vinaigrette,1.50,Quart,100.0,,4.6017,0.0144,17.0833,0.0533,,0.00,,,0.00,,0.00,
BATCH Carrot Slaw,10.00,Quart,1.00,OZ-fl,320.00,4.70,OZ-wt,=,1.00,Cup,=,,Inactive,No,COGS - Prepped Food,Inventory - Prepped Food,YIELD Garlic Chopped,1.00,Cup,100.0,,3.2776,0.0102,17.0833,0.0533,,0.00,,,0.00,,0.00,
BATCH Carrot Slaw,10.00,Quart,1.00,OZ-fl,320.00,4.70,OZ-wt,=,1.00,Cup,=,,Inactive,No,COGS - Prepped Food,Inventory - Prepped Food,YIELD Cilantro Chopped,1.00,Cup,100.0,,0.4899,0.0015,17.0833,0.0533,,0.00,,,0.00,,0.00,
BATCH Cauliflower + Potato,2.09,lb,2.09,lb,1.00,1.00,OZ-wt,=,,Inactive,=,,Inactive,No,COGS - Prepped Food,Inventory - Prepped Food,NEST Turmeric Roasted Potato,0.50,lb,100.0,,1.7056,1.7056,5.4288,5.4288,,,,,,,,
BATCH Cauliflower + Potato,2.09,lb,2.09,lb,1.00,1.00,OZ-wt,=,,Inactive,=,,Inactive,No,COGS - Prepped Food,Inventory - Prepped Food,"NEST Formula, Gobhi",1.00,Cup,100.0,,1.4719,1.4719,5.4288,5.4288,,,,,,,,
BATCH Cauliflower + Potato,2.09,lb,2.09,lb,1.00,1.00,OZ-wt,=,,Inactive,=,,Inactive,No,COGS - Prepped Food,Inventory - Prepped Food,YIELD Cauliflower Florets,1.00,lb,100.0,,2.2513,2.2513,5.4288,5.4288,,,,,,,,
BATCH Cauliflower + Potato Cooked,1.70,lb,2.00,OZ-wt,13.60,1.00,OZ-wt,=,,Inactive,=,,Inactive,No,COGS - Prepped Food,Inventory - Prepped Food,YIELD Cilantro Chopped,1.00,Teaspoon,100.0,,0.0102,0.0008,5.5310,0.4068,,,,,,,,
BATCH Cauliflower + Potato Cooked,1.70,lb,2.00,OZ-wt,13.60,1.00,OZ-wt,=,,Inactive,=,,Inactive,No,COGS - Prepped Food,Inventory - Prepped Food,BATCH Cauliflower + Potato,2.09,lb,100.0,,5.4288,0.3992,5.5310,0.4068,,,,,,,,
BATCH Cauliflower + Potato Cooked,1.70,lb,2.00,OZ-wt,13.60,1.00,OZ-wt,=,,Inactive,=,,Inactive,No,COGS - Prepped Food,Inventory - Prepped Food,"NEST Formula, Gobhi",1.00,Tablespoon,100.0,,0.0920,0.0068,5.5310,0.4068,,,,,,,,
BATCH Cherry Blossom Lassi Soft Serve,1.25,Gal,5.00,OZ-fl,32.00,,Inactive,=,1.00,Quart,=,,Inactive,No,COGS - Prepped Food,Inventory - Prepped Food,"Compound, Cherry Blossom",160.00,Gram,100.0,,9.0435,0.2826,43.5537,1.3610,,,,,,,,
BATCH Cherry Blossom Lassi Soft Serve,1.25,Gal,5.00,OZ-fl,32.00,,Inactive,=,1.00,Quart,=,,Inactive,No,COGS - Prepped Food,Inventory - Prepped Food,"Milk, Oat",131.30,OZ-fl,100.0,,14.6892,0.4590,43.5537,1.3610,,,,,,,,
BATCH Cherry Blossom Lassi Soft Serve,1.25,Gal,5.00,OZ-fl,32.00,,Inactive,=,1.00,Quart,=,,Inactive,No,COGS - Prepped Food,Inventory - Prepped Food,"Mix, Soft Serve SSI78",3.31,lb,100.0,,19.8210,0.6194,43.5537,1.3610,,,,,,,,
BATCH Chicken Marination Sauce Old,43.10,lb,6.00,Quart,3.09,9.30,OZ-wt,=,1.00,Cup,=,,Inactive,No,COGS - Prepped Food,Inventory - Prepped Food,"Juice, Lemon",1.00,Cup,100.0,,1.3305,0.4306,65.0066,21.0376,,0.00,6 D,,0.00,,0.00,
BATCH Chicken Marination Sauce Old,43.10,lb,6.00,Quart,3.09,9.30,OZ-wt,=,1.00,Cup,=,,Inactive,No,COGS - Prepped Food,Inventory - Prepped Food,NEST Spice Bag Chicken Old,1.00,Portion,100.0,,14.6868,4.7530,65.0066,21.0376,,0.00,6 D,,0.00,,0.00,
BATCH Chicken Marination Sauce Old,43.10,lb,6.00,Quart,3.09,9.30,OZ-wt,=,1.00,Cup,=,,Inactive,No,COGS - Prepped Food,Inventory - Prepped Food,NEST Ginger Garlic Paste,2.00,Cup,100.0,,2.1606,0.6992,65.0066,21.0376,,0.00,6 D,,0.00,,0.00,
BATCH Chicken Marination Sauce Old,43.10,lb,6.00,Quart,3.09,9.30,OZ-wt,=,1.00,Cup,=,,Inactive,No,COGS - Prepped Food,Inventory - Prepped Food,Vinegar Distilled White,1.00,Cup,100.0,,0.1994,0.0645,65.0066,21.0376,,0.00,6 D,,0.00,,0.00,
BATCH Chicken Marination Sauce Old,43.10,lb,6.00,Quart,3.09,9.30,OZ-wt,=,1.00,Cup,=,,Inactive,No,COGS - Prepped Food,Inventory - Prepped Food,Yogurt,35.00,lb,100.0,,43.7907,14.1717,65.0066,21.0376,,0.00,6 D,,0.00,,0.00,
BATCH Chicken Marination Sauce Old,43.10,lb,6.00,Quart,3.09,9.30,OZ-wt,=,1.00,Cup,=,,Inactive,No,COGS - Prepped Food,Inventory - Prepped Food,"Oil, Sunflower",1.00,Quart,100.0,,2.8386,0.9186,65.0066,21.0376,,0.00,6 D,,0.00,,0.00,
BATCH Chicken Tikka Cooked New,872.00,Gram,4.00,OZ-wt,7.69,0.37,lb,=,1.00,Cup,=,,Inactive,No,COGS - Poultry,Inventory - Poultry,BATCH Chicken Tikka Marinated New,"1,206.00",Gram,100.0,,4.3561,0.5665,4.4564,0.5795,,0.00,2 D,,0.00,,0.00,
BATCH Chicken Tikka Cooked New,872.00,Gram,4.00,OZ-wt,7.69,0.37,lb,=,1.00,Cup,=,,Inactive,No,COGS - Poultry,Inventory - Poultry,NEST Basting Liquid,0.50,1/4 Cup,100.0,,0.1003,0.0130,4.4564,0.5795,,0.00,2 D,,0.00,,0.00,
BATCH Chicken Tikka Cooked Old,10.20,OZ-wt,4.00,OZ-wt,2.55,0.37,lb,=,1.00,Cup,=,,Inactive,No,COGS - Poultry,Inventory - Poultry,NEST Basting Liquid,1.00,1/4 Cup,100.0,,0.2005,0.0786,1.9554,0.7668,,0.00,2 D,,0.00,,0.00,
BATCH Chicken Tikka Cooked Old,10.20,OZ-wt,4.00,OZ-wt,2.55,0.37,lb,=,1.00,Cup,=,,Inactive,No,COGS - Poultry,Inventory - Poultry,BATCH Chicken Tikka Marinated Old,15.90,OZ-wt,100.0,,1.7549,0.6882,1.9554,0.7668,,0.00,2 D,,0.00,,0.00,
BATCH Chicken Tikka Marinated New,"5,344.00",Gram,"5,344.00",Gram,1.00,1.00,Gram,=,,Inactive,=,,Inactive,No,COGS - Poultry,Inventory - Poultry,"NEST, Chicken Spice Mix New",150.00,Gram,100.0,,0.8519,0.8519,19.2980,19.2980,,,0 D 0 H 0 M,,,,,
BATCH Chicken Tikka Marinated New,"5,344.00",Gram,"5,344.00",Gram,1.00,1.00,Gram,=,,Inactive,=,,Inactive,No,COGS - Poultry,Inventory - Poultry,"NEST, Onion Ginger Garlic Paste",600.00,Gram,100.0,,0.7800,0.7800,19.2980,19.2980,,,0 D 0 H 0 M,,,,,
BATCH Chicken Tikka Marinated New,"5,344.00",Gram,"5,344.00",Gram,1.00,1.00,Gram,=,,Inactive,=,,Inactive,No,COGS - Poultry,Inventory - Poultry,"Oil, Sunflower",80.00,Gram,100.0,,0.2621,0.2621,19.2980,19.2980,,,0 D 0 H 0 M,,,,,
BATCH Chicken Tikka Marinated New,"5,344.00",Gram,"5,344.00",Gram,1.00,1.00,Gram,=,,Inactive,=,,Inactive,No,COGS - Poultry,Inventory - Poultry,"Juice, Lemon",80.00,Gram,100.0,,0.4360,0.4360,19.2980,19.2980,,,0 D 0 H 0 M,,,,,
BATCH Chicken Tikka Marinated New,"5,344.00",Gram,"5,344.00",Gram,1.00,1.00,Gram,=,,Inactive,=,,Inactive,No,COGS - Poultry,Inventory - Poultry,"Chicken, Trimmed","4,502.00",Gram,100.0,,16.9680,16.9680,19.2980,19.2980,,,0 D 0 H 0 M,,,,,
BATCH Chicken Tikka Marinated Old,83.70,lb,83.70,lb,1.00,1.00,lb,=,,Inactive,=,,Inactive,No,COGS - Poultry,Inventory - Poultry,"Juice, Lemon",1.00,Cup,100.0,,1.3305,1.3305,147.8113,147.8113,,0.00,2 D,,0.00,,0.00,
BATCH Chicken Tikka Marinated Old,83.70,lb,83.70,lb,1.00,1.00,lb,=,,Inactive,=,,Inactive,No,COGS - Poultry,Inventory - Poultry,"Chicken, Trimmed",70.00,lb,100.0,,119.7000,119.7000,147.8113,147.8113,,0.00,2 D,,0.00,,0.00,
BATCH Chicken Tikka Marinated Old,83.70,lb,83.70,lb,1.00,1.00,lb,=,,Inactive,=,,Inactive,No,COGS - Poultry,Inventory - Poultry,BATCH Chicken Marination Sauce Old,6.00,Quart,100.0,,21.0404,21.0404,147.8113,147.8113,,0.00,2 D,,0.00,,0.00,
BATCH Chicken Tikka Marinated Old,83.70,lb,83.70,lb,1.00,1.00,lb,=,,Inactive,=,,Inactive,No,COGS - Poultry,Inventory - Poultry,NEST Ginger Garlic Paste,4.00,Cup,100.0,,4.3211,4.3211,147.8113,147.8113,,0.00,2 D,,0.00,,0.00,
BATCH Chicken Tikka Marinated Old,83.70,lb,83.70,lb,1.00,1.00,lb,=,,Inactive,=,,Inactive,No,COGS - Poultry,Inventory - Poultry,"Oil, Sunflower",2.00,Cup,100.0,,1.4193,1.4193,147.8113,147.8113,,0.00,2 D,,0.00,,0.00,
BATCH Chickpeas Cooked,7.00,1/6 Deep Pan-2qt,1.00,1/6 Deep Pan-2qt,7.00,46.80,OZ-wt,=,2.00,Quart,=,,Inactive,No,COGS - Prepped Food,Inventory - Prepped Food,"Lentil, Chickpeas",6.00,Quart,100.0,,7.3377,1.0482,7.9596,1.1370,,0.00,,,0.00,,0.00,
BATCH Chickpeas Cooked,7.00,1/6 Deep Pan-2qt,1.00,1/6 Deep Pan-2qt,7.00,46.80,OZ-wt,=,2.00,Quart,=,,Inactive,No,COGS - Prepped Food,Inventory - Prepped Food,Salt,12.00,Tablespoon,100.0,,0.6219,0.0888,7.9596,1.1370,,0.00,,,0.00,,0.00,
BATCH Chocolate Chai Soft Serve,1.00,Gal,5.00,OZ-fl,25.60,,Inactive,=,1.00,Quart,=,,Inactive,No,COGS - Prepped Food,Inventory - Prepped Food,"Compound, Chai",80.00,Gram,100.0,,4.1795,0.1633,22.6545,0.8850,,,,,,,,
BATCH Chocolate Chai Soft Serve,1.00,Gal,5.00,OZ-fl,25.60,,Inactive,=,1.00,Quart,=,,Inactive,No,COGS - Prepped Food,Inventory - Prepped Food,"Mix, Soft Serve Choco",1.00,Gal,100.0,,18.4750,0.7217,22.6545,0.8850,,,,,,,,
BATCH Coconut Ginger Sauce,48.00,Quart,4.00,OZ-fl,384.00,8.40,OZ-wt,=,1.00,Cup,=,,Inactive,No,COGS - Prepped Food,Inventory - Prepped Food,YIELD Onion Yellow Sliced,30.00,lb,100.0,,21.6704,0.0564,105.3664,0.2744,,0.00,,,0.00,,0.00,
BATCH Coconut Ginger Sauce,48.00,Quart,4.00,OZ-fl,384.00,8.40,OZ-wt,=,1.00,Cup,=,,Inactive,No,COGS - Prepped Food,Inventory - Prepped Food,"Oil, Coconut",1.00,Quart,100.0,,6.8611,0.0179,105.3664,0.2744,,0.00,,,0.00,,0.00,
BATCH Coconut Ginger Sauce,48.00,Quart,4.00,OZ-fl,384.00,8.40,OZ-wt,=,1.00,Cup,=,,Inactive,No,COGS - Prepped Food,Inventory - Prepped Food,"Oil, Coconut",1.00,Cup,100.0,,1.7153,0.0045,105.3664,0.2744,,0.00,,,0.00,,0.00,
BATCH Coconut Ginger Sauce,48.00,Quart,4.00,OZ-fl,384.00,8.40,OZ-wt,=,1.00,Cup,=,,Inactive,No,COGS - Prepped Food,Inventory - Prepped Food,Potatoes,4.58,lb,100.0,,3.5266,0.0092,105.3664,0.2744,,0.00,,,0.00,,0.00,
BATCH Coconut Ginger Sauce,48.00,Quart,4.00,OZ-fl,384.00,8.40,OZ-wt,=,1.00,Cup,=,,Inactive,No,COGS - Prepped Food,Inventory - Prepped Food,"Herb, Curry Leaves",1.00,Quart,100.0,,4.3350,0.0113,105.3664,0.2744,,0.00,,,0.00,,0.00,
BATCH Coconut Ginger Sauce,48.00,Quart,4.00,OZ-fl,384.00,8.40,OZ-wt,=,1.00,Cup,=,,Inactive,No,COGS - Prepped Food,Inventory - Prepped Food,"Milk, Coconut",6.00,Can-98oz-fl,100.0,,56.1299,0.1462,105.3664,0.2744,,0.00,,,0.00,,0.00,
BATCH Coconut Ginger Sauce,48.00,Quart,4.00,OZ-fl,384.00,8.40,OZ-wt,=,1.00,Cup,=,,Inactive,No,COGS - Prepped Food,Inventory - Prepped Food,Salt,1.00,Cup,100.0,,0.8292,0.0022,105.3664,0.2744,,0.00,,,0.00,,0.00,
BATCH Coconut Ginger Sauce,48.00,Quart,4.00,OZ-fl,384.00,8.40,OZ-wt,=,1.00,Cup,=,,Inactive,No,COGS - Prepped Food,Inventory - Prepped Food,YIELD Peppers Jalapeno Chopped,1.00,Quart,100.0,,2.7745,0.0072,105.3664,0.2744,,0.00,,,0.00,,0.00,
BATCH Coconut Ginger Sauce,48.00,Quart,4.00,OZ-fl,384.00,8.40,OZ-wt,=,1.00,Cup,=,,Inactive,No,COGS - Prepped Food,Inventory - Prepped Food,YIELD Peppers Jalapeno Chopped,1.00,Cup,100.0,,0.6936,0.0018,105.3664,0.2744,,0.00,,,0.00,,0.00,
BATCH Coconut Ginger Sauce,48.00,Quart,4.00,OZ-fl,384.00,8.40,OZ-wt,=,1.00,Cup,=,,Inactive,No,COGS - Prepped Food,Inventory - Prepped Food,YIELD Ginger Chopped,2.50,Quart,100.0,,6.6235,0.0172,105.3664,0.2744,,0.00,,,0.00,,0.00,
BATCH Coconut Ginger Sauce,48.00,Quart,4.00,OZ-fl,384.00,8.40,OZ-wt,=,1.00,Cup,=,,Inactive,No,COGS - Prepped Food,Inventory - Prepped Food,Salt,0.25,Cup,100.0,,0.2073,0.0005,105.3664,0.2744,,0.00,,,0.00,,0.00,
BATCH Coriander Chili Chutney,23.57,Quart,23.57,Quart,1.00,2.30,OZ-wt,=,1.00,1/4 Cup,=,,Inactive,No,COGS - Prepped Food,Inventory - Prepped Food,"Oil, Sunflower",1.00,Quart,100.0,,2.8386,2.8386,92.3323,92.3323,,0.00,,,0.00,,0.00,
BATCH Coriander Chili Chutney,23.57,Quart,23.57,Quart,1.00,2.30,OZ-wt,=,1.00,1/4 Cup,=,,Inactive,No,COGS - Prepped Food,Inventory - Prepped Food,YIELD Onion Red Sliced,43.60,lb,100.0,,52.5536,52.5536,92.3323,92.3323,,0.00,,,0.00,,0.00,
BATCH Coriander Chili Chutney,23.57,Quart,23.57,Quart,1.00,2.30,OZ-wt,=,1.00,1/4 Cup,=,,Inactive,No,COGS - Prepped Food,Inventory - Prepped Food,"Oil, Sunflower",8.00,OZ-fl,100.0,,0.7096,0.7096,92.3323,92.3323,,0.00,,,0.00,,0.00,
BATCH Coriander Chili Chutney,23.57,Quart,23.57,Quart,1.00,2.30,OZ-wt,=,1.00,1/4 Cup,=,,Inactive,No,COGS - Prepped Food,Inventory - Prepped Food,"Spice, Coriander Seed",4.00,Quart,100.0,,5.6852,5.6852,92.3323,92.3323,,0.00,,,0.00,,0.00,
BATCH Coriander Chili Chutney,23.57,Quart,23.57,Quart,1.00,2.30,OZ-wt,=,1.00,1/4 Cup,=,,Inactive,No,COGS - Prepped Food,Inventory - Prepped Food,"Herb, Curry Leaves",1.00,Quart,100.0,,4.3350,4.3350,92.3323,92.3323,,0.00,,,0.00,,0.00,
BATCH Coriander Chili Chutney,23.57,Quart,23.57,Quart,1.00,2.30,OZ-wt,=,1.00,1/4 Cup,=,,Inactive,No,COGS - Prepped Food,Inventory - Prepped Food,"Spice, Red Chili Whole",700.00,Gram,100.0,,6.7739,6.7739,92.3323,92.3323,,0.00,,,0.00,,0.00,
BATCH Coriander Chili Chutney,23.57,Quart,23.57,Quart,1.00,2.30,OZ-wt,=,1.00,1/4 Cup,=,,Inactive,No,COGS - Prepped Food,Inventory - Prepped Food,NEST Tamarind Puree,12.00,Quart,100.0,,16.5000,16.5000,92.3323,92.3323,,0.00,,,0.00,,0.00,
BATCH Coriander Chili Chutney,23.57,Quart,23.57,Quart,1.00,2.30,OZ-wt,=,1.00,1/4 Cup,=,,Inactive,No,COGS - Prepped Food,Inventory - Prepped Food,Salt,22.00,OZ-fl,100.0,,2.2803,2.2803,92.3323,92.3323,,0.00,,,0.00,,0.00,
BATCH Coriander Chili Chutney,23.57,Quart,23.57,Quart,1.00,2.30,OZ-wt,=,1.00,1/4 Cup,=,,Inactive,No,COGS - Prepped Food,Inventory - Prepped Food,"Spice, Jaggery Powder",0.75,Cup,100.0,,0.6561,0.6561,92.3323,92.3323,,0.00,,,0.00,,0.00,
BATCH Cranberry Chutney,19.00,Quart,19.00,Quart,1.00,,Inactive,=,1.00,Quart,=,,Inactive,No,COGS - Prepped Food,Inventory - Prepped Food,"Oil, Sunflower",8.00,OZ-fl,100.0,,0.7096,0.7096,56.6234,56.6234,,0.00,,,0.00,,0.00,
BATCH Cranberry Chutney,19.00,Quart,19.00,Quart,1.00,,Inactive,=,1.00,Quart,=,,Inactive,No,COGS - Prepped Food,Inventory - Prepped Food,"Spice, Mustard Seed",2.00,OZ-fl,100.0,,0.2248,0.2248,56.6234,56.6234,,0.00,,,0.00,,0.00,
BATCH Cranberry Chutney,19.00,Quart,19.00,Quart,1.00,,Inactive,=,1.00,Quart,=,,Inactive,No,COGS - Prepped Food,Inventory - Prepped Food,"Lentil, Urad Dal",6.00,OZ-fl,100.0,,0.4921,0.4921,56.6234,56.6234,,0.00,,,0.00,,0.00,
BATCH Cranberry Chutney,19.00,Quart,19.00,Quart,1.00,,Inactive,=,1.00,Quart,=,,Inactive,No,COGS - Prepped Food,Inventory - Prepped Food,"Spice, Red Chili Whole",12.00,Each,100.0,,0.0659,0.0659,56.6234,56.6234,,0.00,,,0.00,,0.00,
BATCH Cranberry Chutney,19.00,Quart,19.00,Quart,1.00,,Inactive,=,1.00,Quart,=,,Inactive,No,COGS - Prepped Food,Inventory - Prepped Food,YIELD Ginger Chopped,8.00,OZ-fl,100.0,,0.6624,0.6624,56.6234,56.6234,,0.00,,,0.00,,0.00,
BATCH Cranberry Chutney,19.00,Quart,19.00,Quart,1.00,,Inactive,=,1.00,Quart,=,,Inactive,No,COGS - Prepped Food,Inventory - Prepped Food,"Herb, Curry Leaves",8.00,OZ-fl,100.0,,1.0838,1.0838,56.6234,56.6234,,0.00,,,0.00,,0.00,
BATCH Cranberry Chutney,19.00,Quart,19.00,Quart,1.00,,Inactive,=,1.00,Quart,=,,Inactive,No,COGS - Prepped Food,Inventory - Prepped Food,YIELD Peppers Jalapeno Chopped,8.00,OZ-fl,100.0,,0.6936,0.6936,56.6234,56.6234,,0.00,,,0.00,,0.00,
BATCH Cranberry Chutney,19.00,Quart,19.00,Quart,1.00,,Inactive,=,1.00,Quart,=,,Inactive,No,COGS - Prepped Food,Inventory - Prepped Food,"Spice, Red Chili Powder",2.00,OZ-fl,100.0,,0.2783,0.2783,56.6234,56.6234,,0.00,,,0.00,,0.00,
BATCH Cranberry Chutney,19.00,Quart,19.00,Quart,1.00,,Inactive,=,1.00,Quart,=,,Inactive,No,COGS - Prepped Food,Inventory - Prepped Food,"Spice, Kashmiri Chili Powder",2.00,OZ-fl,100.0,,0.4217,0.4217,56.6234,56.6234,,0.00,,,0.00,,0.00,
BATCH Cranberry Chutney,19.00,Quart,19.00,Quart,1.00,,Inactive,=,1.00,Quart,=,,Inactive,No,COGS - Prepped Food,Inventory - Prepped Food,"Spice, Coriander Powder",6.00,OZ-fl,100.0,,0.4121,0.4121,56.6234,56.6234,,0.00,,,0.00,,0.00,
BATCH Cranberry Chutney,19.00,Quart,19.00,Quart,1.00,,Inactive,=,1.00,Quart,=,,Inactive,No,COGS - Prepped Food,Inventory - Prepped Food,"Spice, Turmeric Powder",1.00,OZ-fl,100.0,,0.1030,0.1030,56.6234,56.6234,,0.00,,,0.00,,0.00,
BATCH Cranberry Chutney,19.00,Quart,19.00,Quart,1.00,,Inactive,=,1.00,Quart,=,,Inactive,No,COGS - Prepped Food,Inventory - Prepped Food,Salt,0.50,Cup,100.0,,0.4146,0.4146,56.6234,56.6234,,0.00,,,0.00,,0.00,
BATCH Cranberry Chutney,19.00,Quart,19.00,Quart,1.00,,Inactive,=,1.00,Quart,=,,Inactive,No,COGS - Prepped Food,Inventory - Prepped Food,Salt,2.00,OZ-fl,100.0,,0.2073,0.2073,56.6234,56.6234,,0.00,,,0.00,,0.00,
BATCH Cranberry Chutney,19.00,Quart,19.00,Quart,1.00,,Inactive,=,1.00,Quart,=,,Inactive,No,COGS - Prepped Food,Inventory - Prepped Food,Salt,1.00,Teaspoon,100.0,,0.0173,0.0173,56.6234,56.6234,,0.00,,,0.00,,0.00,
BATCH Cranberry Chutney,19.00,Quart,19.00,Quart,1.00,,Inactive,=,1.00,Quart,=,,Inactive,No,COGS - Prepped Food,Inventory - Prepped Food,"Spice, Jaggery Powder",36.00,OZ-fl,100.0,,3.9367,3.9367,56.6234,56.6234,,0.00,,,0.00,,0.00,
BATCH Cranberry Chutney,19.00,Quart,19.00,Quart,1.00,,Inactive,=,1.00,Quart,=,,Inactive,No,COGS - Prepped Food,Inventory - Prepped Food,"Berry, Cranberry, Frozen",4.00,Bag-5lb,100.0,,46.9002,46.9002,56.6234,56.6234,,0.00,,,0.00,,0.00,
BATCH Eggplant Cooked,26.10,OZ-wt,2.40,OZ-wt,10.88,2.40,OZ-wt,=,2.00,OZ-fl,=,,Inactive,No,COGS - Produce,Inventory - Prepped Food,BATCH Eggplant Marinated,45.50,OZ-wt,100.0,,5.0567,0.4648,5.0567,0.4648,,0.00,1 D,,0.00,,0.00,
BATCH Eggplant Marinated,55.50,lb,55.50,lb,1.00,45.50,OZ-wt,=,2.00,Quart,=,,Inactive,No,COGS - Produce,Inventory - Prepped Food,YIELD Eggplant Cubed,35.40,lb,100.0,,56.1996,56.1996,98.6892,98.6892,,0.00,3 D,,0.00,,0.00,
BATCH Eggplant Marinated,55.50,lb,55.50,lb,1.00,45.50,OZ-wt,=,2.00,Quart,=,,Inactive,No,COGS - Produce,Inventory - Prepped Food,"Paste, Gochujang",6.00,Cup,100.0,,11.4547,11.4547,98.6892,98.6892,,0.00,3 D,,0.00,,0.00,
BATCH Eggplant Marinated,55.50,lb,55.50,lb,1.00,45.50,OZ-wt,=,2.00,Quart,=,,Inactive,No,COGS - Produce,Inventory - Prepped Food,YIELD Garlic Chopped,4.00,Cup,100.0,,13.1103,13.1103,98.6892,98.6892,,0.00,3 D,,0.00,,0.00,
BATCH Eggplant Marinated,55.50,lb,55.50,lb,1.00,45.50,OZ-wt,=,2.00,Quart,=,,Inactive,No,COGS - Produce,Inventory - Prepped Food,NEST Cumin Seeds Toasted,2.00,Cup,100.0,,2.3048,2.3048,98.6892,98.6892,,0.00,3 D,,0.00,,0.00,
BATCH Eggplant Marinated,55.50,lb,55.50,lb,1.00,45.50,OZ-wt,=,2.00,Quart,=,,Inactive,No,COGS - Produce,Inventory - Prepped Food,BATCH Kokum Vinaigrette,6.00,Quart,100.0,,15.6198,15.6198,98.6892,98.6892,,0.00,3 D,,0.00,,0.00,
BATCH Gin + Tonic Masala Syrup,5.00,Quart,5.00,Quart,1.00,,Inactive,=,1.00,Quart,=,,Inactive,No,COGS - N/A Beverage,Inventory - NA Beverage,"Spice, Fenugreek Seed",0.25,Cup,100.0,,0.1998,0.1998,8.5092,8.5092,,0.00,,,0.00,,0.00,
BATCH Gin + Tonic Masala Syrup,5.00,Quart,5.00,Quart,1.00,,Inactive,=,1.00,Quart,=,,Inactive,No,COGS - N/A Beverage,Inventory - NA Beverage,"Herb, Curry Leaves",0.50,Cup,100.0,,0.5419,0.5419,8.5092,8.5092,,0.00,,,0.00,,0.00,
BATCH Gin + Tonic Masala Syrup,5.00,Quart,5.00,Quart,1.00,,Inactive,=,1.00,Quart,=,,Inactive,No,COGS - N/A Beverage,Inventory - NA Beverage,"Spice, Cardamom Green",2.00,Tablespoon,100.0,,0.7653,0.7653,8.5092,8.5092,,0.00,,,0.00,,0.00,
BATCH Gin + Tonic Masala Syrup,5.00,Quart,5.00,Quart,1.00,,Inactive,=,1.00,Quart,=,,Inactive,No,COGS - N/A Beverage,Inventory - NA Beverage,"Spice, Cinnamon Stick",2.00,Each,100.0,,0.0899,0.0899,8.5092,8.5092,,0.00,,,0.00,,0.00,
BATCH Gin + Tonic Masala Syrup,5.00,Quart,5.00,Quart,1.00,,Inactive,=,1.00,Quart,=,,Inactive,No,COGS - N/A Beverage,Inventory - NA Beverage,"Spice, Ajwain Seed",0.25,Cup,100.0,,0.1856,0.1856,8.5092,8.5092,,0.00,,,0.00,,0.00,
BATCH Gin + Tonic Masala Syrup,5.00,Quart,5.00,Quart,1.00,,Inactive,=,1.00,Quart,=,,Inactive,No,COGS - N/A Beverage,Inventory - NA Beverage,"Spice, Clove",2.00,Tablespoon,100.0,,0.2222,0.2222,8.5092,8.5092,,0.00,,,0.00,,0.00,
BATCH Gin + Tonic Masala Syrup,5.00,Quart,5.00,Quart,1.00,,Inactive,=,1.00,Quart,=,,Inactive,No,COGS - N/A Beverage,Inventory - NA Beverage,"Spice, Black Pepper Whole Telicherry",2.00,Tablespoon,100.0,,0.1746,0.1746,8.5092,8.5092,,0.00,,,0.00,,0.00,
BATCH Gin + Tonic Masala Syrup,5.00,Quart,5.00,Quart,1.00,,Inactive,=,1.00,Quart,=,,Inactive,No,COGS - N/A Beverage,Inventory - NA Beverage,"Spice, Cumin Seeds",0.25,Cup,100.0,,0.2881,0.2881,8.5092,8.5092,,0.00,,,0.00,,0.00,
BATCH Gin + Tonic Masala Syrup,5.00,Quart,5.00,Quart,1.00,,Inactive,=,1.00,Quart,=,,Inactive,No,COGS - N/A Beverage,Inventory - NA Beverage,"Spice, Coriander Seed",0.25,Cup,100.0,,0.0888,0.0888,8.5092,8.5092,,0.00,,,0.00,,0.00,
BATCH Gin + Tonic Masala Syrup,5.00,Quart,5.00,Quart,1.00,,Inactive,=,1.00,Quart,=,,Inactive,No,COGS - N/A Beverage,Inventory - NA Beverage,"Spice, Star Anise",0.25,Cup,100.0,,0.2047,0.2047,8.5092,8.5092,,0.00,,,0.00,,0.00,
BATCH Gin + Tonic Masala Syrup,5.00,Quart,5.00,Quart,1.00,,Inactive,=,1.00,Quart,=,,Inactive,No,COGS - N/A Beverage,Inventory - NA Beverage,Ginger,2.00,OZ-wt,100.0,,0.2190,0.2190,8.5092,8.5092,,0.00,,,0.00,,0.00,
BATCH Gin + Tonic Masala Syrup,5.00,Quart,5.00,Quart,1.00,,Inactive,=,1.00,Quart,=,,Inactive,No,COGS - N/A Beverage,Inventory - NA Beverage,BATCH Simple Syrup,5.00,Quart,100.0,,5.5293,5.5293,8.5092,8.5092,,0.00,,,0.00,,0.00,
BATCH Harvest Vegetables,4.80,lb,2.00,Quart,2.23,4.30,OZ-wt,=,1.00,Cup,=,,Inactive,No,COGS - Produce,Inventory - Produce,"Potatoes, Sweet Diced",2.50,lb,100.0,,10.0500,4.5067,17.9069,8.0300,,0.00,,,0.00,,0.00,
BATCH Harvest Vegetables,4.80,lb,2.00,Quart,2.23,4.30,OZ-wt,=,1.00,Cup,=,,Inactive,No,COGS - Produce,Inventory - Produce,"Carrot, Diced ",1.00,lb,100.0,,3.2700,1.4664,17.9069,8.0300,,0.00,,,0.00,,0.00,
BATCH Harvest Vegetables,4.80,lb,2.00,Quart,2.23,4.30,OZ-wt,=,1.00,Cup,=,,Inactive,No,COGS - Produce,Inventory - Produce,YIELD Cauliflower Florets,1.50,lb,100.0,,3.3770,1.5144,17.9069,8.0300,,0.00,,,0.00,,0.00,
BATCH Harvest Vegetables,4.80,lb,2.00,Quart,2.23,4.30,OZ-wt,=,1.00,Cup,=,,Inactive,No,COGS - Produce,Inventory - Produce,Green Peas,1.50,Cup,100.0,,1.2099,0.5425,17.9069,8.0300,,0.00,,,0.00,,0.00,
BATCH Harvest Vegetables Cooked,2.12,lb,2.12,lb,1.00,1.00,lb,=,,Inactive,=,,Inactive,No,COGS - Produce,Inventory - Prepped Food,EVERMADE Chickpea Formula,1.00,Cup,100.0,,1.4168,1.4168,9.4376,9.4376,,0.00,,,0.00,,0.00,
BATCH Harvest Vegetables Cooked,2.12,lb,2.12,lb,1.00,1.00,lb,=,,Inactive,=,,Inactive,No,COGS - Produce,Inventory - Prepped Food,BATCH Harvest Vegetables,2.00,Quart,100.0,,8.0208,8.0208,9.4376,9.4376,,0.00,,,0.00,,0.00,
BATCH House Vinaigrette,2.25,Quart,1.00,OZ-fl,72.00,8.80,OZ-wt,=,1.00,Cup,=,,Inactive,No,COGS - Prepped Food,Inventory - Prepped Food,EVERMADE That Fire Hot Sauce,1.00,Teaspoon,100.0,,0.0578,0.0008,6.9028,0.0958,,0.00,,,0.00,,0.00,
BATCH House Vinaigrette,2.25,Quart,1.00,OZ-fl,72.00,8.80,OZ-wt,=,1.00,Cup,=,,Inactive,No,COGS - Prepped Food,Inventory - Prepped Food,Vinegar Distilled White,2.00,Cup,100.0,,0.3988,0.0055,6.9028,0.0958,,0.00,,,0.00,,0.00,
BATCH House Vinaigrette,2.25,Quart,1.00,OZ-fl,72.00,8.80,OZ-wt,=,1.00,Cup,=,,Inactive,No,COGS - Prepped Food,Inventory - Prepped Food,"Mustard, Dijon",0.50,Cup,100.0,,0.7249,0.0101,6.9028,0.0958,,0.00,,,0.00,,0.00,
BATCH House Vinaigrette,2.25,Quart,1.00,OZ-fl,72.00,8.80,OZ-wt,=,1.00,Cup,=,,Inactive,No,COGS - Prepped Food,Inventory - Prepped Food,"Spice, Amchur Powder",0.25,Cup,100.0,,0.3177,0.0044,6.9028,0.0958,,0.00,,,0.00,,0.00,
BATCH House Vinaigrette,2.25,Quart,1.00,OZ-fl,72.00,8.80,OZ-wt,=,1.00,Cup,=,,Inactive,No,COGS - Prepped Food,Inventory - Prepped Food,"Spice, Chaat Masala",0.25,Cup,100.0,,0.7710,0.0107,6.9028,0.0958,,0.00,,,0.00,,0.00,
BATCH House Vinaigrette,2.25,Quart,1.00,OZ-fl,72.00,8.80,OZ-wt,=,1.00,Cup,=,,Inactive,No,COGS - Prepped Food,Inventory - Prepped Food,"Spice, Mint Leaf Crush",2.00,Tablespoon,100.0,,0.0619,0.0009,6.9028,0.0958,,0.00,,,0.00,,0.00,
BATCH House Vinaigrette,2.25,Quart,1.00,OZ-fl,72.00,8.80,OZ-wt,=,1.00,Cup,=,,Inactive,No,COGS - Prepped Food,Inventory - Prepped Food,Salt,2.50,Tablespoon,100.0,,0.1296,0.0018,6.9028,0.0958,,0.00,,,0.00,,0.00,
BATCH House Vinaigrette,2.25,Quart,1.00,OZ-fl,72.00,8.80,OZ-wt,=,1.00,Cup,=,,Inactive,No,COGS - Prepped Food,Inventory - Prepped Food,"Spice, White Pepper",1.00,Tablespoon,100.0,,0.1832,0.0025,6.9028,0.0958,,0.00,,,0.00,,0.00,
BATCH House Vinaigrette,2.25,Quart,1.00,OZ-fl,72.00,8.80,OZ-wt,=,1.00,Cup,=,,Inactive,No,COGS - Prepped Food,Inventory - Prepped Food,"Oil, Sunflower",1.50,Quart,100.0,,4.2579,0.0591,6.9028,0.0958,,0.00,,,0.00,,0.00,
BATCH Indian Street Corn,6.00,Quart,6.00,Quart,1.00,0.60,lb,=,1.00,Cup,=,,Inactive,No,COGS - Prepped Food,Inventory - Prepped Food,"Corn, Frozen",2.00,Bag-2.5lb,100.0,,5.0200,5.0200,5.4127,5.4127,,0.00,,,0.00,,0.00,
BATCH Indian Street Corn,6.00,Quart,6.00,Quart,1.00,0.60,lb,=,1.00,Cup,=,,Inactive,No,COGS - Prepped Food,Inventory - Prepped Food,"Juice, Lime",8.00,Teaspoon,100.0,,0.1973,0.1973,5.4127,5.4127,,0.00,,,0.00,,0.00,
BATCH Indian Street Corn,6.00,Quart,6.00,Quart,1.00,0.60,lb,=,1.00,Cup,=,,Inactive,No,COGS - Prepped Food,Inventory - Prepped Food,"Spice, Amchur Powder",1.00,Teaspoon,100.0,,0.0265,0.0265,5.4127,5.4127,,0.00,,,0.00,,0.00,
BATCH Indian Street Corn,6.00,Quart,6.00,Quart,1.00,0.60,lb,=,1.00,Cup,=,,Inactive,No,COGS - Prepped Food,Inventory - Prepped Food,"Spice, Chaat Masala",1.00,Teaspoon,100.0,,0.0642,0.0642,5.4127,5.4127,,0.00,,,0.00,,0.00,
BATCH Indian Street Corn,6.00,Quart,6.00,Quart,1.00,0.60,lb,=,1.00,Cup,=,,Inactive,No,COGS - Prepped Food,Inventory - Prepped Food,"Spice, Kashmiri Chili Powder",0.50,Teaspoon,100.0,,0.0176,0.0176,5.4127,5.4127,,0.00,,,0.00,,0.00,
BATCH Indian Street Corn,6.00,Quart,6.00,Quart,1.00,0.60,lb,=,1.00,Cup,=,,Inactive,No,COGS - Prepped Food,Inventory - Prepped Food,YIELD Cilantro Chopped,2.00,Tablespoon,100.0,,0.0612,0.0612,5.4127,5.4127,,0.00,,,0.00,,0.00,
BATCH Indian Street Corn,6.00,Quart,6.00,Quart,1.00,0.60,lb,=,1.00,Cup,=,,Inactive,No,COGS - Prepped Food,Inventory - Prepped Food,Salt,1.50,Teaspoon,100.0,,0.0259,0.0259,5.4127,5.4127,,0.00,,,0.00,,0.00,
BATCH Indian Yogurt,5.15,Quart,5.00,OZ-fl,32.96,,Inactive,=,1.00,Cont-5oz-fl,=,,Inactive,No,COGS - Prepped Food,Inventory - Prepped Food,Yogurt,8.00,Quart,100.0,,24.5228,0.7440,28.1821,0.8551,,0.00,,,0.00,,0.00,
BATCH Indian Yogurt,5.15,Quart,5.00,OZ-fl,32.96,,Inactive,=,1.00,Cont-5oz-fl,=,,Inactive,No,COGS - Prepped Food,Inventory - Prepped Food,Sugar,2.25,Cup,100.0,,0.9849,0.0299,28.1821,0.8551,,0.00,,,0.00,,0.00,
BATCH Indian Yogurt,5.15,Quart,5.00,OZ-fl,32.96,,Inactive,=,1.00,Cont-5oz-fl,=,,Inactive,No,COGS - Prepped Food,Inventory - Prepped Food,NEST Cardamom Ground,1.50,Teaspoon,100.0,,0.2417,0.0073,28.1821,0.8551,,0.00,,,0.00,,0.00,
BATCH Indian Yogurt,5.15,Quart,5.00,OZ-fl,32.96,,Inactive,=,1.00,Cont-5oz-fl,=,,Inactive,No,COGS - Prepped Food,Inventory - Prepped Food,"Nuts, Almonds",0.33,Cup,100.0,,0.4579,0.0139,28.1821,0.8551,,0.00,,,0.00,,0.00,
BATCH Indian Yogurt,5.15,Quart,5.00,OZ-fl,32.96,,Inactive,=,1.00,Cont-5oz-fl,=,,Inactive,No,COGS - Prepped Food,Inventory - Prepped Food,"Milk, Oat",2.00,Tablespoon,100.0,,0.1119,0.0034,28.1821,0.8551,,0.00,,,0.00,,0.00,
BATCH Indian Yogurt,5.15,Quart,5.00,OZ-fl,32.96,,Inactive,=,1.00,Cont-5oz-fl,=,,Inactive,No,COGS - Prepped Food,Inventory - Prepped Food,NEST Pistachios Chopped,0.33,Cup,100.0,,1.2806,0.0389,28.1821,0.8551,,0.00,,,0.00,,0.00,
BATCH Indian Yogurt,5.15,Quart,5.00,OZ-fl,32.96,,Inactive,=,1.00,Cont-5oz-fl,=,,Inactive,No,COGS - Prepped Food,Inventory - Prepped Food,"Spice, Saffron",0.50,Teaspoon,100.0,,0.5823,0.0177,28.1821,0.8551,,0.00,,,0.00,,0.00,
BATCH Jackfruit Blanched,18.60,lb,18.60,lb,1.00,1.00,lb,=,,Inactive,=,,Inactive,No,COGS - Produce,Inventory - Prepped Food,Jackfruit,16.00,Each,100.0,,27.2000,27.2000,28.1310,28.1310,,0.00,,,0.00,,0.00,
BATCH Jackfruit Blanched,18.60,lb,18.60,lb,1.00,1.00,lb,=,,Inactive,=,,Inactive,No,COGS - Produce,Inventory - Prepped Food,"Spice, Turmeric Powder",6.00,Tablespoon,100.0,,0.3091,0.3091,28.1310,28.1310,,0.00,,,0.00,,0.00,
BATCH Jackfruit Blanched,18.60,lb,18.60,lb,1.00,1.00,lb,=,,Inactive,=,,Inactive,No,COGS - Produce,Inventory - Prepped Food,Salt,0.75,Cup,100.0,,0.6219,0.6219,28.1310,28.1310,,0.00,,,0.00,,0.00,
BATCH Jackfruit Cooked,3.30,lb,4.70,OZ-wt,11.23,4.70,OZ-wt,=,4.00,OZ-fl,=,,Inactive,No,,,BATCH Jackfruit Blanched,3.20,lb,100.0,,4.8397,0.4310,9.1477,0.8148,,0.00,,,0.00,,0.00,
BATCH Jackfruit Cooked,3.30,lb,4.70,OZ-wt,11.23,4.70,OZ-wt,=,4.00,OZ-fl,=,,Inactive,No,,,"Oil, Coconut",0.50,Cup,100.0,,0.8576,0.0764,9.1477,0.8148,,0.00,,,0.00,,0.00,
BATCH Jackfruit Cooked,3.30,lb,4.70,OZ-wt,11.23,4.70,OZ-wt,=,4.00,OZ-fl,=,,Inactive,No,,,YIELD Garlic Sliced,0.50,Cup,100.0,,0.8676,0.0773,9.1477,0.8148,,0.00,,,0.00,,0.00,
BATCH Jackfruit Cooked,3.30,lb,4.70,OZ-wt,11.23,4.70,OZ-wt,=,4.00,OZ-fl,=,,Inactive,No,,,"Herb, Curry Leaves",1.00,OZ-fl,100.0,,0.1355,0.0121,9.1477,0.8148,,0.00,,,0.00,,0.00,
BATCH Jackfruit Cooked,3.30,lb,4.70,OZ-wt,11.23,4.70,OZ-wt,=,4.00,OZ-fl,=,,Inactive,No,,,"Spice, Pepper Red Flake/Crushed",1.00,Teaspoon,100.0,,0.0187,0.0017,9.1477,0.8148,,0.00,,,0.00,,0.00,
BATCH Jackfruit Cooked,3.30,lb,4.70,OZ-wt,11.23,4.70,OZ-wt,=,4.00,OZ-fl,=,,Inactive,No,,,"Shallot, Sliced",2.00,Cup,100.0,,2.4200,0.2155,9.1477,0.8148,,0.00,,,0.00,,0.00,
BATCH Jackfruit Cooked,3.30,lb,4.70,OZ-wt,11.23,4.70,OZ-wt,=,4.00,OZ-fl,=,,Inactive,No,,,Salt,0.50,Teaspoon,100.0,,0.0086,0.0008,9.1477,0.8148,,0.00,,,0.00,,0.00,
BATCH Kachumber Salad,7.97,lb,0.50,OZ-fl,377.84,2.70,OZ-wt,=,0.50,Cup,=,,Inactive,No,COGS - Prepped Food,Inventory - Prepped Food,Salt,2.00,Teaspoon,100.0,,0.0346,0.0001,10.4130,0.0275,,0.00,,,0.00,,0.00,
BATCH Kachumber Salad,7.97,lb,0.50,OZ-fl,377.84,2.70,OZ-wt,=,0.50,Cup,=,,Inactive,No,COGS - Prepped Food,Inventory - Prepped Food,"Spice, Chaat Masala",3.00,Tablespoon,100.0,,0.5782,0.0015,10.4130,0.0275,,0.00,,,0.00,,0.00,
BATCH Kachumber Salad,7.97,lb,0.50,OZ-fl,377.84,2.70,OZ-wt,=,0.50,Cup,=,,Inactive,No,COGS - Prepped Food,Inventory - Prepped Food,"Juice, Lemon",0.25,Cup,100.0,,0.3326,0.0009,10.4130,0.0275,,0.00,,,0.00,,0.00,
BATCH Kachumber Salad,7.97,lb,0.50,OZ-fl,377.84,2.70,OZ-wt,=,0.50,Cup,=,,Inactive,No,COGS - Prepped Food,Inventory - Prepped Food,YIELD Cilantro Chopped,0.25,Cup,100.0,,0.1225,0.0003,10.4130,0.0275,,0.00,,,0.00,,0.00,
BATCH Kachumber Salad,7.97,lb,0.50,OZ-fl,377.84,2.70,OZ-wt,=,0.50,Cup,=,,Inactive,No,COGS - Prepped Food,Inventory - Prepped Food,YIELD Peppers Jalapeno Chopped,2.00,Tablespoon,100.0,,0.0867,0.0002,10.4130,0.0275,,0.00,,,0.00,,0.00,
BATCH Kachumber Salad,7.97,lb,0.50,OZ-fl,377.84,2.70,OZ-wt,=,0.50,Cup,=,,Inactive,No,COGS - Prepped Food,Inventory - Prepped Food,YIELD Tomato Chopped,2.00,Quart,100.0,,5.4574,0.0144,10.4130,0.0275,,0.00,,,0.00,,0.00,
BATCH Kachumber Salad,7.97,lb,0.50,OZ-fl,377.84,2.70,OZ-wt,=,0.50,Cup,=,,Inactive,No,COGS - Prepped Food,Inventory - Prepped Food,YIELD Onion Red Chopped,1.00,Quart,100.0,,2.1020,0.0056,10.4130,0.0275,,0.00,,,0.00,,0.00,
BATCH Kachumber Salad,7.97,lb,0.50,OZ-fl,377.84,2.70,OZ-wt,=,0.50,Cup,=,,Inactive,No,COGS - Prepped Food,Inventory - Prepped Food,YIELD Cucumber Chopped,2.00,Quart,100.0,,1.6990,0.0045,10.4130,0.0275,,0.00,,,0.00,,0.00,
BATCH Kokum Punch,16.00,Quart,16.00,Quart,1.00,,Inactive,=,1.00,Quart,=,,Inactive,No,COGS - N/A Beverage,Inventory - NA Beverage,BATCH Simple Syrup,2.00,Quart,100.0,,2.2117,2.2117,13.2429,13.2429,,0.00,,,0.00,,0.00,
BATCH Kokum Punch,16.00,Quart,16.00,Quart,1.00,,Inactive,=,1.00,Quart,=,,Inactive,No,COGS - N/A Beverage,Inventory - NA Beverage,NEST Kokum Syrup,0.75,Cup,100.0,,0.3874,0.3874,13.2429,13.2429,,0.00,,,0.00,,0.00,
BATCH Kokum Punch,16.00,Quart,16.00,Quart,1.00,,Inactive,=,1.00,Quart,=,,Inactive,No,COGS - N/A Beverage,Inventory - NA Beverage,"Juice, Lemon",2.00,Quart,100.0,,10.6438,10.6438,13.2429,13.2429,,0.00,,,0.00,,0.00,
BATCH Kokum Vinaigrette,10.00,Quart,10.00,Quart,1.00,5.00,OZ-wt,=,0.50,Cup,=,,Inactive,No,COGS - Prepped Food,Inventory - Prepped Food,Vinegar Distilled White,3.00,Quart,100.0,,2.3925,2.3925,26.0330,26.0330,,0.00,,,0.00,,0.00,
BATCH Kokum Vinaigrette,10.00,Quart,10.00,Quart,1.00,5.00,OZ-wt,=,0.50,Cup,=,,Inactive,No,COGS - Prepped Food,Inventory - Prepped Food,NEST Kokum Syrup,30.00,OZ-fl,100.0,,1.9372,1.9372,26.0330,26.0330,,0.00,,,0.00,,0.00,
BATCH Kokum Vinaigrette,10.00,Quart,10.00,Quart,1.00,5.00,OZ-wt,=,0.50,Cup,=,,Inactive,No,COGS - Prepped Food,Inventory - Prepped Food,"Mustard, Dijon",18.00,OZ-fl,100.0,,3.2619,3.2619,26.0330,26.0330,,0.00,,,0.00,,0.00,
BATCH Kokum Vinaigrette,10.00,Quart,10.00,Quart,1.00,5.00,OZ-wt,=,0.50,Cup,=,,Inactive,No,COGS - Prepped Food,Inventory - Prepped Food,Salt,3.00,OZ-fl,100.0,,0.3109,0.3109,26.0330,26.0330,,0.00,,,0.00,,0.00,
BATCH Kokum Vinaigrette,10.00,Quart,10.00,Quart,1.00,5.00,OZ-wt,=,0.50,Cup,=,,Inactive,No,COGS - Prepped Food,Inventory - Prepped Food,"Spice, White Pepper",3.00,OZ-fl,100.0,,1.0990,1.0990,26.0330,26.0330,,0.00,,,0.00,,0.00,
BATCH Kokum Vinaigrette,10.00,Quart,10.00,Quart,1.00,5.00,OZ-wt,=,0.50,Cup,=,,Inactive,No,COGS - Prepped Food,Inventory - Prepped Food,"Oil, Sunflower",6.00,Quart,100.0,,17.0315,17.0315,26.0330,26.0330,,0.00,,,0.00,,0.00,
BATCH Lamb Kebab Meatballs,115.00,CT,4.00,CT,28.75,1.65,lb,=,,Inactive,=,20.00,CT,No,COGS - Meat,Inventory - Meat,YIELD Onion Red Chopped,2.00,Cup,100.0,,1.0510,0.0366,63.8695,2.2216,,0.00,,,0.00,,0.00,
BATCH Lamb Kebab Meatballs,115.00,CT,4.00,CT,28.75,1.65,lb,=,,Inactive,=,20.00,CT,No,COGS - Meat,Inventory - Meat,"Cream, Heavy",1.25,Cup,100.0,,1.3185,0.0459,63.8695,2.2216,,0.00,,,0.00,,0.00,
BATCH Lamb Kebab Meatballs,115.00,CT,4.00,CT,28.75,1.65,lb,=,,Inactive,=,20.00,CT,No,COGS - Meat,Inventory - Meat,"Lamb, Rasa Marinated",10.00,lb,100.0,,61.5000,2.1391,63.8695,2.2216,,0.00,,,0.00,,0.00,
BATCH Lamb Kebab Meatballs Cooked,246.00,Gram,123.00,Gram,2.00,246.00,Gram,=,,Inactive,=,8.00,Each,No,COGS - Meat,Inventory - Meat,BATCH Lamb Kebab Meatballs,302.00,Gram,100.0,,4.4883,2.2442,4.4883,2.2442,,0.00,,,0.00,,0.00,
BATCH Lamb Marinated,11.02,lb,11.02,lb,1.00,1.00,lb,=,,Inactive,=,,Inactive,No,COGS - Meat,Inventory - Meat,"ZZZ Lamb, Ground",10.00,lb,100.0,,73.8000,73.8000,80.4927,80.4927,,0.00,,,0.00,,0.00,
BATCH Lamb Marinated,11.02,lb,11.02,lb,1.00,1.00,lb,=,,Inactive,=,,Inactive,No,COGS - Meat,Inventory - Meat,NEST Spice Bag Lamb,1.00,Portion,100.0,,1.7531,1.7531,80.4927,80.4927,,0.00,,,0.00,,0.00,
BATCH Lamb Marinated,11.02,lb,11.02,lb,1.00,1.00,lb,=,,Inactive,=,,Inactive,No,COGS - Meat,Inventory - Meat,YIELD Garlic Chopped,1.00,Cup,100.0,,3.2776,3.2776,80.4927,80.4927,,0.00,,,0.00,,0.00,
BATCH Lamb Marinated,11.02,lb,11.02,lb,1.00,1.00,lb,=,,Inactive,=,,Inactive,No,COGS - Meat,Inventory - Meat,YIELD Ginger Chopped,1.00,Cup,100.0,,0.6623,0.6623,80.4927,80.4927,,0.00,,,0.00,,0.00,
BATCH Lamb Marinated,11.02,lb,11.02,lb,1.00,1.00,lb,=,,Inactive,=,,Inactive,No,COGS - Meat,Inventory - Meat,YIELD Cilantro Chopped,0.50,Cup,100.0,,0.2449,0.2449,80.4927,80.4927,,0.00,,,0.00,,0.00,
BATCH Lamb Marinated,11.02,lb,11.02,lb,1.00,1.00,lb,=,,Inactive,=,,Inactive,No,COGS - Meat,Inventory - Meat,YIELD Cilantro Chopped,2.00,Tablespoon,100.0,,0.0612,0.0612,80.4927,80.4927,,0.00,,,0.00,,0.00,
BATCH Lamb Marinated,11.02,lb,11.02,lb,1.00,1.00,lb,=,,Inactive,=,,Inactive,No,COGS - Meat,Inventory - Meat,YIELD Peppers Jalapeno Chopped,1.00,Cup,100.0,,0.6936,0.6936,80.4927,80.4927,,0.00,,,0.00,,0.00,
BATCH Lemon Turmeric Rice,23.20,lb,23.20,lb,1.00,4.90,OZ-wt,=,1.00,Cup,=,,Inactive,No,COGS - Prepped Food,Inventory - Prepped Food,EVERMADE Lemon Formula,1.00,Cup,100.0,,1.5844,1.5844,11.3558,11.3558,,0.00,,,0.00,,0.00,
BATCH Lemon Turmeric Rice,23.20,lb,23.20,lb,1.00,4.90,OZ-wt,=,1.00,Cup,=,,Inactive,No,COGS - Prepped Food,Inventory - Prepped Food,"Juice, Lemon",2.00,Tablespoon,100.0,,0.1663,0.1663,11.3558,11.3558,,0.00,,,0.00,,0.00,
BATCH Lemon Turmeric Rice,23.20,lb,23.20,lb,1.00,4.90,OZ-wt,=,1.00,Cup,=,,Inactive,No,COGS - Prepped Food,Inventory - Prepped Food,Salt,1.50,Tablespoon,100.0,,0.0777,0.0777,11.3558,11.3558,,0.00,,,0.00,,0.00,
BATCH Lemon Turmeric Rice,23.20,lb,23.20,lb,1.00,4.90,OZ-wt,=,1.00,Cup,=,,Inactive,No,COGS - Prepped Food,Inventory - Prepped Food,Salt,3.00,Tablespoon,100.0,,0.1555,0.1555,11.3558,11.3558,,0.00,,,0.00,,0.00,
BATCH Lemon Turmeric Rice,23.20,lb,23.20,lb,1.00,4.90,OZ-wt,=,1.00,Cup,=,,Inactive,No,COGS - Prepped Food,Inventory - Prepped Food,"Juice, Lemon",1.50,Cup,100.0,,1.9957,1.9957,11.3558,11.3558,,0.00,,,0.00,,0.00,
BATCH Lemon Turmeric Rice,23.20,lb,23.20,lb,1.00,4.90,OZ-wt,=,1.00,Cup,=,,Inactive,No,COGS - Prepped Food,Inventory - Prepped Food,"Spice, Bay Leaf",2.00,Each,100.0,,0.0849,0.0849,11.3558,11.3558,,0.00,,,0.00,,0.00,
BATCH Lemon Turmeric Rice,23.20,lb,23.20,lb,1.00,4.90,OZ-wt,=,1.00,Cup,=,,Inactive,No,COGS - Prepped Food,Inventory - Prepped Food,"Rice, Sela Basmati",3.00,Quart,100.0,,6.3811,6.3811,11.3558,11.3558,,0.00,,,0.00,,0.00,
BATCH Lemon Turmeric Rice,23.20,lb,23.20,lb,1.00,4.90,OZ-wt,=,1.00,Cup,=,,Inactive,No,COGS - Prepped Food,Inventory - Prepped Food,"Spice, Cinnamon Stick",2.00,Each,100.0,,0.0899,0.0899,11.3558,11.3558,,0.00,,,0.00,,0.00,
BATCH Lemon Turmeric Rice,23.20,lb,23.20,lb,1.00,4.90,OZ-wt,=,1.00,Cup,=,,Inactive,No,COGS - Prepped Food,Inventory - Prepped Food,"Spice, Cumin Seeds",0.25,Cup,100.0,,0.2881,0.2881,11.3558,11.3558,,0.00,,,0.00,,0.00,
BATCH Lemon Turmeric Rice,23.20,lb,23.20,lb,1.00,4.90,OZ-wt,=,1.00,Cup,=,,Inactive,No,COGS - Prepped Food,Inventory - Prepped Food,"Oil, Sunflower",0.75,Cup,100.0,,0.5322,0.5322,11.3558,11.3558,,0.00,,,0.00,,0.00,
BATCH Lentil Chips,1.00,Each,1.00,Each,1.00,0.08,lb,=,,Inactive,=,10.00,Each,No,COGS - Prepped Food,Inventory - Prepped Food,Papad Lentil Chips,0.50,Each,100.0,,0.0416,0.0416,0.0416,0.0416,,,,,,,,
BATCH Mango Coconut Yogurt,22.00,Quart,22.00,Quart,1.00,0.55,lb,=,1.00,Cup,=,,Inactive,No,COGS - Prepped Food,Inventory - Prepped Food,Salt,0.50,Cup,100.0,,0.4146,0.4146,74.6617,74.6617,,0.00,,,0.00,,0.00,
BATCH Mango Coconut Yogurt,22.00,Quart,22.00,Quart,1.00,0.55,lb,=,1.00,Cup,=,,Inactive,No,COGS - Prepped Food,Inventory - Prepped Food,YIELD Garlic Chopped,2.00,Cup,100.0,,6.5552,6.5552,74.6617,74.6617,,0.00,,,0.00,,0.00,
BATCH Mango Coconut Yogurt,22.00,Quart,22.00,Quart,1.00,0.55,lb,=,1.00,Cup,=,,Inactive,No,COGS - Prepped Food,Inventory - Prepped Food,"Herb, Curry Leaves",4.00,OZ-fl,100.0,,0.5419,0.5419,74.6617,74.6617,,0.00,,,0.00,,0.00,
BATCH Mango Coconut Yogurt,22.00,Quart,22.00,Quart,1.00,0.55,lb,=,1.00,Cup,=,,Inactive,No,COGS - Prepped Food,Inventory - Prepped Food,"Herb, Curry Leaves",16.00,OZ-fl,100.0,,2.1675,2.1675,74.6617,74.6617,,0.00,,,0.00,,0.00,
BATCH Mango Coconut Yogurt,22.00,Quart,22.00,Quart,1.00,0.55,lb,=,1.00,Cup,=,,Inactive,No,COGS - Prepped Food,Inventory - Prepped Food,"Pulp, Mango",3.00,Can-850g,100.0,,8.9950,8.9950,74.6617,74.6617,,0.00,,,0.00,,0.00,
BATCH Mango Coconut Yogurt,22.00,Quart,22.00,Quart,1.00,0.55,lb,=,1.00,Cup,=,,Inactive,No,COGS - Prepped Food,Inventory - Prepped Food,YIELD Shallots Sliced,2.00,Cup,100.0,,2.6915,2.6915,74.6617,74.6617,,0.00,,,0.00,,0.00,
BATCH Mango Coconut Yogurt,22.00,Quart,22.00,Quart,1.00,0.55,lb,=,1.00,Cup,=,,Inactive,No,COGS - Prepped Food,Inventory - Prepped Food,YIELD Peppers Jalapeno Chopped,2.00,Cup,100.0,,1.3873,1.3873,74.6617,74.6617,,0.00,,,0.00,,0.00,
BATCH Mango Coconut Yogurt,22.00,Quart,22.00,Quart,1.00,0.55,lb,=,1.00,Cup,=,,Inactive,No,COGS - Prepped Food,Inventory - Prepped Food,"Spice, Cumin Seeds",2.00,OZ-fl,100.0,,0.2881,0.2881,74.6617,74.6617,,0.00,,,0.00,,0.00,
BATCH Mango Coconut Yogurt,22.00,Quart,22.00,Quart,1.00,0.55,lb,=,1.00,Cup,=,,Inactive,No,COGS - Prepped Food,Inventory - Prepped Food,"Coconut, Shredded",5.00,lb,100.0,,12.4984,12.4984,74.6617,74.6617,,0.00,,,0.00,,0.00,
BATCH Mango Coconut Yogurt,22.00,Quart,22.00,Quart,1.00,0.55,lb,=,1.00,Cup,=,,Inactive,No,COGS - Prepped Food,Inventory - Prepped Food,"Spice, Mustard Seed",2.00,OZ-fl,100.0,,0.2248,0.2248,74.6617,74.6617,,0.00,,,0.00,,0.00,
BATCH Mango Coconut Yogurt,22.00,Quart,22.00,Quart,1.00,0.55,lb,=,1.00,Cup,=,,Inactive,No,COGS - Prepped Food,Inventory - Prepped Food,"Spice, Red Chili Whole",5.00,Each,100.0,,0.0274,0.0274,74.6617,74.6617,,0.00,,,0.00,,0.00,
BATCH Mango Coconut Yogurt,22.00,Quart,22.00,Quart,1.00,0.55,lb,=,1.00,Cup,=,,Inactive,No,COGS - Prepped Food,Inventory - Prepped Food,"Spice, Turmeric Powder",1.00,Tablespoon,100.0,,0.0515,0.0515,74.6617,74.6617,,0.00,,,0.00,,0.00,
BATCH Mango Coconut Yogurt,22.00,Quart,22.00,Quart,1.00,0.55,lb,=,1.00,Cup,=,,Inactive,No,COGS - Prepped Food,Inventory - Prepped Food,"Oil, Sunflower",8.00,OZ-fl,100.0,,0.7096,0.7096,74.6617,74.6617,,0.00,,,0.00,,0.00,
BATCH Mango Coconut Yogurt,22.00,Quart,22.00,Quart,1.00,0.55,lb,=,1.00,Cup,=,,Inactive,No,COGS - Prepped Food,Inventory - Prepped Food,YIELD Ginger Chopped,2.00,Cup,100.0,,1.3247,1.3247,74.6617,74.6617,,0.00,,,0.00,,0.00,
BATCH Mango Coconut Yogurt,22.00,Quart,22.00,Quart,1.00,0.55,lb,=,1.00,Cup,=,,Inactive,No,COGS - Prepped Food,Inventory - Prepped Food,Yogurt,12.00,Quart,100.0,,36.7842,36.7842,74.6617,74.6617,,0.00,,,0.00,,0.00,
BATCH Mango Lassi,18.00,Quart,16.00,OZ-fl,36.00,,Inactive,=,1.00,Quart,=,,Inactive,No,COGS - N/A Beverage,Inventory - NA Beverage,Sugar,1.50,Quart,100.0,,2.6264,0.0730,48.2045,1.3390,,0.00,,,0.00,,0.00,
BATCH Mango Lassi,18.00,Quart,16.00,OZ-fl,36.00,,Inactive,=,1.00,Quart,=,,Inactive,No,COGS - N/A Beverage,Inventory - NA Beverage,"Pulp, Mango",6.00,Can-850g,100.0,,17.9900,0.4997,48.2045,1.3390,,0.00,,,0.00,,0.00,
BATCH Mango Lassi,18.00,Quart,16.00,OZ-fl,36.00,,Inactive,=,1.00,Quart,=,,Inactive,No,COGS - N/A Beverage,Inventory - NA Beverage,Yogurt,9.00,Quart,100.0,,27.5881,0.7663,48.2045,1.3390,,0.00,,,0.00,,0.00,
BATCH Mango Lassi Soft Serve,1.25,Gal,5.00,OZ-fl,32.00,,Inactive,=,1.00,Quart,=,,Inactive,No,COGS - Prepped Food,Inventory - Prepped Food,"Pulp, Mango","1,000.00",Gram,100.0,,3.5270,0.1102,26.6197,0.8319,,,,,,,,
BATCH Mango Lassi Soft Serve,1.25,Gal,5.00,OZ-fl,32.00,,Inactive,=,1.00,Quart,=,,Inactive,No,COGS - Prepped Food,Inventory - Prepped Food,"Mix, Soft Serve SSI77",3.74,lb,100.0,,19.7681,0.6178,26.6197,0.8319,,,,,,,,
BATCH Mango Lassi Soft Serve,1.25,Gal,5.00,OZ-fl,32.00,,Inactive,=,1.00,Quart,=,,Inactive,No,COGS - Prepped Food,Inventory - Prepped Food,"Compound, Mango",100.00,Gram,100.0,,3.3246,0.1039,26.6197,0.8319,,,,,,,,
BATCH Mango Salsa,"2,637.20",Gram,0.50,OZ-wt,186.03,2.80,OZ-wt,=,0.50,Cup,=,,Inactive,No,COGS - Prepped Food,Inventory - Prepped Food,YIELD Onion Red Chopped,0.50,Cup,100.0,,0.2627,0.0014,61.2188,0.3292,,0.00,,,0.00,,0.00,
BATCH Mango Salsa,"2,637.20",Gram,0.50,OZ-wt,186.03,2.80,OZ-wt,=,0.50,Cup,=,,Inactive,No,COGS - Prepped Food,Inventory - Prepped Food,"Mangos, Chopped",5.00,lb,100.0,,59.9500,0.3223,61.2188,0.3292,,0.00,,,0.00,,0.00,
BATCH Mango Salsa,"2,637.20",Gram,0.50,OZ-wt,186.03,2.80,OZ-wt,=,0.50,Cup,=,,Inactive,No,COGS - Prepped Food,Inventory - Prepped Food,"Oil, Olive",3.00,Tablespoon,100.0,,0.7753,0.0042,61.2188,0.3292,,0.00,,,0.00,,0.00,
BATCH Mango Salsa,"2,637.20",Gram,0.50,OZ-wt,186.03,2.80,OZ-wt,=,0.50,Cup,=,,Inactive,No,COGS - Prepped Food,Inventory - Prepped Food,"Spice, Pepper Red Flake/Crushed",0.50,Tablespoon,100.0,,0.0281,0.0002,61.2188,0.3292,,0.00,,,0.00,,0.00,
BATCH Mango Salsa,"2,637.20",Gram,0.50,OZ-wt,186.03,2.80,OZ-wt,=,0.50,Cup,=,,Inactive,No,COGS - Prepped Food,Inventory - Prepped Food,"Juice, Lemon",1.00,Tablespoon,100.0,,0.0832,0.0004,61.2188,0.3292,,0.00,,,0.00,,0.00,
BATCH Mango Salsa,"2,637.20",Gram,0.50,OZ-wt,186.03,2.80,OZ-wt,=,0.50,Cup,=,,Inactive,No,COGS - Prepped Food,Inventory - Prepped Food,"Herb, Curry Leaves",1.00,Tablespoon,100.0,,0.0677,0.0004,61.2188,0.3292,,0.00,,,0.00,,0.00,
BATCH Mango Salsa,"2,637.20",Gram,0.50,OZ-wt,186.03,2.80,OZ-wt,=,0.50,Cup,=,,Inactive,No,COGS - Prepped Food,Inventory - Prepped Food,Salt,1.00,Tablespoon,100.0,,0.0518,0.0003,61.2188,0.3292,,0.00,,,0.00,,0.00,
BATCH Masala Beets,19.04,lb,1.00,OZ-wt,304.64,15.30,OZ-wt,=,1.00,Cup,=,,Inactive,No,COGS - Prepped Food,Inventory - Prepped Food,"Beets, Chopped",15.00,lb,100.0,,53.5500,0.1758,58.9193,0.1934,,0.00,,,0.00,,0.00,
BATCH Masala Beets,19.04,lb,1.00,OZ-wt,304.64,15.30,OZ-wt,=,1.00,Cup,=,,Inactive,No,COGS - Prepped Food,Inventory - Prepped Food,BATCH Kokum Vinaigrette,8.25,Cup,100.0,,5.3693,0.0176,58.9193,0.1934,,0.00,,,0.00,,0.00,
BATCH Masala Chai Cookies,120.00,Each,2.00,Each,60.00,,Inactive,=,,Inactive,=,1.00,Each,No,COGS - Prepped Food,Inventory - Prepped Food,"Butter, Unsalted",1.00,lb,100.0,,2.8500,0.0475,17.7829,0.2963,,,,,,,,
BATCH Masala Chai Cookies,120.00,Each,2.00,Each,60.00,,Inactive,=,,Inactive,=,1.00,Each,No,COGS - Prepped Food,Inventory - Prepped Food,"Flour, All Purpose",6.00,Cup,100.0,,0.7747,0.0129,17.7829,0.2963,,,,,,,,
BATCH Masala Chai Cookies,120.00,Each,2.00,Each,60.00,,Inactive,=,,Inactive,=,1.00,Each,No,COGS - Prepped Food,Inventory - Prepped Food,"Flour, All Purpose",0.67,Cup,100.0,,0.0865,0.0014,17.7829,0.2963,,,,,,,,
BATCH Masala Chai Cookies,120.00,Each,2.00,Each,60.00,,Inactive,=,,Inactive,=,1.00,Each,No,COGS - Prepped Food,Inventory - Prepped Food,NEST Spice Bag Cookies,1.00,Each,100.0,,0.6474,0.0108,17.7829,0.2963,,,,,,,,
BATCH Masala Chai Cookies,120.00,Each,2.00,Each,60.00,,Inactive,=,,Inactive,=,1.00,Each,No,COGS - Prepped Food,Inventory - Prepped Food,"Sugar, Brown",3.00,Cup,100.0,,1.5964,0.0266,17.7829,0.2963,,,,,,,,
BATCH Masala Chai Cookies,120.00,Each,2.00,Each,60.00,,Inactive,=,,Inactive,=,1.00,Each,No,COGS - Prepped Food,Inventory - Prepped Food,Sugar,1.00,Cup,100.0,,0.4377,0.0073,17.7829,0.2963,,,,,,,,
BATCH Masala Chai Cookies,120.00,Each,2.00,Each,60.00,,Inactive,=,,Inactive,=,1.00,Each,No,COGS - Prepped Food,Inventory - Prepped Food,Eggs,4.00,Each,100.0,,0.3200,0.0053,17.7829,0.2963,,,,,,,,
BATCH Masala Chai Cookies,120.00,Each,2.00,Each,60.00,,Inactive,=,,Inactive,=,1.00,Each,No,COGS - Prepped Food,Inventory - Prepped Food,"Extract, Vanilla",4.00,Teaspoon,100.0,,1.0000,0.0167,17.7829,0.2963,,,,,,,,
BATCH Masala Chai Cookies,120.00,Each,2.00,Each,60.00,,Inactive,=,,Inactive,=,1.00,Each,No,COGS - Prepped Food,Inventory - Prepped Food,Chocolate Chips,3.00,Cup,100.0,,10.0702,0.1678,17.7829,0.2963,,,,,,,,
BATCH Masala Chai Soft Serve,1.25,Gal,5.00,OZ-fl,32.00,,Inactive,=,1.00,Quart,=,,Inactive,No,COGS - Prepped Food,Inventory - Prepped Food,NEST Cloves Ground,1.00,Gram,100.0,,0.0165,0.0005,41.1528,1.2860,,,,,,,,
BATCH Masala Chai Soft Serve,1.25,Gal,5.00,OZ-fl,32.00,,Inactive,=,1.00,Quart,=,,Inactive,No,COGS - Prepped Food,Inventory - Prepped Food,NEST Cinnamon Ground,1.00,Gram,100.0,,0.0158,0.0005,41.1528,1.2860,,,,,,,,
BATCH Masala Chai Soft Serve,1.25,Gal,5.00,OZ-fl,32.00,,Inactive,=,1.00,Quart,=,,Inactive,No,COGS - Prepped Food,Inventory - Prepped Food,NEST Cardamom Ground,6.00,Gram,100.0,,0.3410,0.0107,41.1528,1.2860,,,,,,,,
BATCH Masala Chai Soft Serve,1.25,Gal,5.00,OZ-fl,32.00,,Inactive,=,1.00,Quart,=,,Inactive,No,COGS - Prepped Food,Inventory - Prepped Food,"Compound, Chai",120.00,Gram,100.0,,6.2693,0.1959,41.1528,1.2860,,,,,,,,
BATCH Masala Chai Soft Serve,1.25,Gal,5.00,OZ-fl,32.00,,Inactive,=,1.00,Quart,=,,Inactive,No,COGS - Prepped Food,Inventory - Prepped Food,"Milk, Oat",131.30,OZ-fl,100.0,,14.6892,0.4590,41.1528,1.2860,,,,,,,,
BATCH Masala Chai Soft Serve,1.25,Gal,5.00,OZ-fl,32.00,,Inactive,=,1.00,Quart,=,,Inactive,No,COGS - Prepped Food,Inventory - Prepped Food,"Mix, Soft Serve SSI78",3.31,lb,100.0,,19.8210,0.6194,41.1528,1.2860,,,,,,,,
BATCH Masala Gin + Tonic,1.00,Keg-1/6,4.00,OZ-fl,169.07,,Inactive,=,1.00,Keg-1/6,=,,Inactive,No,COGS - Liquor,Inventory - Liquor,"Gin, Beefeater",7.00,Liter,100.0,,143.9600,0.8515,298.9600,1.7683,,0.00,,,0.00,,0.00,
BATCH Masala Gin + Tonic,1.00,Keg-1/6,4.00,OZ-fl,169.07,,Inactive,=,1.00,Keg-1/6,=,,Inactive,No,COGS - Liquor,Inventory - Liquor,"Mix, Gin and Tonic",1.00,Keg-1/6,100.0,,155.0000,0.9168,298.9600,1.7683,,0.00,,,0.00,,0.00,
BATCH Masala Quinoa,13.26,lb,8.00,OZ-wt,26.52,1.00,lb,=,,Inactive,=,,Inactive,No,COGS - Prepped Food,Inventory - Prepped Food,EVERMADE Formula 44,3.00,Tablespoon,100.0,,0.3678,0.0139,8.4477,0.3186,,0.00,,,0.00,,0.00,
BATCH Masala Quinoa,13.26,lb,8.00,OZ-wt,26.52,1.00,lb,=,,Inactive,=,,Inactive,No,COGS - Prepped Food,Inventory - Prepped Food,YIELD Onion Red Chopped,5.50,OZ-wt,100.0,,0.5558,0.0210,8.4477,0.3186,,0.00,,,0.00,,0.00,
BATCH Masala Quinoa,13.26,lb,8.00,OZ-wt,26.52,1.00,lb,=,,Inactive,=,,Inactive,No,COGS - Prepped Food,Inventory - Prepped Food,"Herb, Curry Leaves",2.00,Tablespoon,100.0,,0.1355,0.0051,8.4477,0.3186,,0.00,,,0.00,,0.00,
BATCH Masala Quinoa,13.26,lb,8.00,OZ-wt,26.52,1.00,lb,=,,Inactive,=,,Inactive,No,COGS - Prepped Food,Inventory - Prepped Food,YIELD Ginger Chopped,2.00,Teaspoon,100.0,,0.0276,0.0010,8.4477,0.3186,,0.00,,,0.00,,0.00,
BATCH Masala Quinoa,13.26,lb,8.00,OZ-wt,26.52,1.00,lb,=,,Inactive,=,,Inactive,No,COGS - Prepped Food,Inventory - Prepped Food,"Oil, Sunflower",0.25,Cup,100.0,,0.1774,0.0067,8.4477,0.3186,,0.00,,,0.00,,0.00,
BATCH Masala Quinoa,13.26,lb,8.00,OZ-wt,26.52,1.00,lb,=,,Inactive,=,,Inactive,No,COGS - Prepped Food,Inventory - Prepped Food,Quinoa,2.00,Quart,100.0,,7.0800,0.2670,8.4477,0.3186,,0.00,,,0.00,,0.00,
BATCH Masala Quinoa,13.26,lb,8.00,OZ-wt,26.52,1.00,lb,=,,Inactive,=,,Inactive,No,COGS - Prepped Food,Inventory - Prepped Food,Salt,2.00,Tablespoon,100.0,,0.1036,0.0039,8.4477,0.3186,,0.00,,,0.00,,0.00,
BATCH Masala Yogurt,4.91,lb,0.95,OZ-wt,82.69,1.00,lb,=,,Inactive,=,,Inactive,No,COGS - Dairy,Inventory - Prepped Food,"Spice, Chaat Masala",2.00,Tablespoon,100.0,,0.3855,0.0047,12.7549,0.1543,,,,,,,,
BATCH Masala Yogurt,4.91,lb,0.95,OZ-wt,82.69,1.00,lb,=,,Inactive,=,,Inactive,No,COGS - Dairy,Inventory - Prepped Food,NEST Cumin Seeds Toasted,1.50,Tablespoon,100.0,,0.1080,0.0013,12.7549,0.1543,,,,,,,,
BATCH Masala Yogurt,4.91,lb,0.95,OZ-wt,82.69,1.00,lb,=,,Inactive,=,,Inactive,No,COGS - Dairy,Inventory - Prepped Food,Yogurt,4.00,Quart,100.0,,12.2614,0.1483,12.7549,0.1543,,,,,,,,
BATCH Mint Cardamom Limeade,19.00,Quart,16.00,OZ-fl,38.00,,Inactive,=,1.00,Quart,=,,Inactive,No,COGS - N/A Beverage,Inventory - NA Beverage,BATCH Mint Cardamom Syrup,3.00,Quart,100.0,,6.6872,0.1760,16.1585,0.4252,,0.00,,,0.00,,0.00,
BATCH Mint Cardamom Limeade,19.00,Quart,16.00,OZ-fl,38.00,,Inactive,=,1.00,Quart,=,,Inactive,No,COGS - N/A Beverage,Inventory - NA Beverage,"Juice, Lime",2.00,Quart,100.0,,9.4713,0.2492,16.1585,0.4252,,0.00,,,0.00,,0.00,
BATCH Mint Cardamom Syrup,16.00,Quart,16.00,Quart,1.00,,Inactive,=,1.00,Quart,=,,Inactive,No,COGS - N/A Beverage,Inventory - NA Beverage,Sugar,12.00,Quart,100.0,,21.0115,21.0115,35.6648,35.6648,,0.00,,,0.00,,0.00,
BATCH Mint Cardamom Syrup,16.00,Quart,16.00,Quart,1.00,,Inactive,=,1.00,Quart,=,,Inactive,No,COGS - N/A Beverage,Inventory - NA Beverage,"Spice, Cardamom Green",2.00,Cup,100.0,,12.2450,12.2450,35.6648,35.6648,,0.00,,,0.00,,0.00,
BATCH Mint Cardamom Syrup,16.00,Quart,16.00,Quart,1.00,,Inactive,=,1.00,Quart,=,,Inactive,No,COGS - N/A Beverage,Inventory - NA Beverage,"Herb, Mint",1.00,Bunch,100.0,,2.4083,2.4083,35.6648,35.6648,,0.00,,,0.00,,0.00,
BATCH Mint Cilantro Chutney,20.00,Quart,1.00,OZ-fl,640.00,8.10,OZ-wt,=,1.00,Cup,=,,Inactive,No,COGS - Prepped Food,Inventory - Prepped Food,"Herb, Cilantro",18.00,lb,100.0,,74.6808,0.1167,118.6429,0.1854,,0.00,,,0.00,,0.00,
BATCH Mint Cilantro Chutney,20.00,Quart,1.00,OZ-fl,640.00,8.10,OZ-wt,=,1.00,Cup,=,,Inactive,No,COGS - Prepped Food,Inventory - Prepped Food,YIELD Ginger Chopped,1.00,Cup,100.0,,0.6623,0.0010,118.6429,0.1854,,0.00,,,0.00,,0.00,
BATCH Mint Cilantro Chutney,20.00,Quart,1.00,OZ-fl,640.00,8.10,OZ-wt,=,1.00,Cup,=,,Inactive,No,COGS - Prepped Food,Inventory - Prepped Food,YIELD Peppers Jalapeno Chopped,1.00,Cup,100.0,,0.6936,0.0011,118.6429,0.1854,,0.00,,,0.00,,0.00,
BATCH Mint Cilantro Chutney,20.00,Quart,1.00,OZ-fl,640.00,8.10,OZ-wt,=,1.00,Cup,=,,Inactive,No,COGS - Prepped Food,Inventory - Prepped Food,Yogurt,3.00,Cup,100.0,,2.2990,0.0036,118.6429,0.1854,,0.00,,,0.00,,0.00,
BATCH Mint Cilantro Chutney,20.00,Quart,1.00,OZ-fl,640.00,8.10,OZ-wt,=,1.00,Cup,=,,Inactive,No,COGS - Prepped Food,Inventory - Prepped Food,"Herb, Mint",4.00,Bunch,100.0,,9.6333,0.0151,118.6429,0.1854,,0.00,,,0.00,,0.00,
BATCH Mint Cilantro Chutney,20.00,Quart,1.00,OZ-fl,640.00,8.10,OZ-wt,=,1.00,Cup,=,,Inactive,No,COGS - Prepped Food,Inventory - Prepped Food,Salt,1.00,Cup,100.0,,0.8292,0.0013,118.6429,0.1854,,0.00,,,0.00,,0.00,
BATCH Mint Cilantro Chutney,20.00,Quart,1.00,OZ-fl,640.00,8.10,OZ-wt,=,1.00,Cup,=,,Inactive,No,COGS - Prepped Food,Inventory - Prepped Food,Yogurt,8.00,Quart,100.0,,24.5228,0.0383,118.6429,0.1854,,0.00,,,0.00,,0.00,
BATCH Mint Cilantro Chutney,20.00,Quart,1.00,OZ-fl,640.00,8.10,OZ-wt,=,1.00,Cup,=,,Inactive,No,COGS - Prepped Food,Inventory - Prepped Food,"Juice, Lemon",4.00,Cup,100.0,,5.3219,0.0083,118.6429,0.1854,,0.00,,,0.00,,0.00,
BATCH Mumbai Mule,1.00,Keg-1/6,4.00,OZ-fl,169.07,,Inactive,=,1.00,Keg-1/6,=,,Inactive,No,COGS - Liquor,Inventory - Liquor,"Mix, Mumbai Mule",1.00,Keg-1/6,100.0,,155.0000,0.9168,209.2666,1.2378,,0.00,,,0.00,,0.00,
BATCH Mumbai Mule,1.00,Keg-1/6,4.00,OZ-fl,169.07,,Inactive,=,1.00,Keg-1/6,=,,Inactive,No,COGS - Liquor,Inventory - Liquor,"Rum, Cruzan",5.00,Liter,100.0,,54.2666,0.3210,209.2666,1.2378,,0.00,,,0.00,,0.00,
BATCH Peanut Sesame Sauce,40.00,Quart,4.00,OZ-fl,320.00,8.50,OZ-wt,=,1.00,Cup,=,,Inactive,No,COGS - Prepped Food,Inventory - Prepped Food,"Spice, Red Chili Whole",12.00,Each,100.0,,0.0659,0.0002,77.3599,0.2417,,0.00,,,0.00,,0.00,
BATCH Peanut Sesame Sauce,40.00,Quart,4.00,OZ-fl,320.00,8.50,OZ-wt,=,1.00,Cup,=,,Inactive,No,COGS - Prepped Food,Inventory - Prepped Food,"Spice, Mustard Seed",0.50,Cup,100.0,,0.4496,0.0014,77.3599,0.2417,,0.00,,,0.00,,0.00,
BATCH Peanut Sesame Sauce,40.00,Quart,4.00,OZ-fl,320.00,8.50,OZ-wt,=,1.00,Cup,=,,Inactive,No,COGS - Prepped Food,Inventory - Prepped Food,"Spice, Mustard Seed",1.00,Tablespoon,100.0,,0.0562,0.0002,77.3599,0.2417,,0.00,,,0.00,,0.00,
BATCH Peanut Sesame Sauce,40.00,Quart,4.00,OZ-fl,320.00,8.50,OZ-wt,=,1.00,Cup,=,,Inactive,No,COGS - Prepped Food,Inventory - Prepped Food,"Spice, Cumin Seeds",0.50,Cup,100.0,,0.5762,0.0018,77.3599,0.2417,,0.00,,,0.00,,0.00,
BATCH Peanut Sesame Sauce,40.00,Quart,4.00,OZ-fl,320.00,8.50,OZ-wt,=,1.00,Cup,=,,Inactive,No,COGS - Prepped Food,Inventory - Prepped Food,"Spice, Cumin Seeds",1.00,Tablespoon,100.0,,0.0720,0.0002,77.3599,0.2417,,0.00,,,0.00,,0.00,
BATCH Peanut Sesame Sauce,40.00,Quart,4.00,OZ-fl,320.00,8.50,OZ-wt,=,1.00,Cup,=,,Inactive,No,COGS - Prepped Food,Inventory - Prepped Food,NEST Spice Bag Peanut Sesame Sauce,1.00,Portion,100.0,,5.3889,0.0168,77.3599,0.2417,,0.00,,,0.00,,0.00,
BATCH Peanut Sesame Sauce,40.00,Quart,4.00,OZ-fl,320.00,8.50,OZ-wt,=,1.00,Cup,=,,Inactive,No,COGS - Prepped Food,Inventory - Prepped Food,"Spice, Asafoetida",0.25,Cup,100.0,,1.1440,0.0036,77.3599,0.2417,,0.00,,,0.00,,0.00,
BATCH Peanut Sesame Sauce,40.00,Quart,4.00,OZ-fl,320.00,8.50,OZ-wt,=,1.00,Cup,=,,Inactive,No,COGS - Prepped Food,Inventory - Prepped Food,"Nuts, Peanuts",6.00,Bag-2lb,100.0,,49.8000,0.1556,77.3599,0.2417,,0.00,,,0.00,,0.00,
BATCH Peanut Sesame Sauce,40.00,Quart,4.00,OZ-fl,320.00,8.50,OZ-wt,=,1.00,Cup,=,,Inactive,No,COGS - Prepped Food,Inventory - Prepped Food,NEST Tamarind Puree,2.50,Quart,100.0,,3.4375,0.0107,77.3599,0.2417,,0.00,,,0.00,,0.00,
BATCH Peanut Sesame Sauce,40.00,Quart,4.00,OZ-fl,320.00,8.50,OZ-wt,=,1.00,Cup,=,,Inactive,No,COGS - Prepped Food,Inventory - Prepped Food,Salt,1.50,Cup,100.0,,1.2438,0.0039,77.3599,0.2417,,0.00,,,0.00,,0.00,
BATCH Peanut Sesame Sauce,40.00,Quart,4.00,OZ-fl,320.00,8.50,OZ-wt,=,1.00,Cup,=,,Inactive,No,COGS - Prepped Food,Inventory - Prepped Food,"Herb, Curry Leaves",2.00,Cup,100.0,,2.1675,0.0068,77.3599,0.2417,,0.00,,,0.00,,0.00,
BATCH Peanut Sesame Sauce,40.00,Quart,4.00,OZ-fl,320.00,8.50,OZ-wt,=,1.00,Cup,=,,Inactive,No,COGS - Prepped Food,Inventory - Prepped Food,"Spice, Sesame Seed",2.00,Cup,100.0,,1.2995,0.0041,77.3599,0.2417,,0.00,,,0.00,,0.00,
BATCH Peanut Sesame Sauce,40.00,Quart,4.00,OZ-fl,320.00,8.50,OZ-wt,=,1.00,Cup,=,,Inactive,No,COGS - Prepped Food,Inventory - Prepped Food,"Spice, Jaggery Powder",3.00,Cup,100.0,,2.6245,0.0082,77.3599,0.2417,,0.00,,,0.00,,0.00,
BATCH Peanut Sesame Sauce,40.00,Quart,4.00,OZ-fl,320.00,8.50,OZ-wt,=,1.00,Cup,=,,Inactive,No,COGS - Prepped Food,Inventory - Prepped Food,"Spice, Onion Seed",0.50,Cup,100.0,,0.5185,0.0016,77.3599,0.2417,,0.00,,,0.00,,0.00,
BATCH Peanut Sesame Sauce,40.00,Quart,4.00,OZ-fl,320.00,8.50,OZ-wt,=,1.00,Cup,=,,Inactive,No,COGS - Prepped Food,Inventory - Prepped Food,"Oil, Sunflower",3.00,Quart,100.0,,8.5158,0.0266,77.3599,0.2417,,0.00,,,0.00,,0.00,
BATCH Pickled Onions,28.13,lb,1.00,OZ-fl,610.28,5.90,OZ-wt,=,1.00,Cup,=,,Inactive,No,COGS - Prepped Food,Inventory - Prepped Food,EVERMADE Sweet Tamarind,"1,150.00",Gram,100.0,,5.9352,0.0097,38.2160,0.0626,,0.00,0 D 0 H 0 M,,0.00,,0.00,
BATCH Pickled Onions,28.13,lb,1.00,OZ-fl,610.28,5.90,OZ-wt,=,1.00,Cup,=,,Inactive,No,COGS - Prepped Food,Inventory - Prepped Food,"Juice, Lime",1.00,Quart,100.0,,4.7356,0.0078,38.2160,0.0626,,0.00,0 D 0 H 0 M,,0.00,,0.00,
BATCH Pickled Onions,28.13,lb,1.00,OZ-fl,610.28,5.90,OZ-wt,=,1.00,Cup,=,,Inactive,No,COGS - Prepped Food,Inventory - Prepped Food,Salt,170.00,Gram,100.0,,0.5452,0.0009,38.2160,0.0626,,0.00,0 D 0 H 0 M,,0.00,,0.00,
BATCH Pickled Onions,28.13,lb,1.00,OZ-fl,610.28,5.90,OZ-wt,=,1.00,Cup,=,,Inactive,No,COGS - Prepped Food,Inventory - Prepped Food,YIELD Onion Red Sliced,22.40,lb,100.0,,27.0000,0.0442,38.2160,0.0626,,0.00,0 D 0 H 0 M,,0.00,,0.00,
BATCH Pickled Radish,80.90,lb,0.70,OZ-wt,"1,849.14",9.90,OZ-wt,=,1.00,Cup,=,,Inactive,No,COGS - Prepped Food,Inventory - Prepped Food,YIELD Radish Sliced,38.90,lb,100.0,,39.5000,0.0214,47.7556,0.0259,,0.00,,,0.00,,0.00,
BATCH Pickled Radish,80.90,lb,0.70,OZ-wt,"1,849.14",9.90,OZ-wt,=,1.00,Cup,=,,Inactive,No,COGS - Prepped Food,Inventory - Prepped Food,Vinegar Distilled White,2.00,Gal,100.0,,6.3800,0.0035,47.7556,0.0259,,0.00,,,0.00,,0.00,
BATCH Pickled Radish,80.90,lb,0.70,OZ-wt,"1,849.14",9.90,OZ-wt,=,1.00,Cup,=,,Inactive,No,COGS - Prepped Food,Inventory - Prepped Food,Salt,2.00,Cup,100.0,,1.6584,0.0009,47.7556,0.0259,,0.00,,,0.00,,0.00,
BATCH Pickled Radish,80.90,lb,0.70,OZ-wt,"1,849.14",9.90,OZ-wt,=,1.00,Cup,=,,Inactive,No,COGS - Prepped Food,Inventory - Prepped Food,"Spice, Cinnamon Stick",2.00,Each,100.0,,0.0899,0.0000,47.7556,0.0259,,0.00,,,0.00,,0.00,
BATCH Pickled Radish,80.90,lb,0.70,OZ-wt,"1,849.14",9.90,OZ-wt,=,1.00,Cup,=,,Inactive,No,COGS - Prepped Food,Inventory - Prepped Food,"Spice, Bay Leaf",3.00,Each,100.0,,0.1273,0.0001,47.7556,0.0259,,0.00,,,0.00,,0.00,
BATCH Pumpkin Chai Soft Serve,1.25,Gal,5.00,OZ-fl,32.00,,Inactive,=,1.00,Quart,=,,Inactive,No,COGS - Prepped Food,Inventory - Prepped Food,NEST Telicherry Peppercorn Ground,2.00,Gram,100.0,,0.0176,0.0005,41.8606,1.3081,,,,,,,,
BATCH Pumpkin Chai Soft Serve,1.25,Gal,5.00,OZ-fl,32.00,,Inactive,=,1.00,Quart,=,,Inactive,No,COGS - Prepped Food,Inventory - Prepped Food,"Compound, Pumpkin Spice",20.00,Gram,100.0,,0.6653,0.0208,41.8606,1.3081,,,,,,,,
BATCH Pumpkin Chai Soft Serve,1.25,Gal,5.00,OZ-fl,32.00,,Inactive,=,1.00,Quart,=,,Inactive,No,COGS - Prepped Food,Inventory - Prepped Food,"Puree, Pumpkin",300.00,Gram,100.0,,1.0698,0.0334,41.8606,1.3081,,,,,,,,
BATCH Pumpkin Chai Soft Serve,1.25,Gal,5.00,OZ-fl,32.00,,Inactive,=,1.00,Quart,=,,Inactive,No,COGS - Prepped Food,Inventory - Prepped Food,NEST Cloves Ground,1.00,Gram,100.0,,0.0165,0.0005,41.8606,1.3081,,,,,,,,
BATCH Pumpkin Chai Soft Serve,1.25,Gal,5.00,OZ-fl,32.00,,Inactive,=,1.00,Quart,=,,Inactive,No,COGS - Prepped Food,Inventory - Prepped Food,NEST Cinnamon Ground,1.00,Gram,100.0,,0.0158,0.0005,41.8606,1.3081,,,,,,,,
BATCH Pumpkin Chai Soft Serve,1.25,Gal,5.00,OZ-fl,32.00,,Inactive,=,1.00,Quart,=,,Inactive,No,COGS - Prepped Food,Inventory - Prepped Food,NEST Cardamom Ground,6.00,Gram,100.0,,0.3410,0.0107,41.8606,1.3081,,,,,,,,
BATCH Pumpkin Chai Soft Serve,1.25,Gal,5.00,OZ-fl,32.00,,Inactive,=,1.00,Quart,=,,Inactive,No,COGS - Prepped Food,Inventory - Prepped Food,"Compound, Chai",100.00,Gram,100.0,,5.2244,0.1633,41.8606,1.3081,,,,,,,,
BATCH Pumpkin Chai Soft Serve,1.25,Gal,5.00,OZ-fl,32.00,,Inactive,=,1.00,Quart,=,,Inactive,No,COGS - Prepped Food,Inventory - Prepped Food,"Milk, Oat",131.30,OZ-fl,100.0,,14.6892,0.4590,41.8606,1.3081,,,,,,,,
BATCH Pumpkin Chai Soft Serve,1.25,Gal,5.00,OZ-fl,32.00,,Inactive,=,1.00,Quart,=,,Inactive,No,COGS - Prepped Food,Inventory - Prepped Food,"Mix, Soft Serve SSI78",3.31,lb,100.0,,19.8210,0.6194,41.8606,1.3081,,,,,,,,
BATCH Raita Beet,165.00,OZ-fl,5.00,OZ-fl,33.00,,Inactive,=,1.00,Cont-5oz-fl,=,,Inactive,No,COGS - Dairy,Inventory - Dairy,Yogurt,4.00,Quart,100.0,,12.2614,0.3716,12.3852,0.3754,,0.00,,,0.00,,0.00,
BATCH Raita Beet,165.00,OZ-fl,5.00,OZ-fl,33.00,,Inactive,=,1.00,Cont-5oz-fl,=,,Inactive,No,COGS - Dairy,Inventory - Dairy,NEST Cumin Seeds Toasted,1.00,Tablespoon,100.0,,0.0720,0.0022,12.3852,0.3754,,0.00,,,0.00,,0.00,
BATCH Raita Beet,165.00,OZ-fl,5.00,OZ-fl,33.00,,Inactive,=,1.00,Cont-5oz-fl,=,,Inactive,No,COGS - Dairy,Inventory - Dairy,Salt,1.00,Tablespoon,100.0,,0.0518,0.0016,12.3852,0.3754,,0.00,,,0.00,,0.00,
BATCH Raita Cucumber,5.15,Quart,5.00,OZ-fl,32.96,,Inactive,=,1.00,Cont-5oz-fl,=,,Inactive,No,COGS - Dairy,Inventory - Dairy,YIELD Cucumber Chopped,2.50,Cup,100.0,,0.5309,0.0161,12.9925,0.3942,,0.00,,,0.00,,0.00,
BATCH Raita Cucumber,5.15,Quart,5.00,OZ-fl,32.96,,Inactive,=,1.00,Cont-5oz-fl,=,,Inactive,No,COGS - Dairy,Inventory - Dairy,Yogurt,4.00,Quart,100.0,,12.2614,0.3720,12.9925,0.3942,,0.00,,,0.00,,0.00,
BATCH Raita Cucumber,5.15,Quart,5.00,OZ-fl,32.96,,Inactive,=,1.00,Cont-5oz-fl,=,,Inactive,No,COGS - Dairy,Inventory - Dairy,NEST Cumin Seeds Toasted,2.00,Tablespoon,100.0,,0.1440,0.0044,12.9925,0.3942,,0.00,,,0.00,,0.00,
BATCH Raita Cucumber,5.15,Quart,5.00,OZ-fl,32.96,,Inactive,=,1.00,Cont-5oz-fl,=,,Inactive,No,COGS - Dairy,Inventory - Dairy,Salt,1.00,Tablespoon,100.0,,0.0518,0.0016,12.9925,0.3942,,0.00,,,0.00,,0.00,
BATCH Raita Cucumber,5.15,Quart,5.00,OZ-fl,32.96,,Inactive,=,1.00,Cont-5oz-fl,=,,Inactive,No,COGS - Dairy,Inventory - Dairy,"Spice, Kashmiri Chili Powder",0.13,Teaspoon,100.0,,0.0044,0.0001,12.9925,0.3942,,0.00,,,0.00,,0.00,
BATCH Roasted Lentils,2.00,Quart,0.30,OZ-wt,117.33,2.20,OZ-wt,=,0.50,Cup,=,,Inactive,No,COGS - Prepped Food,Inventory - Prepped Food,"Lentil, Chana Dal Roasted",2.00,Quart,100.0,,5.2756,0.0450,5.4683,0.0466,,0.00,,,0.00,,0.00,
BATCH Roasted Lentils,2.00,Quart,0.30,OZ-wt,117.33,2.20,OZ-wt,=,0.50,Cup,=,,Inactive,No,COGS - Prepped Food,Inventory - Prepped Food,"Spice, Chaat Masala",1.00,Tablespoon,100.0,,0.1927,0.0016,5.4683,0.0466,,0.00,,,0.00,,0.00,
BATCH Sautéed Spinach,89.40,OZ-wt,2.00,OZ-wt,44.70,8.50,OZ-wt,=,1.00,Cup,=,,Inactive,No,COGS - Prepped Food,Inventory - Prepped Food,EVERMADE Spinach Formula,3.00,Cup,100.0,,4.0432,0.0905,9.4797,0.2121,,0.00,,,0.00,,0.00,
BATCH Sautéed Spinach,89.40,OZ-wt,2.00,OZ-wt,44.70,8.50,OZ-wt,=,1.00,Cup,=,,Inactive,No,COGS - Prepped Food,Inventory - Prepped Food,BATCH Spinach Baked,60.70,OZ-wt,100.0,,5.4365,0.1216,9.4797,0.2121,,0.00,,,0.00,,0.00,
BATCH Shredded Paneer,12.35,OZ-wt,1.00,OZ-wt,12.35,1.00,lb,=,,Inactive,=,,Inactive,No,COGS - Dairy,Inventory - Prepped Food,EVERMADE Formula 44,1.00,OZ-wt,100.0,,0.2335,0.0189,2.5602,0.2072,,,,,,,,
BATCH Shredded Paneer,12.35,OZ-wt,1.00,OZ-wt,12.35,1.00,lb,=,,Inactive,=,,Inactive,No,COGS - Dairy,Inventory - Prepped Food,"Cheese, Mozzarella",0.50,lb,100.0,,1.7600,0.1425,2.5602,0.2072,,,,,,,,
BATCH Shredded Paneer,12.35,OZ-wt,1.00,OZ-wt,12.35,1.00,lb,=,,Inactive,=,,Inactive,No,COGS - Dairy,Inventory - Prepped Food,"Oil, Sunflower",1.00,Tablespoon,100.0,,0.0444,0.0036,2.5602,0.2072,,,,,,,,
BATCH Shredded Paneer,12.35,OZ-wt,1.00,OZ-wt,12.35,1.00,lb,=,,Inactive,=,,Inactive,No,COGS - Dairy,Inventory - Prepped Food,Salt,0.25,Teaspoon,100.0,,0.0043,0.0003,2.5602,0.2072,,,,,,,,
BATCH Shredded Paneer,12.35,OZ-wt,1.00,OZ-wt,12.35,1.00,lb,=,,Inactive,=,,Inactive,No,COGS - Dairy,Inventory - Prepped Food,YIELD Cilantro Chopped,1.00,Tablespoon,100.0,,0.0306,0.0025,2.5602,0.2072,,,,,,,,
BATCH Shredded Paneer,12.35,OZ-wt,1.00,OZ-wt,12.35,1.00,lb,=,,Inactive,=,,Inactive,No,COGS - Dairy,Inventory - Prepped Food,"Juice, Lemon",1.00,Tablespoon,100.0,,0.0832,0.0067,2.5602,0.2072,,,,,,,,
BATCH Shredded Paneer,12.35,OZ-wt,1.00,OZ-wt,12.35,1.00,lb,=,,Inactive,=,,Inactive,No,COGS - Dairy,Inventory - Prepped Food,YIELD Onion Red Chopped,4.00,OZ-wt,100.0,,0.4042,0.0327,2.5602,0.2072,,,,,,,,
BATCH Shrimp Cooked,1.69,lb,6.00,Each,7.51,27.00,OZ-wt,=,,Inactive,=,45.00,Each,No,COGS - Seafood,Inventory - Seafood,EVERMADE Formula 44,6.00,Teaspoon,100.0,,0.2452,0.0326,21.4892,2.8613,45 pieces in one bag of shrimp,0.00,,,0.00,,0.00,
BATCH Shrimp Cooked,1.69,lb,6.00,Each,7.51,27.00,OZ-wt,=,,Inactive,=,45.00,Each,No,COGS - Seafood,Inventory - Seafood,"Oil, Coconut",4.00,Teaspoon,100.0,,0.1429,0.0190,21.4892,2.8613,45 pieces in one bag of shrimp,0.00,,,0.00,,0.00,
BATCH Shrimp Cooked,1.69,lb,6.00,Each,7.51,27.00,OZ-wt,=,,Inactive,=,45.00,Each,No,COGS - Seafood,Inventory - Seafood,"MOBYS Shrimp, Rasa Marinated",2.38,lb,100.0,,21.1011,2.8097,21.4892,2.8613,45 pieces in one bag of shrimp,0.00,,,0.00,,0.00,
BATCH Shrimp Marinated,66.40,lb,66.40,lb,1.00,1.00,lb,=,,Inactive,=,,Inactive,No,COGS - Seafood,Inventory - Seafood,YIELD Ginger Julienne,10.00,Cup,100.0,,4.6666,4.6666,501.9937,501.9937,,0.00,,,0.00,,0.00,
BATCH Shrimp Marinated,66.40,lb,66.40,lb,1.00,1.00,lb,=,,Inactive,=,,Inactive,No,COGS - Seafood,Inventory - Seafood,YIELD Shallots Sliced,10.00,Cup,100.0,,13.4575,13.4575,501.9937,501.9937,,0.00,,,0.00,,0.00,
BATCH Shrimp Marinated,66.40,lb,66.40,lb,1.00,1.00,lb,=,,Inactive,=,,Inactive,No,COGS - Seafood,Inventory - Seafood,"Herb, Curry Leaves",5.00,Cup,100.0,,5.4188,5.4188,501.9937,501.9937,,0.00,,,0.00,,0.00,
BATCH Shrimp Marinated,66.40,lb,66.40,lb,1.00,1.00,lb,=,,Inactive,=,,Inactive,No,COGS - Seafood,Inventory - Seafood,"Spice, Turmeric Powder",15.00,Tablespoon,100.0,,0.7727,0.7727,501.9937,501.9937,,0.00,,,0.00,,0.00,
BATCH Shrimp Marinated,66.40,lb,66.40,lb,1.00,1.00,lb,=,,Inactive,=,,Inactive,No,COGS - Seafood,Inventory - Seafood,Salt,7.50,Teaspoon,100.0,,0.1296,0.1296,501.9937,501.9937,,0.00,,,0.00,,0.00,
BATCH Shrimp Marinated,66.40,lb,66.40,lb,1.00,1.00,lb,=,,Inactive,=,,Inactive,No,COGS - Seafood,Inventory - Seafood,"Oil, Coconut",5.00,1/4 Cup,100.0,,2.1441,2.1441,501.9937,501.9937,,0.00,,,0.00,,0.00,
BATCH Shrimp Marinated,66.40,lb,66.40,lb,1.00,1.00,lb,=,,Inactive,=,,Inactive,No,COGS - Seafood,Inventory - Seafood,YIELD Peppers Jalapeno Chopped,15.00,Cup,100.0,,10.4044,10.4044,501.9937,501.9937,,0.00,,,0.00,,0.00,
BATCH Shrimp Marinated,66.40,lb,66.40,lb,1.00,1.00,lb,=,,Inactive,=,,Inactive,No,COGS - Seafood,Inventory - Seafood,"Shrimp, 21/25",60.00,lb,100.0,,465.0000,465.0000,501.9937,501.9937,,0.00,,,0.00,,0.00,
BATCH Simple Syrup,19.00,Quart,19.00,Quart,1.00,,Inactive,=,1.00,Quart,=,,Inactive,No,COGS - N/A Beverage,Inventory - NA Beverage,Sugar,12.00,Quart,100.0,,21.0115,21.0115,21.0115,21.0115,,0.00,,,0.00,,0.00,
BATCH South Indian Rice Noodles,36.00,lb,36.00,lb,1.00,1.00,lb,=,,Inactive,=,,Inactive,No,COGS - Grocery Dry & Canned,Inventory - Grocery,EVERMADE Formula 44,3.00,Cup,100.0,,5.8842,5.8842,31.2045,31.2045,,0.00,,,0.00,,0.00,
BATCH South Indian Rice Noodles,36.00,lb,36.00,lb,1.00,1.00,lb,=,,Inactive,=,,Inactive,No,COGS - Grocery Dry & Canned,Inventory - Grocery,"Noodles, Vermicelli",12.00,17.5 oz-wt pkt,100.0,,23.8113,23.8113,31.2045,31.2045,,0.00,,,0.00,,0.00,
BATCH South Indian Rice Noodles,36.00,lb,36.00,lb,1.00,1.00,lb,=,,Inactive,=,,Inactive,No,COGS - Grocery Dry & Canned,Inventory - Grocery,Salt,0.75,Cup,100.0,,0.6219,0.6219,31.2045,31.2045,,0.00,,,0.00,,0.00,
BATCH South Indian Rice Noodles,36.00,lb,36.00,lb,1.00,1.00,lb,=,,Inactive,=,,Inactive,No,COGS - Grocery Dry & Canned,Inventory - Grocery,"Oil, Sunflower",1.25,Cup,100.0,,0.8871,0.8871,31.2045,31.2045,,0.00,,,0.00,,0.00,
BATCH Spiced Chickpeas,3.94,lb,2.00,OZ-fl,22.51,2.80,OZ-wt,=,2.00,OZ-fl,=,,Inactive,No,COGS - Produce,Inventory - Prepped Food,EVERMADE Chickpea Formula,1.00,Cup,100.0,,1.4168,0.0629,2.8007,0.1244,,0.00,,,0.00,,0.00,
BATCH Spiced Chickpeas,3.94,lb,2.00,OZ-fl,22.51,2.80,OZ-wt,=,2.00,OZ-fl,=,,Inactive,No,COGS - Produce,Inventory - Prepped Food,YIELD Cilantro Chopped,0.50,Cup,100.0,,0.2449,0.0109,2.8007,0.1244,,0.00,,,0.00,,0.00,
BATCH Spiced Chickpeas,3.94,lb,2.00,OZ-fl,22.51,2.80,OZ-wt,=,2.00,OZ-fl,=,,Inactive,No,COGS - Produce,Inventory - Prepped Food,BATCH Chickpeas Cooked,2.93,lb,100.0,,1.1390,0.0506,2.8007,0.1244,,0.00,,,0.00,,0.00,
BATCH Spicy Chili Chicken Cooked,3.97,lb,4.00,OZ-fl,16.89,0.47,lb,=,1.00,Cup,=,,Inactive,No,COGS - Poultry,Inventory - Poultry,"NEST Formula, Spicy Chicken",2.00,Cup,100.0,,3.4081,0.2018,10.2696,0.6080,,0.00,,,0.00,,0.00,
BATCH Spicy Chili Chicken Cooked,3.97,lb,4.00,OZ-fl,16.89,0.47,lb,=,1.00,Cup,=,,Inactive,No,COGS - Poultry,Inventory - Poultry,BATCH Chicken Tikka Cooked New,2.00,Quart,100.0,,6.8615,0.4062,10.2696,0.6080,,0.00,,,0.00,,0.00,
BATCH Spinach Baked,37.40,lb,1.00,1/6 Deep Pan-2qt,9.86,60.70,OZ-wt,=,2.00,Quart,=,,Inactive,No,COGS - Prepped Food,Inventory - Prepped Food,"Spinach, Frozen",2.00,CS=22lb,100.0,,53.5944,5.4355,53.5944,5.4355,,0.00,,,0.00,,0.00,
BATCH Strawberry Lassi,13.25,Quart,16.00,OZ-fl,26.50,,Inactive,=,1.00,Quart,=,,Inactive,No,COGS - N/A Beverage,Inventory - NA Beverage,"Compound, Strawberry",8.00,OZ-wt,100.0,,8.4028,0.3171,38.6173,1.4573,,0.00,,,0.00,,0.00,
BATCH Strawberry Lassi,13.25,Quart,16.00,OZ-fl,26.50,,Inactive,=,1.00,Quart,=,,Inactive,No,COGS - N/A Beverage,Inventory - NA Beverage,Sugar,1.50,Quart,100.0,,2.6264,0.0991,38.6173,1.4573,,0.00,,,0.00,,0.00,
BATCH Strawberry Lassi,13.25,Quart,16.00,OZ-fl,26.50,,Inactive,=,1.00,Quart,=,,Inactive,No,COGS - N/A Beverage,Inventory - NA Beverage,Yogurt,9.00,Quart,100.0,,27.5881,1.0411,38.6173,1.4573,,0.00,,,0.00,,0.00,
BATCH Strawberry Rhubarb Chutney,24.00,Quart,24.00,Quart,1.00,,Inactive,=,1.00,Bag-1qt,=,,Inactive,No,COGS - Prepped Food,Inventory - Prepped Food,"Oil, Sunflower",10.00,OZ-fl,100.0,,0.8871,0.8871,137.3889,137.3889,,0.00,,,0.00,,0.00,
BATCH Strawberry Rhubarb Chutney,24.00,Quart,24.00,Quart,1.00,,Inactive,=,1.00,Bag-1qt,=,,Inactive,No,COGS - Prepped Food,Inventory - Prepped Food,"Spice, Mustard Seed",7.00,Tablespoon,100.0,,0.3934,0.3934,137.3889,137.3889,,0.00,,,0.00,,0.00,
BATCH Strawberry Rhubarb Chutney,24.00,Quart,24.00,Quart,1.00,,Inactive,=,1.00,Bag-1qt,=,,Inactive,No,COGS - Prepped Food,Inventory - Prepped Food,"Spice, Red Chili Whole",8.00,Each,100.0,,0.0439,0.0439,137.3889,137.3889,,0.00,,,0.00,,0.00,
BATCH Strawberry Rhubarb Chutney,24.00,Quart,24.00,Quart,1.00,,Inactive,=,1.00,Bag-1qt,=,,Inactive,No,COGS - Prepped Food,Inventory - Prepped Food,"Herb, Curry Leaves",1.00,Cup,100.0,,1.0838,1.0838,137.3889,137.3889,,0.00,,,0.00,,0.00,
BATCH Strawberry Rhubarb Chutney,24.00,Quart,24.00,Quart,1.00,,Inactive,=,1.00,Bag-1qt,=,,Inactive,No,COGS - Prepped Food,Inventory - Prepped Food,YIELD Ginger Chopped,2.00,Cup,100.0,,1.3247,1.3247,137.3889,137.3889,,0.00,,,0.00,,0.00,
BATCH Strawberry Rhubarb Chutney,24.00,Quart,24.00,Quart,1.00,,Inactive,=,1.00,Bag-1qt,=,,Inactive,No,COGS - Prepped Food,Inventory - Prepped Food,YIELD Peppers Jalapeno Chopped,1.00,Cup,100.0,,0.6936,0.6936,137.3889,137.3889,,0.00,,,0.00,,0.00,
BATCH Strawberry Rhubarb Chutney,24.00,Quart,24.00,Quart,1.00,,Inactive,=,1.00,Bag-1qt,=,,Inactive,No,COGS - Prepped Food,Inventory - Prepped Food,"Spice, Asafoetida",1.00,Teaspoon,100.0,,0.0953,0.0953,137.3889,137.3889,,0.00,,,0.00,,0.00,
BATCH Strawberry Rhubarb Chutney,24.00,Quart,24.00,Quart,1.00,,Inactive,=,1.00,Bag-1qt,=,,Inactive,No,COGS - Prepped Food,Inventory - Prepped Food,"Spice, Kashmiri Chili Powder",4.00,Tablespoon,100.0,,0.4217,0.4217,137.3889,137.3889,,0.00,,,0.00,,0.00,
BATCH Strawberry Rhubarb Chutney,24.00,Quart,24.00,Quart,1.00,,Inactive,=,1.00,Bag-1qt,=,,Inactive,No,COGS - Prepped Food,Inventory - Prepped Food,"Spice, Turmeric Powder",1.00,Teaspoon,100.0,,0.0172,0.0172,137.3889,137.3889,,0.00,,,0.00,,0.00,
BATCH Strawberry Rhubarb Chutney,24.00,Quart,24.00,Quart,1.00,,Inactive,=,1.00,Bag-1qt,=,,Inactive,No,COGS - Prepped Food,Inventory - Prepped Food,"Berry, Strawberry, Frozen",30.00,lb,100.0,,84.1000,84.1000,137.3889,137.3889,,0.00,,,0.00,,0.00,
BATCH Strawberry Rhubarb Chutney,24.00,Quart,24.00,Quart,1.00,,Inactive,=,1.00,Bag-1qt,=,,Inactive,No,COGS - Prepped Food,Inventory - Prepped Food,"Rhubarb, Frozen",30.00,lb,100.0,,42.5000,42.5000,137.3889,137.3889,,0.00,,,0.00,,0.00,
BATCH Strawberry Rhubarb Chutney,24.00,Quart,24.00,Quart,1.00,,Inactive,=,1.00,Bag-1qt,=,,Inactive,No,COGS - Prepped Food,Inventory - Prepped Food,"Spice, Jaggery Powder",1.00,Bottle-2lb,100.0,,4.9990,4.9990,137.3889,137.3889,,0.00,,,0.00,,0.00,
BATCH Strawberry Rhubarb Chutney,24.00,Quart,24.00,Quart,1.00,,Inactive,=,1.00,Bag-1qt,=,,Inactive,No,COGS - Prepped Food,Inventory - Prepped Food,Salt,1.00,Cup,100.0,,0.8292,0.8292,137.3889,137.3889,,0.00,,,0.00,,0.00,
BATCH Summer Squash,7.00,Quart,2.00,Quart,3.50,,Inactive,=,1.00,1/6 Deep Pan-2qt,=,,Inactive,No,COGS - Produce,Inventory - Produce,"Squash, Blend",1.00,Cont-5lb,100.0,,38.7500,11.0714,42.0150,12.0042,,0.00,,,0.00,,0.00,
BATCH Summer Squash,7.00,Quart,2.00,Quart,3.50,,Inactive,=,1.00,1/6 Deep Pan-2qt,=,,Inactive,No,COGS - Produce,Inventory - Produce,"Oil, Olive",0.75,Cup,100.0,,3.1011,0.8860,42.0150,12.0042,,0.00,,,0.00,,0.00,
BATCH Summer Squash,7.00,Quart,2.00,Quart,3.50,,Inactive,=,1.00,1/6 Deep Pan-2qt,=,,Inactive,No,COGS - Produce,Inventory - Produce,"Spice, Mint Leaf Crush",1.00,Tablespoon,100.0,,0.0309,0.0088,42.0150,12.0042,,0.00,,,0.00,,0.00,
BATCH Summer Squash,7.00,Quart,2.00,Quart,3.50,,Inactive,=,1.00,1/6 Deep Pan-2qt,=,,Inactive,No,COGS - Produce,Inventory - Produce,"Spice, Cumin Seeds",1.00,Tablespoon,100.0,,0.0720,0.0206,42.0150,12.0042,,0.00,,,0.00,,0.00,
BATCH Summer Squash,7.00,Quart,2.00,Quart,3.50,,Inactive,=,1.00,1/6 Deep Pan-2qt,=,,Inactive,No,COGS - Produce,Inventory - Produce,"Spice, Kashmiri Chili Powder",1.00,Teaspoon,100.0,,0.0351,0.0100,42.0150,12.0042,,0.00,,,0.00,,0.00,
BATCH Summer Squash,7.00,Quart,2.00,Quart,3.50,,Inactive,=,1.00,1/6 Deep Pan-2qt,=,,Inactive,No,COGS - Produce,Inventory - Produce,Salt,1.50,Teaspoon,100.0,,0.0259,0.0074,42.0150,12.0042,,0.00,,,0.00,,0.00,
BATCH Supergrains,51.80,lb,8.00,OZ-wt,103.60,5.10,OZ-wt,=,1.00,Cup,=,,Inactive,No,COGS - Prepped Food,Inventory - Prepped Food,YIELD Onion Red Chopped,2.00,Quart,100.0,,4.2040,0.0406,41.2650,0.3985,,0.00,,,0.00,,0.00,
BATCH Supergrains,51.80,lb,8.00,OZ-wt,103.60,5.10,OZ-wt,=,1.00,Cup,=,,Inactive,No,COGS - Prepped Food,Inventory - Prepped Food,"Spice, Mustard Seed",1.00,Cup,100.0,,0.8993,0.0087,41.2650,0.3985,,0.00,,,0.00,,0.00,
BATCH Supergrains,51.80,lb,8.00,OZ-wt,103.60,5.10,OZ-wt,=,1.00,Cup,=,,Inactive,No,COGS - Prepped Food,Inventory - Prepped Food,"Lentil, Urad Dal",0.75,Cup,100.0,,0.4921,0.0048,41.2650,0.3985,,0.00,,,0.00,,0.00,
BATCH Supergrains,51.80,lb,8.00,OZ-wt,103.60,5.10,OZ-wt,=,1.00,Cup,=,,Inactive,No,COGS - Prepped Food,Inventory - Prepped Food,YIELD Ginger Chopped,2.00,Cup,100.0,,1.3247,0.0128,41.2650,0.3985,,0.00,,,0.00,,0.00,
BATCH Supergrains,51.80,lb,8.00,OZ-wt,103.60,5.10,OZ-wt,=,1.00,Cup,=,,Inactive,No,COGS - Prepped Food,Inventory - Prepped Food,"Herb, Curry Leaves",1.00,Cup,100.0,,1.0838,0.0105,41.2650,0.3985,,0.00,,,0.00,,0.00,
BATCH Supergrains,51.80,lb,8.00,OZ-wt,103.60,5.10,OZ-wt,=,1.00,Cup,=,,Inactive,No,COGS - Prepped Food,Inventory - Prepped Food,"Spice, Pepper Red Flake/Crushed",0.25,Cup,100.0,,0.2249,0.0022,41.2650,0.3985,,0.00,,,0.00,,0.00,
BATCH Supergrains,51.80,lb,8.00,OZ-wt,103.60,5.10,OZ-wt,=,1.00,Cup,=,,Inactive,No,COGS - Prepped Food,Inventory - Prepped Food,Salt,0.25,Cup,100.0,,0.2073,0.0020,41.2650,0.3985,,0.00,,,0.00,,0.00,
BATCH Supergrains,51.80,lb,8.00,OZ-wt,103.60,5.10,OZ-wt,=,1.00,Cup,=,,Inactive,No,COGS - Prepped Food,Inventory - Prepped Food,NEST Quinoa Cooked,8.40,lb,100.0,,8.2124,0.0793,41.2650,0.3985,,0.00,,,0.00,,0.00,
BATCH Supergrains,51.80,lb,8.00,OZ-wt,103.60,5.10,OZ-wt,=,1.00,Cup,=,,Inactive,No,COGS - Prepped Food,Inventory - Prepped Food,NEST Ragi Cooked,2.85,lb,100.0,,3.0300,0.0292,41.2650,0.3985,,0.00,,,0.00,,0.00,
BATCH Supergrains,51.80,lb,8.00,OZ-wt,103.60,5.10,OZ-wt,=,1.00,Cup,=,,Inactive,No,COGS - Prepped Food,Inventory - Prepped Food,NEST Green Lentils Cooked,31.80,lb,100.0,,20.1672,0.1947,41.2650,0.3985,,0.00,,,0.00,,0.00,
BATCH Supergrains,51.80,lb,8.00,OZ-wt,103.60,5.10,OZ-wt,=,1.00,Cup,=,,Inactive,No,COGS - Prepped Food,Inventory - Prepped Food,"Oil, Sunflower",2.00,Cup,100.0,,1.4193,0.0137,41.2650,0.3985,,0.00,,,0.00,,0.00,
BATCH Sweet Heat - Spicy Mango Chutney,42.33,OZ-wt,1.00,OZ-fl,40.44,1.57,OZ-wt,=,1.50,OZ-fl,=,,Inactive,No,COGS - Prepped Food,Inventory - Prepped Food,Salt,1.00,Teaspoon,100.0,,0.0173,0.0004,7.0267,0.1738,,,,,,,,
BATCH Sweet Heat - Spicy Mango Chutney,42.33,OZ-wt,1.00,OZ-fl,40.44,1.57,OZ-wt,=,1.50,OZ-fl,=,,Inactive,No,COGS - Prepped Food,Inventory - Prepped Food,EVERMADE That Fire Hot Sauce,13.90,OZ-wt,100.0,,4.1480,0.1026,7.0267,0.1738,,,,,,,,
BATCH Sweet Heat - Spicy Mango Chutney,42.33,OZ-wt,1.00,OZ-fl,40.44,1.57,OZ-wt,=,1.50,OZ-fl,=,,Inactive,No,COGS - Prepped Food,Inventory - Prepped Food,"Pulp, Mango",28.61,OZ-wt,100.0,,2.8614,0.0708,7.0267,0.1738,,,,,,,,
BATCH Sweet Potato Tikki,40.70,lb,3.20,OZ-wt,203.50,0.80,OZ-wt,=,,Inactive,=,1.00,Each,No,COGS - Produce,Inventory - Prepped Food,"Potatoes, Sweet",40.00,lb,100.0,,26.6500,0.1310,72.4222,0.3560,,0.00,,,0.00,,0.00,
BATCH Sweet Potato Tikki,40.70,lb,3.20,OZ-wt,203.50,0.80,OZ-wt,=,,Inactive,=,1.00,Each,No,COGS - Produce,Inventory - Prepped Food,"Flour, Chickpea",2.00,Quart,100.0,,2.8679,0.0141,72.4222,0.3560,,0.00,,,0.00,,0.00,
BATCH Sweet Potato Tikki,40.70,lb,3.20,OZ-wt,203.50,0.80,OZ-wt,=,,Inactive,=,1.00,Each,No,COGS - Produce,Inventory - Prepped Food,"Spice, Cumin Seeds",0.25,Cup,100.0,,0.2881,0.0014,72.4222,0.3560,,0.00,,,0.00,,0.00,
BATCH Sweet Potato Tikki,40.70,lb,3.20,OZ-wt,203.50,0.80,OZ-wt,=,,Inactive,=,1.00,Each,No,COGS - Produce,Inventory - Prepped Food,YIELD Ginger Chopped,2.00,Cup,100.0,,1.3247,0.0065,72.4222,0.3560,,0.00,,,0.00,,0.00,
BATCH Sweet Potato Tikki,40.70,lb,3.20,OZ-wt,203.50,0.80,OZ-wt,=,,Inactive,=,1.00,Each,No,COGS - Produce,Inventory - Prepped Food,"Herb, Cilantro",2.00,Bunch,100.0,,1.5600,0.0077,72.4222,0.3560,,0.00,,,0.00,,0.00,
BATCH Sweet Potato Tikki,40.70,lb,3.20,OZ-wt,203.50,0.80,OZ-wt,=,,Inactive,=,1.00,Each,No,COGS - Produce,Inventory - Prepped Food,Green Peas,4.00,Bag-2.5lb,100.0,,24.3496,0.1197,72.4222,0.3560,,0.00,,,0.00,,0.00,
BATCH Sweet Potato Tikki,40.70,lb,3.20,OZ-wt,203.50,0.80,OZ-wt,=,,Inactive,=,1.00,Each,No,COGS - Produce,Inventory - Prepped Food,"Spice, Curry Powder",0.25,Cup,100.0,,0.1643,0.0008,72.4222,0.3560,,0.00,,,0.00,,0.00,
BATCH Sweet Potato Tikki,40.70,lb,3.20,OZ-wt,203.50,0.80,OZ-wt,=,,Inactive,=,1.00,Each,No,COGS - Produce,Inventory - Prepped Food,"Spice, Mint Leaf Crush",0.25,Cup,100.0,,0.1238,0.0006,72.4222,0.3560,,0.00,,,0.00,,0.00,
BATCH Sweet Potato Tikki,40.70,lb,3.20,OZ-wt,203.50,0.80,OZ-wt,=,,Inactive,=,1.00,Each,No,COGS - Produce,Inventory - Prepped Food,"Spice, Mint Leaf Crush",2.00,Tablespoon,100.0,,0.0619,0.0003,72.4222,0.3560,,0.00,,,0.00,,0.00,
BATCH Sweet Potato Tikki,40.70,lb,3.20,OZ-wt,203.50,0.80,OZ-wt,=,,Inactive,=,1.00,Each,No,COGS - Produce,Inventory - Prepped Food,"Spice, Chaat Masala",1.00,Cup,100.0,,3.0838,0.0152,72.4222,0.3560,,0.00,,,0.00,,0.00,
BATCH Sweet Potato Tikki,40.70,lb,3.20,OZ-wt,203.50,0.80,OZ-wt,=,,Inactive,=,1.00,Each,No,COGS - Produce,Inventory - Prepped Food,"Spice, Amchur Powder",0.25,Cup,100.0,,0.3177,0.0016,72.4222,0.3560,,0.00,,,0.00,,0.00,
BATCH Sweet Potato Tikki,40.70,lb,3.20,OZ-wt,203.50,0.80,OZ-wt,=,,Inactive,=,1.00,Each,No,COGS - Produce,Inventory - Prepped Food,YIELD Peppers Jalapeno Chopped,2.00,Cup,100.0,,1.3873,0.0068,72.4222,0.3560,,0.00,,,0.00,,0.00,
BATCH Sweet Potato Tikki,40.70,lb,3.20,OZ-wt,203.50,0.80,OZ-wt,=,,Inactive,=,1.00,Each,No,COGS - Produce,Inventory - Prepped Food,"Lentil, Chana Dal Roasted",2.00,Quart,100.0,,5.2756,0.0259,72.4222,0.3560,,0.00,,,0.00,,0.00,
BATCH Sweet Potato Tikki,40.70,lb,3.20,OZ-wt,203.50,0.80,OZ-wt,=,,Inactive,=,1.00,Each,No,COGS - Produce,Inventory - Prepped Food,"Oil, Sunflower",5.00,Cup,100.0,,3.5482,0.0174,72.4222,0.3560,,0.00,,,0.00,,0.00,
BATCH Sweet Potato Tikki,40.70,lb,3.20,OZ-wt,203.50,0.80,OZ-wt,=,,Inactive,=,1.00,Each,No,COGS - Produce,Inventory - Prepped Food,"Oil, Sunflower",2.00,Cup,100.0,,1.4193,0.0070,72.4222,0.3560,,0.00,,,0.00,,0.00,
BATCH Sweet Tamarind Chutney,60.00,Quart,60.00,Quart,1.00,2.65,OZ-wt,=,0.25,Cup,=,,Inactive,No,COGS - Prepped Food,Inventory - Prepped Food,Tamarind Slab,20.00,Packet-500g,100.0,,55.0000,55.0000,118.4587,118.4587,,0.00,,,0.00,,0.00,
BATCH Sweet Tamarind Chutney,60.00,Quart,60.00,Quart,1.00,2.65,OZ-wt,=,0.25,Cup,=,,Inactive,No,COGS - Prepped Food,Inventory - Prepped Food,Sugar,50.00,lb,100.0,,40.7200,40.7200,118.4587,118.4587,,0.00,,,0.00,,0.00,
BATCH Sweet Tamarind Chutney,60.00,Quart,60.00,Quart,1.00,2.65,OZ-wt,=,0.25,Cup,=,,Inactive,No,COGS - Prepped Food,Inventory - Prepped Food,"Spice, Ginger Powder",42.00,OZ-fl,100.0,,4.7356,4.7356,118.4587,118.4587,,0.00,,,0.00,,0.00,
BATCH Sweet Tamarind Chutney,60.00,Quart,60.00,Quart,1.00,2.65,OZ-wt,=,0.25,Cup,=,,Inactive,No,COGS - Prepped Food,Inventory - Prepped Food,"Spice, Red Chili Powder",8.00,OZ-fl,100.0,,1.1131,1.1131,118.4587,118.4587,,0.00,,,0.00,,0.00,
BATCH Sweet Tamarind Chutney,60.00,Quart,60.00,Quart,1.00,2.65,OZ-wt,=,0.25,Cup,=,,Inactive,No,COGS - Prepped Food,Inventory - Prepped Food,"Spice, Cumin Powder",3.00,lb,100.0,,11.9940,11.9940,118.4587,118.4587,,0.00,,,0.00,,0.00,
BATCH Sweet Tamarind Chutney,60.00,Quart,60.00,Quart,1.00,2.65,OZ-wt,=,0.25,Cup,=,,Inactive,No,COGS - Prepped Food,Inventory - Prepped Food,NEST Cumin Seeds Toasted,24.00,OZ-fl,100.0,,3.4571,3.4571,118.4587,118.4587,,0.00,,,0.00,,0.00,
BATCH Sweet Tamarind Chutney,60.00,Quart,60.00,Quart,1.00,2.65,OZ-wt,=,0.25,Cup,=,,Inactive,No,COGS - Prepped Food,Inventory - Prepped Food,Salt,5.00,OZ-fl,100.0,,0.5182,0.5182,118.4587,118.4587,,0.00,,,0.00,,0.00,
BATCH Sweet Tamarind Chutney,60.00,Quart,60.00,Quart,1.00,2.65,OZ-wt,=,0.25,Cup,=,,Inactive,No,COGS - Prepped Food,Inventory - Prepped Food,"Spice, Black Salt",12.00,OZ-fl,100.0,,0.9207,0.9207,118.4587,118.4587,,0.00,,,0.00,,0.00,
BATCH Tamarind Chili Sauce,54.00,Quart,3.00,OZ-fl,576.00,8.10,OZ-wt,=,1.00,Cup,=,,Inactive,No,COGS - Prepped Food,Inventory - Prepped Food,YIELD Onion Yellow Sliced,42.00,Quart,100.0,,27.9789,0.0486,126.8357,0.2203,,0.00,,,0.00,,0.00,
BATCH Tamarind Chili Sauce,54.00,Quart,3.00,OZ-fl,576.00,8.10,OZ-wt,=,1.00,Cup,=,,Inactive,No,COGS - Prepped Food,Inventory - Prepped Food,YIELD Garlic Sliced,4.00,Quart,100.0,,27.7630,0.0482,126.8357,0.2203,,0.00,,,0.00,,0.00,
BATCH Tamarind Chili Sauce,54.00,Quart,3.00,OZ-fl,576.00,8.10,OZ-wt,=,1.00,Cup,=,,Inactive,No,COGS - Prepped Food,Inventory - Prepped Food,YIELD Ginger Chopped,1.50,Quart,100.0,,3.9741,0.0069,126.8357,0.2203,,0.00,,,0.00,,0.00,
BATCH Tamarind Chili Sauce,54.00,Quart,3.00,OZ-fl,576.00,8.10,OZ-wt,=,1.00,Cup,=,,Inactive,No,COGS - Prepped Food,Inventory - Prepped Food,"Herb, Curry Leaves",2.00,Quart,100.0,,8.6700,0.0151,126.8357,0.2203,,0.00,,,0.00,,0.00,
BATCH Tamarind Chili Sauce,54.00,Quart,3.00,OZ-fl,576.00,8.10,OZ-wt,=,1.00,Cup,=,,Inactive,No,COGS - Prepped Food,Inventory - Prepped Food,NEST Spice Bag Tamarind Chili Sauce,1.00,Portion,100.0,,5.2445,0.0091,126.8357,0.2203,,0.00,,,0.00,,0.00,
BATCH Tamarind Chili Sauce,54.00,Quart,3.00,OZ-fl,576.00,8.10,OZ-wt,=,1.00,Cup,=,,Inactive,No,COGS - Prepped Food,Inventory - Prepped Food,Salt,1.25,Cup,100.0,,1.0365,0.0018,126.8357,0.2203,,0.00,,,0.00,,0.00,
BATCH Tamarind Chili Sauce,54.00,Quart,3.00,OZ-fl,576.00,8.10,OZ-wt,=,1.00,Cup,=,,Inactive,No,COGS - Prepped Food,Inventory - Prepped Food,NEST Tamarind Puree,1.75,Quart,100.0,,2.4063,0.0042,126.8357,0.2203,,0.00,,,0.00,,0.00,
BATCH Tamarind Chili Sauce,54.00,Quart,3.00,OZ-fl,576.00,8.10,OZ-wt,=,1.00,Cup,=,,Inactive,No,COGS - Prepped Food,Inventory - Prepped Food,"Milk, Coconut",13.50,Quart,100.0,,41.2383,0.0716,126.8357,0.2203,,0.00,,,0.00,,0.00,
BATCH Tamarind Chili Sauce,54.00,Quart,3.00,OZ-fl,576.00,8.10,OZ-wt,=,1.00,Cup,=,,Inactive,No,COGS - Prepped Food,Inventory - Prepped Food,"Spice, Fenugreek Seed",0.50,Teaspoon,100.0,,0.0083,0.0000,126.8357,0.2203,,0.00,,,0.00,,0.00,
BATCH Tamarind Chili Sauce,54.00,Quart,3.00,OZ-fl,576.00,8.10,OZ-wt,=,1.00,Cup,=,,Inactive,No,COGS - Prepped Food,Inventory - Prepped Food,"Oil, Sunflower",3.00,Quart,100.0,,8.5158,0.0148,126.8357,0.2203,,0.00,,,0.00,,0.00,
BATCH Tamarind Coconut Powder,84.10,OZ-wt,1.00,Tablespoon,336.40,1.00,OZ-wt,=,0.25,Cup,=,,Inactive,No,COGS - Prepped Food,Inventory - Prepped Food,"Spice, Pepper Red Flake/Crushed",4.00,Teaspoon,100.0,,0.0750,0.0002,28.8673,0.0857,,0.00,,,0.00,,0.00,
BATCH Tamarind Coconut Powder,84.10,OZ-wt,1.00,Tablespoon,336.40,1.00,OZ-wt,=,0.25,Cup,=,,Inactive,No,COGS - Prepped Food,Inventory - Prepped Food,"Coconut, Shredded",10.00,lb,100.0,,24.9969,0.0743,28.8673,0.0857,,0.00,,,0.00,,0.00,
BATCH Tamarind Coconut Powder,84.10,OZ-wt,1.00,Tablespoon,336.40,1.00,OZ-wt,=,0.25,Cup,=,,Inactive,No,COGS - Prepped Food,Inventory - Prepped Food,Tamarind Slab,3.50,OZ-wt,100.0,,0.5458,0.0016,28.8673,0.0857,,0.00,,,0.00,,0.00,
BATCH Tamarind Coconut Powder,84.10,OZ-wt,1.00,Tablespoon,336.40,1.00,OZ-wt,=,0.25,Cup,=,,Inactive,No,COGS - Prepped Food,Inventory - Prepped Food,"Oil, Coconut",1.00,Cup,100.0,,1.7153,0.0051,28.8673,0.0857,,0.00,,,0.00,,0.00,
BATCH Tamarind Coconut Powder,84.10,OZ-wt,1.00,Tablespoon,336.40,1.00,OZ-wt,=,0.25,Cup,=,,Inactive,No,COGS - Prepped Food,Inventory - Prepped Food,"Herb, Curry Leaves",1.00,Cup,100.0,,1.0838,0.0032,28.8673,0.0857,,0.00,,,0.00,,0.00,
BATCH Tamarind Coconut Powder,84.10,OZ-wt,1.00,Tablespoon,336.40,1.00,OZ-wt,=,0.25,Cup,=,,Inactive,No,COGS - Prepped Food,Inventory - Prepped Food,"Spice, Asafoetida",4.00,Teaspoon,100.0,,0.3814,0.0011,28.8673,0.0857,,0.00,,,0.00,,0.00,
BATCH Tamarind Coconut Powder,84.10,OZ-wt,1.00,Tablespoon,336.40,1.00,OZ-wt,=,0.25,Cup,=,,Inactive,No,COGS - Prepped Food,Inventory - Prepped Food,Salt,4.00,Teaspoon,100.0,,0.0691,0.0002,28.8673,0.0857,,0.00,,,0.00,,0.00,
BATCH Tamarind Ginger Chutney,44.00,Quart,44.00,Quart,1.00,9.50,OZ-wt,=,1.00,Cup,=,,Inactive,No,COGS - Prepped Food,Inventory - Prepped Food,"Spice, Mustard Seed",1.00,Cup,100.0,,0.8993,0.8993,179.9253,179.9253,,0.00,,,0.00,,0.00,
BATCH Tamarind Ginger Chutney,44.00,Quart,44.00,Quart,1.00,9.50,OZ-wt,=,1.00,Cup,=,,Inactive,No,COGS - Prepped Food,Inventory - Prepped Food,"Spice, Mustard Seed",1.00,1/4 Cup,100.0,,0.2248,0.2248,179.9253,179.9253,,0.00,,,0.00,,0.00,
BATCH Tamarind Ginger Chutney,44.00,Quart,44.00,Quart,1.00,9.50,OZ-wt,=,1.00,Cup,=,,Inactive,No,COGS - Prepped Food,Inventory - Prepped Food,YIELD Ginger Chopped,6.00,Quart,100.0,,15.8964,15.8964,179.9253,179.9253,,0.00,,,0.00,,0.00,
BATCH Tamarind Ginger Chutney,44.00,Quart,44.00,Quart,1.00,9.50,OZ-wt,=,1.00,Cup,=,,Inactive,No,COGS - Prepped Food,Inventory - Prepped Food,"Herb, Curry Leaves",1.00,Quart,100.0,,4.3350,4.3350,179.9253,179.9253,,0.00,,,0.00,,0.00,
BATCH Tamarind Ginger Chutney,44.00,Quart,44.00,Quart,1.00,9.50,OZ-wt,=,1.00,Cup,=,,Inactive,No,COGS - Prepped Food,Inventory - Prepped Food,"Spice, Asafoetida",2.00,Tablespoon,100.0,,0.5720,0.5720,179.9253,179.9253,,0.00,,,0.00,,0.00,
BATCH Tamarind Ginger Chutney,44.00,Quart,44.00,Quart,1.00,9.50,OZ-wt,=,1.00,Cup,=,,Inactive,No,COGS - Prepped Food,Inventory - Prepped Food,"Spice, Red Chili Powder",1.00,Cup,100.0,,1.1131,1.1131,179.9253,179.9253,,0.00,,,0.00,,0.00,
BATCH Tamarind Ginger Chutney,44.00,Quart,44.00,Quart,1.00,9.50,OZ-wt,=,1.00,Cup,=,,Inactive,No,COGS - Prepped Food,Inventory - Prepped Food,"Spice, Turmeric Powder",1.00,1/4 Cup,100.0,,0.2061,0.2061,179.9253,179.9253,,0.00,,,0.00,,0.00,
BATCH Tamarind Ginger Chutney,44.00,Quart,44.00,Quart,1.00,9.50,OZ-wt,=,1.00,Cup,=,,Inactive,No,COGS - Prepped Food,Inventory - Prepped Food,NEST Tamarind Puree,40.00,Quart,100.0,,55.0000,55.0000,179.9253,179.9253,,0.00,,,0.00,,0.00,
BATCH Tamarind Ginger Chutney,44.00,Quart,44.00,Quart,1.00,9.50,OZ-wt,=,1.00,Cup,=,,Inactive,No,COGS - Prepped Food,Inventory - Prepped Food,Salt,3.50,Cup,100.0,,2.9022,2.9022,179.9253,179.9253,,0.00,,,0.00,,0.00,
BATCH Tamarind Ginger Chutney,44.00,Quart,44.00,Quart,1.00,9.50,OZ-wt,=,1.00,Cup,=,,Inactive,No,COGS - Prepped Food,Inventory - Prepped Food,"Spice, Jaggery Powder",30.00,lb,100.0,,74.9850,74.9850,179.9253,179.9253,,0.00,,,0.00,,0.00,
BATCH Tamarind Ginger Chutney,44.00,Quart,44.00,Quart,1.00,9.50,OZ-wt,=,1.00,Cup,=,,Inactive,No,COGS - Prepped Food,Inventory - Prepped Food,"Spice, Fenugreek Seed",0.50,Cup,100.0,,0.3996,0.3996,179.9253,179.9253,,0.00,,,0.00,,0.00,
BATCH Tamarind Ginger Chutney,44.00,Quart,44.00,Quart,1.00,9.50,OZ-wt,=,1.00,Cup,=,,Inactive,No,COGS - Prepped Food,Inventory - Prepped Food,"Spice, Fenugreek Seed",2.00,Tablespoon,100.0,,0.0999,0.0999,179.9253,179.9253,,0.00,,,0.00,,0.00,
BATCH Tamarind Ginger Chutney,44.00,Quart,44.00,Quart,1.00,9.50,OZ-wt,=,1.00,Cup,=,,Inactive,No,COGS - Prepped Food,Inventory - Prepped Food,YIELD Peppers Jalapeno Chopped,6.00,Quart,100.0,,16.6470,16.6470,179.9253,179.9253,,0.00,,,0.00,,0.00,
BATCH Tamarind Ginger Chutney,44.00,Quart,44.00,Quart,1.00,9.50,OZ-wt,=,1.00,Cup,=,,Inactive,No,COGS - Prepped Food,Inventory - Prepped Food,"Oil, Sunflower",2.00,Quart,100.0,,5.6772,5.6772,179.9253,179.9253,,0.00,,,0.00,,0.00,
BATCH Tamarind Ginger Chutney,44.00,Quart,44.00,Quart,1.00,9.50,OZ-wt,=,1.00,Cup,=,,Inactive,No,COGS - Prepped Food,Inventory - Prepped Food,"Spice, Red Chili Whole",100.00,Gram,100.0,,0.9677,0.9677,179.9253,179.9253,,0.00,,,0.00,,0.00,
BATCH Tamarind Margarita,1.00,Keg-1/6,4.00,OZ-fl,169.07,,Inactive,=,1.00,Keg-1/6,=,,Inactive,No,COGS - Liquor,Inventory - Liquor,"Tequila, Jose Cuervo",4.25,Liter,100.0,,95.1646,0.5629,250.1646,1.4797,,0.00,,,0.00,,0.00,
BATCH Tamarind Margarita,1.00,Keg-1/6,4.00,OZ-fl,169.07,,Inactive,=,1.00,Keg-1/6,=,,Inactive,No,COGS - Liquor,Inventory - Liquor,"Mix, Margarita Tamarind",1.00,Keg-1/6,100.0,,155.0000,0.9168,250.1646,1.4797,,0.00,,,0.00,,0.00,
BATCH Tandoori Paneer Cooked,679.20,OZ-wt,4.00,Each,144.00,679.20,OZ-wt,=,,Inactive,=,576.00,Each,No,COGS - Prepped Food,Inventory - Prepped Food,"Juice, Lemon",9.00,Tablespoon,100.0,,0.7484,0.0052,146.5985,1.0181,45 pieces in one bag of shrimp,0.00,,,0.00,,0.00,
BATCH Tandoori Paneer Cooked,679.20,OZ-wt,4.00,Each,144.00,679.20,OZ-wt,=,,Inactive,=,576.00,Each,No,COGS - Prepped Food,Inventory - Prepped Food,NEST Basting Liquid,18.00,1/4 Cup,100.0,,3.6097,0.0251,146.5985,1.0181,45 pieces in one bag of shrimp,0.00,,,0.00,,0.00,
BATCH Tandoori Paneer Cooked,679.20,OZ-wt,4.00,Each,144.00,679.20,OZ-wt,=,,Inactive,=,576.00,Each,No,COGS - Prepped Food,Inventory - Prepped Food,BATCH Tandoori Paneer Marinated,18.00,1/6 Deep Pan-2qt,100.0,,142.2404,0.9878,146.5985,1.0181,45 pieces in one bag of shrimp,0.00,,,0.00,,0.00,
BATCH Tandoori Paneer Marinated,42.45,lb,5.00,Each,115.20,42.45,lb,=,18.00,1/6 Deep Pan-2qt,=,576.00,Each,No,COGS - Produce,Inventory - Prepped Food,"Cheese, Paneer",25.00,lb,100.0,,112.2500,0.9744,142.2404,1.2347,,0.00,,,0.00,,0.00,
BATCH Tandoori Paneer Marinated,42.45,lb,5.00,Each,115.20,42.45,lb,=,18.00,1/6 Deep Pan-2qt,=,576.00,Each,No,COGS - Produce,Inventory - Prepped Food,Nest Paneer Marination Sauce,7.29,lb,100.0,,14.7947,0.1284,142.2404,1.2347,,0.00,,,0.00,,0.00,
BATCH Tandoori Paneer Marinated,42.45,lb,5.00,Each,115.20,42.45,lb,=,18.00,1/6 Deep Pan-2qt,=,576.00,Each,No,COGS - Produce,Inventory - Prepped Food,YIELD Peppers Red Square,2.50,lb,100.0,,6.4625,0.0561,142.2404,1.2347,,0.00,,,0.00,,0.00,
BATCH Tandoori Paneer Marinated,42.45,lb,5.00,Each,115.20,42.45,lb,=,18.00,1/6 Deep Pan-2qt,=,576.00,Each,No,COGS - Produce,Inventory - Prepped Food,YIELD Peppers Green Square,2.50,lb,100.0,,3.8481,0.0334,142.2404,1.2347,,0.00,,,0.00,,0.00,
BATCH Tandoori Paneer Marinated,42.45,lb,5.00,Each,115.20,42.45,lb,=,18.00,1/6 Deep Pan-2qt,=,576.00,Each,No,COGS - Produce,Inventory - Prepped Food,YIELD Onion Red Square,2.50,lb,100.0,,3.1443,0.0273,142.2404,1.2347,,0.00,,,0.00,,0.00,
BATCH Tandoori Paneer Marinated,42.45,lb,5.00,Each,115.20,42.45,lb,=,18.00,1/6 Deep Pan-2qt,=,576.00,Each,No,COGS - Produce,Inventory - Prepped Food,YIELD Onion Yellow Square,2.50,lb,100.0,,1.7408,0.0151,142.2404,1.2347,,0.00,,,0.00,,0.00,
BATCH That Fire Hot Sauce,26.00,Quart,26.00,Quart,1.00,2.30,OZ-wt,=,0.25,Cup,=,,Inactive,No,COGS - Prepped Food,Inventory - Prepped Food,"Peppers, Habanero Orange",8.00,lb,100.0,,33.9000,33.9000,223.8049,223.8049,,0.00,,,0.00,,0.00,
BATCH That Fire Hot Sauce,26.00,Quart,26.00,Quart,1.00,2.30,OZ-wt,=,0.25,Cup,=,,Inactive,No,COGS - Prepped Food,Inventory - Prepped Food,"Peppers, Habenero Red",8.00,lb,100.0,,42.9000,42.9000,223.8049,223.8049,,0.00,,,0.00,,0.00,
BATCH That Fire Hot Sauce,26.00,Quart,26.00,Quart,1.00,2.30,OZ-wt,=,0.25,Cup,=,,Inactive,No,COGS - Prepped Food,Inventory - Prepped Food,"Garlic, Loose",2.00,Quart,100.0,,11.3442,11.3442,223.8049,223.8049,,0.00,,,0.00,,0.00,
BATCH That Fire Hot Sauce,26.00,Quart,26.00,Quart,1.00,2.30,OZ-wt,=,0.25,Cup,=,,Inactive,No,COGS - Prepped Food,Inventory - Prepped Food,"Herb, Curry Leaves",32.00,OZ-fl,100.0,,4.3350,4.3350,223.8049,223.8049,,0.00,,,0.00,,0.00,
BATCH That Fire Hot Sauce,26.00,Quart,26.00,Quart,1.00,2.30,OZ-wt,=,0.25,Cup,=,,Inactive,No,COGS - Prepped Food,Inventory - Prepped Food,"Spice, Coriander Seed",12.00,OZ-fl,100.0,,0.5330,0.5330,223.8049,223.8049,,0.00,,,0.00,,0.00,
BATCH That Fire Hot Sauce,26.00,Quart,26.00,Quart,1.00,2.30,OZ-wt,=,0.25,Cup,=,,Inactive,No,COGS - Prepped Food,Inventory - Prepped Food,"Seed, Sunflower",16.00,OZ-fl,100.0,,1.9526,1.9526,223.8049,223.8049,,0.00,,,0.00,,0.00,
BATCH That Fire Hot Sauce,26.00,Quart,26.00,Quart,1.00,2.30,OZ-wt,=,0.25,Cup,=,,Inactive,No,COGS - Prepped Food,Inventory - Prepped Food,"Lentil, Chana Dal Roasted",2.00,Quart,100.0,,5.2756,5.2756,223.8049,223.8049,,0.00,,,0.00,,0.00,
BATCH That Fire Hot Sauce,26.00,Quart,26.00,Quart,1.00,2.30,OZ-wt,=,0.25,Cup,=,,Inactive,No,COGS - Prepped Food,Inventory - Prepped Food,"Spice, Ajwain Seed",4.00,OZ-fl,100.0,,0.3711,0.3711,223.8049,223.8049,,0.00,,,0.00,,0.00,
BATCH That Fire Hot Sauce,26.00,Quart,26.00,Quart,1.00,2.30,OZ-wt,=,0.25,Cup,=,,Inactive,No,COGS - Prepped Food,Inventory - Prepped Food,"Spice, Cumin Seeds",4.00,OZ-fl,100.0,,0.5762,0.5762,223.8049,223.8049,,0.00,,,0.00,,0.00,
BATCH That Fire Hot Sauce,26.00,Quart,26.00,Quart,1.00,2.30,OZ-wt,=,0.25,Cup,=,,Inactive,No,COGS - Prepped Food,Inventory - Prepped Food,"Spice, Black Pepper Whole Telicherry",6.00,OZ-fl,100.0,,1.0474,1.0474,223.8049,223.8049,,0.00,,,0.00,,0.00,
BATCH That Fire Hot Sauce,26.00,Quart,26.00,Quart,1.00,2.30,OZ-wt,=,0.25,Cup,=,,Inactive,No,COGS - Prepped Food,Inventory - Prepped Food,"Mangos, Chopped",4.00,lb,100.0,,47.9600,47.9600,223.8049,223.8049,,0.00,,,0.00,,0.00,
BATCH That Fire Hot Sauce,26.00,Quart,26.00,Quart,1.00,2.30,OZ-wt,=,0.25,Cup,=,,Inactive,No,COGS - Prepped Food,Inventory - Prepped Food,"Peppers, Jalapeno",54.40,OZ-wt,100.0,,7.0223,7.0223,223.8049,223.8049,,0.00,,,0.00,,0.00,
BATCH That Fire Hot Sauce,26.00,Quart,26.00,Quart,1.00,2.30,OZ-wt,=,0.25,Cup,=,,Inactive,No,COGS - Prepped Food,Inventory - Prepped Food,Lemons,6.00,Each,100.0,,1.3272,1.3272,223.8049,223.8049,,0.00,,,0.00,,0.00,
BATCH That Fire Hot Sauce,26.00,Quart,26.00,Quart,1.00,2.30,OZ-wt,=,0.25,Cup,=,,Inactive,No,COGS - Prepped Food,Inventory - Prepped Food,"Tomato, Whole Peeled",2.00,Can-#10,100.0,,10.7400,10.7400,223.8049,223.8049,,0.00,,,0.00,,0.00,
BATCH That Fire Hot Sauce,26.00,Quart,26.00,Quart,1.00,2.30,OZ-wt,=,0.25,Cup,=,,Inactive,No,COGS - Prepped Food,Inventory - Prepped Food,"Peppers, Thai Chili Green",1.00,lb,100.0,,23.7000,23.7000,223.8049,223.8049,,0.00,,,0.00,,0.00,
BATCH That Fire Hot Sauce,26.00,Quart,26.00,Quart,1.00,2.30,OZ-wt,=,0.25,Cup,=,,Inactive,No,COGS - Prepped Food,Inventory - Prepped Food,"Peppers, Thai Chili Red",1.00,lb,100.0,,15.0000,15.0000,223.8049,223.8049,,0.00,,,0.00,,0.00,
BATCH That Fire Hot Sauce,26.00,Quart,26.00,Quart,1.00,2.30,OZ-wt,=,0.25,Cup,=,,Inactive,No,COGS - Prepped Food,Inventory - Prepped Food,Salt,30.00,OZ-fl,100.0,,3.1095,3.1095,223.8049,223.8049,,0.00,,,0.00,,0.00,
BATCH That Fire Hot Sauce,26.00,Quart,26.00,Quart,1.00,2.30,OZ-wt,=,0.25,Cup,=,,Inactive,No,COGS - Prepped Food,Inventory - Prepped Food,Vinegar Distilled White,8.00,Liter,100.0,,6.7417,6.7417,223.8049,223.8049,,0.00,,,0.00,,0.00,
BATCH That Fire Hot Sauce,26.00,Quart,26.00,Quart,1.00,2.30,OZ-wt,=,0.25,Cup,=,,Inactive,No,COGS - Prepped Food,Inventory - Prepped Food,Vinegar Distilled White,2.00,Quart,100.0,,1.5950,1.5950,223.8049,223.8049,,0.00,,,0.00,,0.00,
BATCH That Fire Hot Sauce,26.00,Quart,26.00,Quart,1.00,2.30,OZ-wt,=,0.25,Cup,=,,Inactive,No,COGS - Prepped Food,Inventory - Prepped Food,"Spice, Jaggery Powder",40.00,OZ-fl,100.0,,4.3741,4.3741,223.8049,223.8049,,0.00,,,0.00,,0.00,
BATCH That Fire Hot Sauce New - Do not use,26.00,Quart,26.00,Quart,1.00,,Inactive,=,1.00,Quart,=,,Inactive,No,COGS - Prepped Food,Inventory - Prepped Food,YIELD Peppers Jalapeno Chopped,4.00,Quart,100.0,,11.0980,11.0980,372.5200,372.5200,,0.00,,,0.00,,0.00,
BATCH That Fire Hot Sauce New - Do not use,26.00,Quart,26.00,Quart,1.00,,Inactive,=,1.00,Quart,=,,Inactive,No,COGS - Prepped Food,Inventory - Prepped Food,"Peppers, Habanero Orange",16.00,lb,100.0,,67.8001,67.8001,372.5200,372.5200,,0.00,,,0.00,,0.00,
BATCH That Fire Hot Sauce New - Do not use,26.00,Quart,26.00,Quart,1.00,,Inactive,=,1.00,Quart,=,,Inactive,No,COGS - Prepped Food,Inventory - Prepped Food,"Peppers, Habenero Red",16.00,lb,100.0,,85.8000,85.8000,372.5200,372.5200,,0.00,,,0.00,,0.00,
BATCH That Fire Hot Sauce New - Do not use,26.00,Quart,26.00,Quart,1.00,,Inactive,=,1.00,Quart,=,,Inactive,No,COGS - Prepped Food,Inventory - Prepped Food,"Garlic, Loose",4.00,Quart,100.0,,22.6885,22.6885,372.5200,372.5200,,0.00,,,0.00,,0.00,
BATCH That Fire Hot Sauce New - Do not use,26.00,Quart,26.00,Quart,1.00,,Inactive,=,1.00,Quart,=,,Inactive,No,COGS - Prepped Food,Inventory - Prepped Food,"Herb, Curry Leaves",2.00,Quart,100.0,,8.6700,8.6700,372.5200,372.5200,,0.00,,,0.00,,0.00,
BATCH That Fire Hot Sauce New - Do not use,26.00,Quart,26.00,Quart,1.00,,Inactive,=,1.00,Quart,=,,Inactive,No,COGS - Prepped Food,Inventory - Prepped Food,"Spice, Coriander Seed",3.00,Cup,100.0,,1.0660,1.0660,372.5200,372.5200,,0.00,,,0.00,,0.00,
BATCH That Fire Hot Sauce New - Do not use,26.00,Quart,26.00,Quart,1.00,,Inactive,=,1.00,Quart,=,,Inactive,No,COGS - Prepped Food,Inventory - Prepped Food,"Seed, Sunflower",4.00,Cup,100.0,,3.9052,3.9052,372.5200,372.5200,,0.00,,,0.00,,0.00,
BATCH That Fire Hot Sauce New - Do not use,26.00,Quart,26.00,Quart,1.00,,Inactive,=,1.00,Quart,=,,Inactive,No,COGS - Prepped Food,Inventory - Prepped Food,"Lentil, Chana Dal Roasted",4.00,Quart,100.0,,10.5512,10.5512,372.5200,372.5200,,0.00,,,0.00,,0.00,
BATCH That Fire Hot Sauce New - Do not use,26.00,Quart,26.00,Quart,1.00,,Inactive,=,1.00,Quart,=,,Inactive,No,COGS - Prepped Food,Inventory - Prepped Food,"Spice, Ajwain Seed",1.00,Cup,100.0,,0.7422,0.7422,372.5200,372.5200,,0.00,,,0.00,,0.00,
BATCH That Fire Hot Sauce New - Do not use,26.00,Quart,26.00,Quart,1.00,,Inactive,=,1.00,Quart,=,,Inactive,No,COGS - Prepped Food,Inventory - Prepped Food,"Spice, Cumin Seeds",1.00,Cup,100.0,,1.1524,1.1524,372.5200,372.5200,,0.00,,,0.00,,0.00,
BATCH That Fire Hot Sauce New - Do not use,26.00,Quart,26.00,Quart,1.00,,Inactive,=,1.00,Quart,=,,Inactive,No,COGS - Prepped Food,Inventory - Prepped Food,"Spice, Black Pepper Whole Telicherry",1.50,Cup,100.0,,2.0948,2.0948,372.5200,372.5200,,0.00,,,0.00,,0.00,
BATCH That Fire Hot Sauce New - Do not use,26.00,Quart,26.00,Quart,1.00,,Inactive,=,1.00,Quart,=,,Inactive,No,COGS - Prepped Food,Inventory - Prepped Food,Mangos,2.00,lb,100.0,,24.5000,24.5000,372.5200,372.5200,,0.00,,,0.00,,0.00,
BATCH That Fire Hot Sauce New - Do not use,26.00,Quart,26.00,Quart,1.00,,Inactive,=,1.00,Quart,=,,Inactive,No,COGS - Prepped Food,Inventory - Prepped Food,Lemons,12.00,Each,100.0,,2.6544,2.6544,372.5200,372.5200,,0.00,,,0.00,,0.00,
BATCH That Fire Hot Sauce New - Do not use,26.00,Quart,26.00,Quart,1.00,,Inactive,=,1.00,Quart,=,,Inactive,No,COGS - Prepped Food,Inventory - Prepped Food,"Tomato, Whole Peeled",4.00,Can-#10,100.0,,21.4800,21.4800,372.5200,372.5200,,0.00,,,0.00,,0.00,
BATCH That Fire Hot Sauce New - Do not use,26.00,Quart,26.00,Quart,1.00,,Inactive,=,1.00,Quart,=,,Inactive,No,COGS - Prepped Food,Inventory - Prepped Food,"Peppers, Thai Chili Green",2.00,lb,100.0,,47.4000,47.4000,372.5200,372.5200,,0.00,,,0.00,,0.00,
BATCH That Fire Hot Sauce New - Do not use,26.00,Quart,26.00,Quart,1.00,,Inactive,=,1.00,Quart,=,,Inactive,No,COGS - Prepped Food,Inventory - Prepped Food,"Peppers, Thai Chili Red",2.00,lb,100.0,,30.0000,30.0000,372.5200,372.5200,,0.00,,,0.00,,0.00,
BATCH That Fire Hot Sauce New - Do not use,26.00,Quart,26.00,Quart,1.00,,Inactive,=,1.00,Quart,=,,Inactive,No,COGS - Prepped Food,Inventory - Prepped Food,Salt,7.50,Cup,100.0,,6.2189,6.2189,372.5200,372.5200,,0.00,,,0.00,,0.00,
BATCH That Fire Hot Sauce New - Do not use,26.00,Quart,26.00,Quart,1.00,,Inactive,=,1.00,Quart,=,,Inactive,No,COGS - Prepped Food,Inventory - Prepped Food,Vinegar Distilled White,20.00,Quart,100.0,,15.9500,15.9500,372.5200,372.5200,,0.00,,,0.00,,0.00,
BATCH That Fire Hot Sauce New - Do not use,26.00,Quart,26.00,Quart,1.00,,Inactive,=,1.00,Quart,=,,Inactive,No,COGS - Prepped Food,Inventory - Prepped Food,"Spice, Jaggery Powder",2.50,Quart,100.0,,8.7483,8.7483,372.5200,372.5200,,0.00,,,0.00,,0.00,
BATCH Tikka Masala Sauce,7.28,lb,4.00,OZ-fl,27.73,8.40,OZ-wt,=,1.00,Cup,=,,Inactive,No,COGS - Prepped Food,Inventory - Prepped Food,EVERMADE Coconut Ginger Sauce,0.50,Quart,100.0,,3.1994,0.1154,20.4126,0.7362,,,,,,,,
BATCH Tikka Masala Sauce,7.28,lb,4.00,OZ-fl,27.73,8.40,OZ-wt,=,1.00,Cup,=,,Inactive,No,COGS - Prepped Food,Inventory - Prepped Food,EVERMADE Tomato Garlic Sauce,1.00,Quart,100.0,,6.0189,0.2171,20.4126,0.7362,,,,,,,,
BATCH Tikka Masala Sauce,7.28,lb,4.00,OZ-fl,27.73,8.40,OZ-wt,=,1.00,Cup,=,,Inactive,No,COGS - Prepped Food,Inventory - Prepped Food,EVERMADE Tamarind Chili Sauce,2.00,Quart,100.0,,11.1943,0.4037,20.4126,0.7362,,,,,,,,
BATCH Toasted Cumin Yogurt,20.00,Quart,20.00,Quart,1.00,2.25,OZ-wt,=,0.25,Cup,=,,Inactive,No,COGS - Prepped Food,Inventory - Prepped Food,"Spice, Kashmiri Chili Powder",2.00,Tablespoon,100.0,,0.2109,0.2109,56.9542,56.9542,,0.00,,,0.00,,0.00,
BATCH Toasted Cumin Yogurt,20.00,Quart,20.00,Quart,1.00,2.25,OZ-wt,=,0.25,Cup,=,,Inactive,No,COGS - Prepped Food,Inventory - Prepped Food,Yogurt,18.00,Quart,100.0,,55.1763,55.1763,56.9542,56.9542,,0.00,,,0.00,,0.00,
BATCH Toasted Cumin Yogurt,20.00,Quart,20.00,Quart,1.00,2.25,OZ-wt,=,0.25,Cup,=,,Inactive,No,COGS - Prepped Food,Inventory - Prepped Food,NEST Cumin Seeds Toasted,8.00,OZ-fl,100.0,,1.1524,1.1524,56.9542,56.9542,,0.00,,,0.00,,0.00,
BATCH Toasted Cumin Yogurt,20.00,Quart,20.00,Quart,1.00,2.25,OZ-wt,=,0.25,Cup,=,,Inactive,No,COGS - Prepped Food,Inventory - Prepped Food,Salt,4.00,OZ-fl,100.0,,0.4146,0.4146,56.9542,56.9542,,0.00,,,0.00,,0.00,
BATCH Tofu Cauliflower Cooked,29.70,OZ-wt,5.60,OZ-wt,5.30,5.60,OZ-wt,=,4.00,OZ-fl,=,,Inactive,No,COGS - Produce,Inventory - Prepped Food,NEST Basting Liquid,0.25,Cup,100.0,,0.2005,0.0378,4.6692,0.8809,,0.00,,,0.00,,0.00,
BATCH Tofu Cauliflower Cooked,29.70,OZ-wt,5.60,OZ-wt,5.30,5.60,OZ-wt,=,4.00,OZ-fl,=,,Inactive,No,COGS - Produce,Inventory - Prepped Food,BATCH Tofu Cauliflower Marinated,38.60,OZ-wt,100.0,,4.2953,0.8104,4.6692,0.8809,,0.00,,,0.00,,0.00,
BATCH Tofu Cauliflower Cooked,29.70,OZ-wt,5.60,OZ-wt,5.30,5.60,OZ-wt,=,4.00,OZ-fl,=,,Inactive,No,COGS - Produce,Inventory - Prepped Food,"Nuts, Almonds",1.00,OZ-fl,100.0,,0.1734,0.0327,4.6692,0.8809,,0.00,,,0.00,,0.00,
BATCH Tofu Cauliflower Marinated,48.80,lb,5.00,OZ-wt,156.16,38.60,OZ-wt,=,2.00,Quart,=,,Inactive,No,COGS - Produce,Inventory - Prepped Food,"Oil, Sunflower",2.00,Cup,100.0,,1.4193,0.0091,86.8845,0.5564,,0.00,,,0.00,,0.00,
BATCH Tofu Cauliflower Marinated,48.80,lb,5.00,OZ-wt,156.16,38.60,OZ-wt,=,2.00,Quart,=,,Inactive,No,COGS - Produce,Inventory - Prepped Food,"Flour, Chickpea",3.00,Cup,100.0,,1.0755,0.0069,86.8845,0.5564,,0.00,,,0.00,,0.00,
BATCH Tofu Cauliflower Marinated,48.80,lb,5.00,OZ-wt,156.16,38.60,OZ-wt,=,2.00,Quart,=,,Inactive,No,COGS - Produce,Inventory - Prepped Food,NEST Ginger Garlic Paste,2.00,Cup,100.0,,2.1606,0.0138,86.8845,0.5564,,0.00,,,0.00,,0.00,
BATCH Tofu Cauliflower Marinated,48.80,lb,5.00,OZ-wt,156.16,38.60,OZ-wt,=,2.00,Quart,=,,Inactive,No,COGS - Produce,Inventory - Prepped Food,NEST Almond Paste,32.00,OZ-fl,100.0,,4.1625,0.0267,86.8845,0.5564,,0.00,,,0.00,,0.00,
BATCH Tofu Cauliflower Marinated,48.80,lb,5.00,OZ-wt,156.16,38.60,OZ-wt,=,2.00,Quart,=,,Inactive,No,COGS - Produce,Inventory - Prepped Food,Tofu,9.00,Packet-12oz-wt,100.0,,15.9429,0.1021,86.8845,0.5564,,0.00,,,0.00,,0.00,
BATCH Tofu Cauliflower Marinated,48.80,lb,5.00,OZ-wt,156.16,38.60,OZ-wt,=,2.00,Quart,=,,Inactive,No,COGS - Produce,Inventory - Prepped Food,Cauliflower,5.00,Each,100.0,,13.9583,0.0894,86.8845,0.5564,,0.00,,,0.00,,0.00,
BATCH Tofu Cauliflower Marinated,48.80,lb,5.00,OZ-wt,156.16,38.60,OZ-wt,=,2.00,Quart,=,,Inactive,No,COGS - Produce,Inventory - Prepped Food,"Paste, Soybean",0.50,Cup,100.0,,1.9535,0.0125,86.8845,0.5564,,0.00,,,0.00,,0.00,
BATCH Tofu Cauliflower Marinated,48.80,lb,5.00,OZ-wt,156.16,38.60,OZ-wt,=,2.00,Quart,=,,Inactive,No,COGS - Produce,Inventory - Prepped Food,NEST Spice Bag Tofu + Paneer,1.00,Portion,100.0,,2.5687,0.0164,86.8845,0.5564,,0.00,,,0.00,,0.00,
BATCH Tofu Cauliflower Marinated,48.80,lb,5.00,OZ-wt,156.16,38.60,OZ-wt,=,2.00,Quart,=,,Inactive,No,COGS - Produce,Inventory - Prepped Food,YIELD Peppers Red Square,5.00,lb,100.0,,12.9250,0.0828,86.8845,0.5564,,0.00,,,0.00,,0.00,
BATCH Tofu Cauliflower Marinated,48.80,lb,5.00,OZ-wt,156.16,38.60,OZ-wt,=,2.00,Quart,=,,Inactive,No,COGS - Produce,Inventory - Prepped Food,YIELD Peppers Green Square,5.00,lb,100.0,,7.6962,0.0493,86.8845,0.5564,,0.00,,,0.00,,0.00,
BATCH Tofu Cauliflower Marinated,48.80,lb,5.00,OZ-wt,156.16,38.60,OZ-wt,=,2.00,Quart,=,,Inactive,No,COGS - Produce,Inventory - Prepped Food,YIELD Onion Red Square,10.00,lb,100.0,,12.5772,0.0805,86.8845,0.5564,,0.00,,,0.00,,0.00,
BATCH Tofu Cauliflower Marinated,48.80,lb,5.00,OZ-wt,156.16,38.60,OZ-wt,=,2.00,Quart,=,,Inactive,No,COGS - Produce,Inventory - Prepped Food,YIELD Onion Yellow Square,15.00,lb,100.0,,10.4448,0.0669,86.8845,0.5564,,0.00,,,0.00,,0.00,
BATCH Tomato Chutney,29.00,Quart,29.00,Quart,1.00,,Inactive,=,1.00,Quart,=,,Inactive,No,COGS - Prepped Food,Inventory - Prepped Food,YIELD Onion Yellow Sliced,3.50,Quart,100.0,,2.3316,2.3316,88.0795,88.0795,,0.00,,,0.00,,0.00,
BATCH Tomato Chutney,29.00,Quart,29.00,Quart,1.00,,Inactive,=,1.00,Quart,=,,Inactive,No,COGS - Prepped Food,Inventory - Prepped Food,"Oil, Sunflower",3.00,Cup,100.0,,2.1289,2.1289,88.0795,88.0795,,0.00,,,0.00,,0.00,
BATCH Tomato Chutney,29.00,Quart,29.00,Quart,1.00,,Inactive,=,1.00,Quart,=,,Inactive,No,COGS - Prepped Food,Inventory - Prepped Food,"Spice, Red Chili Whole",8.00,Each,100.0,,0.0439,0.0439,88.0795,88.0795,,0.00,,,0.00,,0.00,
BATCH Tomato Chutney,29.00,Quart,29.00,Quart,1.00,,Inactive,=,1.00,Quart,=,,Inactive,No,COGS - Prepped Food,Inventory - Prepped Food,"Spice, Mustard Seed",0.50,Cup,100.0,,0.4496,0.4496,88.0795,88.0795,,0.00,,,0.00,,0.00,
BATCH Tomato Chutney,29.00,Quart,29.00,Quart,1.00,,Inactive,=,1.00,Quart,=,,Inactive,No,COGS - Prepped Food,Inventory - Prepped Food,"Lentil, Urad Dal",0.50,Cup,100.0,,0.3281,0.3281,88.0795,88.0795,,0.00,,,0.00,,0.00,
BATCH Tomato Chutney,29.00,Quart,29.00,Quart,1.00,,Inactive,=,1.00,Quart,=,,Inactive,No,COGS - Prepped Food,Inventory - Prepped Food,YIELD Garlic Chopped,1.00,Cup,100.0,,3.2776,3.2776,88.0795,88.0795,,0.00,,,0.00,,0.00,
BATCH Tomato Chutney,29.00,Quart,29.00,Quart,1.00,,Inactive,=,1.00,Quart,=,,Inactive,No,COGS - Prepped Food,Inventory - Prepped Food,"Herb, Curry Leaves",0.50,Cup,100.0,,0.5419,0.5419,88.0795,88.0795,,0.00,,,0.00,,0.00,
BATCH Tomato Chutney,29.00,Quart,29.00,Quart,1.00,,Inactive,=,1.00,Quart,=,,Inactive,No,COGS - Prepped Food,Inventory - Prepped Food,"Spice, Red Chili Powder",0.50,Cup,100.0,,0.5565,0.5565,88.0795,88.0795,,0.00,,,0.00,,0.00,
BATCH Tomato Chutney,29.00,Quart,29.00,Quart,1.00,,Inactive,=,1.00,Quart,=,,Inactive,No,COGS - Prepped Food,Inventory - Prepped Food,"Spice, Coriander Powder",1.00,Cup,100.0,,0.5495,0.5495,88.0795,88.0795,,0.00,,,0.00,,0.00,
BATCH Tomato Chutney,29.00,Quart,29.00,Quart,1.00,,Inactive,=,1.00,Quart,=,,Inactive,No,COGS - Prepped Food,Inventory - Prepped Food,"Spice, Turmeric Powder",1.00,Tablespoon,100.0,,0.0515,0.0515,88.0795,88.0795,,0.00,,,0.00,,0.00,
BATCH Tomato Chutney,29.00,Quart,29.00,Quart,1.00,,Inactive,=,1.00,Quart,=,,Inactive,No,COGS - Prepped Food,Inventory - Prepped Food,"Spice, Asafoetida",1.00,Tablespoon,100.0,,0.2860,0.2860,88.0795,88.0795,,0.00,,,0.00,,0.00,
BATCH Tomato Chutney,29.00,Quart,29.00,Quart,1.00,,Inactive,=,1.00,Quart,=,,Inactive,No,COGS - Prepped Food,Inventory - Prepped Food,"ZZZ Tomato, 6x6",2.00,CS=25lb,100.0,,76.0000,76.0000,88.0795,88.0795,,0.00,,,0.00,,0.00,
BATCH Tomato Chutney,29.00,Quart,29.00,Quart,1.00,,Inactive,=,1.00,Quart,=,,Inactive,No,COGS - Prepped Food,Inventory - Prepped Food,NEST Tamarind Puree,1.75,Cup,100.0,,0.6016,0.6016,88.0795,88.0795,,0.00,,,0.00,,0.00,
BATCH Tomato Chutney,29.00,Quart,29.00,Quart,1.00,,Inactive,=,1.00,Quart,=,,Inactive,No,COGS - Prepped Food,Inventory - Prepped Food,Salt,1.00,Cup,100.0,,0.8292,0.8292,88.0795,88.0795,,0.00,,,0.00,,0.00,
BATCH Tomato Chutney,29.00,Quart,29.00,Quart,1.00,,Inactive,=,1.00,Quart,=,,Inactive,No,COGS - Prepped Food,Inventory - Prepped Food,Salt,2.00,Tablespoon,100.0,,0.1036,0.1036,88.0795,88.0795,,0.00,,,0.00,,0.00,
BATCH Tomato Garlic Sauce,94.00,lb,4.00,OZ-fl,341.82,4.40,OZ-wt,=,0.50,Cup,=,,Inactive,No,COGS - Prepped Food,Inventory - Prepped Food,YIELD Onion Red Chopped,2.00,Cup,100.0,,1.0510,0.0031,127.8178,0.3741,,0.00,,,0.00,,0.00,
BATCH Tomato Garlic Sauce,94.00,lb,4.00,OZ-fl,341.82,4.40,OZ-wt,=,0.50,Cup,=,,Inactive,No,COGS - Prepped Food,Inventory - Prepped Food,NEST Spice Bag Tomato Garlic Sauce,1.00,Portion,100.0,,2.6357,0.0077,127.8178,0.3741,,0.00,,,0.00,,0.00,
BATCH Tomato Garlic Sauce,94.00,lb,4.00,OZ-fl,341.82,4.40,OZ-wt,=,0.50,Cup,=,,Inactive,No,COGS - Prepped Food,Inventory - Prepped Food,"Tomato, Whole Peeled",12.00,Can-#10,100.0,,64.4400,0.1885,127.8178,0.3741,,0.00,,,0.00,,0.00,
BATCH Tomato Garlic Sauce,94.00,lb,4.00,OZ-fl,341.82,4.40,OZ-wt,=,0.50,Cup,=,,Inactive,No,COGS - Prepped Food,Inventory - Prepped Food,"Butter, Unsalted",5.00,lb,100.0,,14.2500,0.0417,127.8178,0.3741,,0.00,,,0.00,,0.00,
BATCH Tomato Garlic Sauce,94.00,lb,4.00,OZ-fl,341.82,4.40,OZ-wt,=,0.50,Cup,=,,Inactive,No,COGS - Prepped Food,Inventory - Prepped Food,YIELD Garlic Chopped,1.00,Quart,100.0,,13.1103,0.0384,127.8178,0.3741,,0.00,,,0.00,,0.00,
BATCH Tomato Garlic Sauce,94.00,lb,4.00,OZ-fl,341.82,4.40,OZ-wt,=,0.50,Cup,=,,Inactive,No,COGS - Prepped Food,Inventory - Prepped Food,"Wine, Cooking",3.00,Quart,100.0,,7.2396,0.0212,127.8178,0.3741,,0.00,,,0.00,,0.00,
BATCH Tomato Garlic Sauce,94.00,lb,4.00,OZ-fl,341.82,4.40,OZ-wt,=,0.50,Cup,=,,Inactive,No,COGS - Prepped Food,Inventory - Prepped Food,NEST Toasted Fenugreek Powder,2.00,Tablespoon,100.0,,0.2300,0.0007,127.8178,0.3741,,0.00,,,0.00,,0.00,
BATCH Tomato Garlic Sauce,94.00,lb,4.00,OZ-fl,341.82,4.40,OZ-wt,=,0.50,Cup,=,,Inactive,No,COGS - Prepped Food,Inventory - Prepped Food,"Spice, Garam Masala",0.25,Cup,100.0,,0.2492,0.0007,127.8178,0.3741,,0.00,,,0.00,,0.00,
BATCH Tomato Garlic Sauce,94.00,lb,4.00,OZ-fl,341.82,4.40,OZ-wt,=,0.50,Cup,=,,Inactive,No,COGS - Prepped Food,Inventory - Prepped Food,"Spice, Coriander Powder",1.00,Cup,100.0,,0.5495,0.0016,127.8178,0.3741,,0.00,,,0.00,,0.00,
BATCH Tomato Garlic Sauce,94.00,lb,4.00,OZ-fl,341.82,4.40,OZ-wt,=,0.50,Cup,=,,Inactive,No,COGS - Prepped Food,Inventory - Prepped Food,"Spice, Cumin Powder",1.00,Cup,100.0,,1.2494,0.0037,127.8178,0.3741,,0.00,,,0.00,,0.00,
BATCH Tomato Garlic Sauce,94.00,lb,4.00,OZ-fl,341.82,4.40,OZ-wt,=,0.50,Cup,=,,Inactive,No,COGS - Prepped Food,Inventory - Prepped Food,"Cream, Heavy",4.00,Quart,100.0,,16.8767,0.0494,127.8178,0.3741,,0.00,,,0.00,,0.00,
BATCH Tomato Garlic Sauce,94.00,lb,4.00,OZ-fl,341.82,4.40,OZ-wt,=,0.50,Cup,=,,Inactive,No,COGS - Prepped Food,Inventory - Prepped Food,Honey,1.00,Cup,100.0,,2.0496,0.0060,127.8178,0.3741,,0.00,,,0.00,,0.00,
BATCH Tomato Garlic Sauce,94.00,lb,4.00,OZ-fl,341.82,4.40,OZ-wt,=,0.50,Cup,=,,Inactive,No,COGS - Prepped Food,Inventory - Prepped Food,Salt,1.50,Cup,100.0,,1.2438,0.0036,127.8178,0.3741,,0.00,,,0.00,,0.00,
BATCH Tomato Garlic Sauce,94.00,lb,4.00,OZ-fl,341.82,4.40,OZ-wt,=,0.50,Cup,=,,Inactive,No,COGS - Prepped Food,Inventory - Prepped Food,NEST Cardamom Ground,0.25,Cup,100.0,,1.9334,0.0057,127.8178,0.3741,,0.00,,,0.00,,0.00,
BATCH Tomato Garlic Sauce,94.00,lb,4.00,OZ-fl,341.82,4.40,OZ-wt,=,0.50,Cup,=,,Inactive,No,COGS - Prepped Food,Inventory - Prepped Food,"Oil, Sunflower",1.00,Cup,100.0,,0.7096,0.0021,127.8178,0.3741,,0.00,,,0.00,,0.00,
BATCH Tomato Garlic Sauce - Test 03.20.25,265.92,lb,4.00,OZ-fl,966.98,4.40,OZ-wt,=,0.50,Cup,=,,Inactive,No,COGS - Prepped Food,Inventory - Prepped Food,NEST Cardamom Ground,0.50,Cup,100.0,,3.8668,0.0040,370.6397,0.3834,,0.00,,,0.00,,0.00,
BATCH Tomato Garlic Sauce - Test 03.20.25,265.92,lb,4.00,OZ-fl,966.98,4.40,OZ-wt,=,0.50,Cup,=,,Inactive,No,COGS - Prepped Food,Inventory - Prepped Food,"Spice, Garam Masala",0.50,Cup,100.0,,0.4985,0.0005,370.6397,0.3834,,0.00,,,0.00,,0.00,
BATCH Tomato Garlic Sauce - Test 03.20.25,265.92,lb,4.00,OZ-fl,966.98,4.40,OZ-wt,=,0.50,Cup,=,,Inactive,No,COGS - Prepped Food,Inventory - Prepped Food,NEST Toasted Fenugreek Powder,4.00,Tablespoon,100.0,,0.4600,0.0005,370.6397,0.3834,,0.00,,,0.00,,0.00,
BATCH Tomato Garlic Sauce - Test 03.20.25,265.92,lb,4.00,OZ-fl,966.98,4.40,OZ-wt,=,0.50,Cup,=,,Inactive,No,COGS - Prepped Food,Inventory - Prepped Food,"Spice, Star Anise",16.00,Each,100.0,,0.2259,0.0002,370.6397,0.3834,,0.00,,,0.00,,0.00,
BATCH Tomato Garlic Sauce - Test 03.20.25,265.92,lb,4.00,OZ-fl,966.98,4.40,OZ-wt,=,0.50,Cup,=,,Inactive,No,COGS - Prepped Food,Inventory - Prepped Food,"Spice, Cumin Seeds",1.00,OZ-wt,100.0,,0.2744,0.0003,370.6397,0.3834,,0.00,,,0.00,,0.00,
BATCH Tomato Garlic Sauce - Test 03.20.25,265.92,lb,4.00,OZ-fl,966.98,4.40,OZ-wt,=,0.50,Cup,=,,Inactive,No,COGS - Prepped Food,Inventory - Prepped Food,"Spice, Fennel Seeds",1.00,OZ-wt,100.0,,0.1603,0.0002,370.6397,0.3834,,0.00,,,0.00,,0.00,
BATCH Tomato Garlic Sauce - Test 03.20.25,265.92,lb,4.00,OZ-fl,966.98,4.40,OZ-wt,=,0.50,Cup,=,,Inactive,No,COGS - Prepped Food,Inventory - Prepped Food,"Spice, Black Pepper Whole Telicherry",1.40,OZ-wt,100.0,,0.3491,0.0004,370.6397,0.3834,,0.00,,,0.00,,0.00,
BATCH Tomato Garlic Sauce - Test 03.20.25,265.92,lb,4.00,OZ-fl,966.98,4.40,OZ-wt,=,0.50,Cup,=,,Inactive,No,COGS - Prepped Food,Inventory - Prepped Food,"Spice, Clove",0.60,OZ-wt,100.0,,0.2807,0.0003,370.6397,0.3834,,0.00,,,0.00,,0.00,
BATCH Tomato Garlic Sauce - Test 03.20.25,265.92,lb,4.00,OZ-fl,966.98,4.40,OZ-wt,=,0.50,Cup,=,,Inactive,No,COGS - Prepped Food,Inventory - Prepped Food,"Spice, Cardamom Green",1.20,OZ-wt,100.0,,1.8368,0.0019,370.6397,0.3834,,0.00,,,0.00,,0.00,
BATCH Tomato Garlic Sauce - Test 03.20.25,265.92,lb,4.00,OZ-fl,966.98,4.40,OZ-wt,=,0.50,Cup,=,,Inactive,No,COGS - Prepped Food,Inventory - Prepped Food,Salt,2.25,Cup,100.0,,1.8657,0.0019,370.6397,0.3834,,0.00,,,0.00,,0.00,
BATCH Tomato Garlic Sauce - Test 03.20.25,265.92,lb,4.00,OZ-fl,966.98,4.40,OZ-wt,=,0.50,Cup,=,,Inactive,No,COGS - Prepped Food,Inventory - Prepped Food,"Cream, Heavy",20.81,lb,100.0,this is 1/2 and 1/2,41.7602,0.0432,370.6397,0.3834,,0.00,,,0.00,,0.00,
BATCH Tomato Garlic Sauce - Test 03.20.25,265.92,lb,4.00,OZ-fl,966.98,4.40,OZ-wt,=,0.50,Cup,=,,Inactive,No,COGS - Prepped Food,Inventory - Prepped Food,"Cream, Heavy",20.70,lb,100.0,,41.5395,0.0430,370.6397,0.3834,,0.00,,,0.00,,0.00,
BATCH Tomato Garlic Sauce - Test 03.20.25,265.92,lb,4.00,OZ-fl,966.98,4.40,OZ-wt,=,0.50,Cup,=,,Inactive,No,COGS - Prepped Food,Inventory - Prepped Food,Yogurt,4.74,lb,100.0,,5.9305,0.0061,370.6397,0.3834,,0.00,,,0.00,,0.00,
BATCH Tomato Garlic Sauce - Test 03.20.25,265.92,lb,4.00,OZ-fl,966.98,4.40,OZ-wt,=,0.50,Cup,=,,Inactive,No,COGS - Prepped Food,Inventory - Prepped Food,"Butter, Unsalted",10.00,lb,100.0,,28.5000,0.0295,370.6397,0.3834,,0.00,,,0.00,,0.00,
BATCH Tomato Garlic Sauce - Test 03.20.25,265.92,lb,4.00,OZ-fl,966.98,4.40,OZ-wt,=,0.50,Cup,=,,Inactive,No,COGS - Prepped Food,Inventory - Prepped Food,"Peppers, Jalapeno",2.00,lb,100.0,,4.1308,0.0043,370.6397,0.3834,,0.00,,,0.00,,0.00,
BATCH Tomato Garlic Sauce - Test 03.20.25,265.92,lb,4.00,OZ-fl,966.98,4.40,OZ-wt,=,0.50,Cup,=,,Inactive,No,COGS - Prepped Food,Inventory - Prepped Food,"Tomato, Paste",666.00,OZ-wt,100.0,,62.0179,0.0641,370.6397,0.3834,,0.00,,,0.00,,0.00,
BATCH Tomato Garlic Sauce - Test 03.20.25,265.92,lb,4.00,OZ-fl,966.98,4.40,OZ-wt,=,0.50,Cup,=,,Inactive,No,COGS - Prepped Food,Inventory - Prepped Food,"Spice, Turmeric Powder",2.20,OZ-wt,100.0,,0.3022,0.0003,370.6397,0.3834,,0.00,,,0.00,,0.00,
BATCH Tomato Garlic Sauce - Test 03.20.25,265.92,lb,4.00,OZ-fl,966.98,4.40,OZ-wt,=,0.50,Cup,=,,Inactive,No,COGS - Prepped Food,Inventory - Prepped Food,"Spice, Curry Powder",4.60,OZ-wt,100.0,,0.6871,0.0007,370.6397,0.3834,,0.00,,,0.00,,0.00,
BATCH Tomato Garlic Sauce - Test 03.20.25,265.92,lb,4.00,OZ-fl,966.98,4.40,OZ-wt,=,0.50,Cup,=,,Inactive,No,COGS - Prepped Food,Inventory - Prepped Food,"Spice, Ginger Powder",5.40,OZ-wt,100.0,,1.2818,0.0013,370.6397,0.3834,,0.00,,,0.00,,0.00,
BATCH Tomato Garlic Sauce - Test 03.20.25,265.92,lb,4.00,OZ-fl,966.98,4.40,OZ-wt,=,0.50,Cup,=,,Inactive,No,COGS - Prepped Food,Inventory - Prepped Food,"Spice, Garlic Powder",10.90,OZ-wt,100.0,,2.0424,0.0021,370.6397,0.3834,,0.00,,,0.00,,0.00,
BATCH Tomato Garlic Sauce - Test 03.20.25,265.92,lb,4.00,OZ-fl,966.98,4.40,OZ-wt,=,0.50,Cup,=,,Inactive,No,COGS - Prepped Food,Inventory - Prepped Food,"Spice, Cumin Powder",9.90,OZ-wt,100.0,,2.4738,0.0026,370.6397,0.3834,,0.00,,,0.00,,0.00,
BATCH Tomato Garlic Sauce - Test 03.20.25,265.92,lb,4.00,OZ-fl,966.98,4.40,OZ-wt,=,0.50,Cup,=,,Inactive,No,COGS - Prepped Food,Inventory - Prepped Food,"Spice, Coriander Powder",8.30,OZ-wt,100.0,,1.1402,0.0012,370.6397,0.3834,,0.00,,,0.00,,0.00,
BATCH Tomato Garlic Sauce - Test 03.20.25,265.92,lb,4.00,OZ-fl,966.98,4.40,OZ-wt,=,0.50,Cup,=,,Inactive,No,COGS - Prepped Food,Inventory - Prepped Food,"Spice, Cinnamon Stick",2.90,OZ-wt,100.0,,1.3032,0.0013,370.6397,0.3834,,0.00,,,0.00,,0.00,
BATCH Tomato Garlic Sauce - Test 03.20.25,265.92,lb,4.00,OZ-fl,966.98,4.40,OZ-wt,=,0.50,Cup,=,,Inactive,No,COGS - Prepped Food,Inventory - Prepped Food,YIELD Onion Red Sliced,10.00,lb,100.0,,12.0536,0.0125,370.6397,0.3834,,0.00,,,0.00,,0.00,
BATCH Tomato Garlic Sauce - Test 03.20.25,265.92,lb,4.00,OZ-fl,966.98,4.40,OZ-wt,=,0.50,Cup,=,,Inactive,No,COGS - Prepped Food,Inventory - Prepped Food,YIELD Garlic Chopped,3.00,lb,100.0,,15.4239,0.0160,370.6397,0.3834,,0.00,,,0.00,,0.00,
BATCH Tomato Garlic Sauce - Test 03.20.25,265.92,lb,4.00,OZ-fl,966.98,4.40,OZ-wt,=,0.50,Cup,=,,Inactive,No,COGS - Prepped Food,Inventory - Prepped Food,"Oil, Sunflower",4.00,Quart,100.0,,11.3544,0.0117,370.6397,0.3834,,0.00,,,0.00,,0.00,
BATCH Tomato Garlic Sauce - Test 03.20.25,265.92,lb,4.00,OZ-fl,966.98,4.40,OZ-wt,=,0.50,Cup,=,,Inactive,No,COGS - Prepped Food,Inventory - Prepped Food,"Tomato, Whole Peeled",24.00,Can-#10,100.0,,128.8800,0.1333,370.6397,0.3834,,0.00,,,0.00,,0.00,
BATCH Tossed Green Beans,34.50,OZ-wt,34.50,OZ-wt,1.00,4.00,OZ-wt,=,1.00,Cup,=,,Inactive,No,COGS - Produce,Inventory - Prepped Food,EVERMADE Formula 44,0.25,Cup,100.0,,0.4904,0.4904,10.1284,10.1284,,0.00,,,0.00,,0.00,
BATCH Tossed Green Beans,34.50,OZ-wt,34.50,OZ-wt,1.00,4.00,OZ-wt,=,1.00,Cup,=,,Inactive,No,COGS - Produce,Inventory - Prepped Food,BATCH Beans Green Blanched,25.90,OZ-wt,100.0,,6.5517,6.5517,10.1284,10.1284,,0.00,,,0.00,,0.00,
BATCH Tossed Green Beans,34.50,OZ-wt,34.50,OZ-wt,1.00,4.00,OZ-wt,=,1.00,Cup,=,,Inactive,No,COGS - Produce,Inventory - Prepped Food,YIELD Ginger Chopped,0.25,Cup,100.0,,0.1656,0.1656,10.1284,10.1284,,0.00,,,0.00,,0.00,
BATCH Tossed Green Beans,34.50,OZ-wt,34.50,OZ-wt,1.00,4.00,OZ-wt,=,1.00,Cup,=,,Inactive,No,COGS - Produce,Inventory - Prepped Food,YIELD Shallots Sliced,2.00,Cup,100.0,,2.6915,2.6915,10.1284,10.1284,,0.00,,,0.00,,0.00,
BATCH Tossed Green Beans,34.50,OZ-wt,34.50,OZ-wt,1.00,4.00,OZ-wt,=,1.00,Cup,=,,Inactive,No,COGS - Produce,Inventory - Prepped Food,Salt,1.00,Tablespoon,100.0,,0.0518,0.0518,10.1284,10.1284,,0.00,,,0.00,,0.00,
BATCH Tossed Green Beans,34.50,OZ-wt,34.50,OZ-wt,1.00,4.00,OZ-wt,=,1.00,Cup,=,,Inactive,No,COGS - Produce,Inventory - Prepped Food,"Oil, Sunflower",0.25,Cup,100.0,,0.1774,0.1774,10.1284,10.1284,,0.00,,,0.00,,0.00,
BATCH Turmeric Ginger Lemonade,18.50,Quart,16.00,OZ-fl,37.00,,Inactive,=,1.00,Quart,=,,Inactive,No,COGS - N/A Beverage,Inventory - NA Beverage,BATCH Turmeric Ginger Syrup,2.50,Quart,100.0,,3.6302,0.0981,14.2740,0.3858,,0.00,,,0.00,,0.00,
BATCH Turmeric Ginger Lemonade,18.50,Quart,16.00,OZ-fl,37.00,,Inactive,=,1.00,Quart,=,,Inactive,No,COGS - N/A Beverage,Inventory - NA Beverage,"Juice, Lemon",2.00,Quart,100.0,,10.6438,0.2877,14.2740,0.3858,,0.00,,,0.00,,0.00,
BATCH Turmeric Ginger Syrup,18.00,Quart,18.00,Quart,1.00,,Inactive,=,1.00,Quart,=,,Inactive,No,COGS - N/A Beverage,Inventory - NA Beverage,Sugar,12.00,Quart,100.0,,21.0115,21.0115,26.1377,26.1377,,0.00,,,0.00,,0.00,
BATCH Turmeric Ginger Syrup,18.00,Quart,18.00,Quart,1.00,,Inactive,=,1.00,Quart,=,,Inactive,No,COGS - N/A Beverage,Inventory - NA Beverage,YIELD Ginger Peeled,32.00,OZ-wt,100.0,,4.8171,4.8171,26.1377,26.1377,,0.00,,,0.00,,0.00,
BATCH Turmeric Ginger Syrup,18.00,Quart,18.00,Quart,1.00,,Inactive,=,1.00,Quart,=,,Inactive,No,COGS - N/A Beverage,Inventory - NA Beverage,"Spice, Turmeric Powder",6.00,Tablespoon,100.0,,0.3091,0.3091,26.1377,26.1377,,0.00,,,0.00,,0.00,
BATCH Unsweetened Spiced Tea,4.00,Quart,16.00,OZ-fl,8.00,,Inactive,=,1.00,Quart,=,,Inactive,No,COGS - N/A Beverage,Inventory - NA Beverage,Ginger,30.00,Gram,100.0,,0.1158,0.0145,0.8327,0.1041,,0.00,,,0.00,,0.00,
BATCH Unsweetened Spiced Tea,4.00,Quart,16.00,OZ-fl,8.00,,Inactive,=,1.00,Quart,=,,Inactive,No,COGS - N/A Beverage,Inventory - NA Beverage,"Spice, Clove",3.00,Each,100.0,,0.0047,0.0006,0.8327,0.1041,,0.00,,,0.00,,0.00,
BATCH Unsweetened Spiced Tea,4.00,Quart,16.00,OZ-fl,8.00,,Inactive,=,1.00,Quart,=,,Inactive,No,COGS - N/A Beverage,Inventory - NA Beverage,"Spice, Cinnamon Stick",2.00,Each,100.0,,0.0899,0.0112,0.8327,0.1041,,0.00,,,0.00,,0.00,
BATCH Unsweetened Spiced Tea,4.00,Quart,16.00,OZ-fl,8.00,,Inactive,=,1.00,Quart,=,,Inactive,No,COGS - N/A Beverage,Inventory - NA Beverage,"Spice, Cardamom Green",10.00,Each,100.0,,0.0850,0.0106,0.8327,0.1041,,0.00,,,0.00,,0.00,
BATCH Unsweetened Spiced Tea,4.00,Quart,16.00,OZ-fl,8.00,,Inactive,=,1.00,Quart,=,,Inactive,No,COGS - N/A Beverage,Inventory - NA Beverage,"Tea, Red Label",45.00,Gram,100.0,,0.5373,0.0672,0.8327,0.1041,,0.00,,,0.00,,0.00,
BATCH Vanilla Mango Lassi Soft Serve,1.00,Gal,5.00,OZ-fl,25.60,,Inactive,=,1.00,Quart,=,,Inactive,No,COGS - Prepped Food,Inventory - Prepped Food,"Pulp, Mango",1.00,Can-850g,100.0,,2.9983,0.1171,24.7979,0.9687,,,,,,,,
BATCH Vanilla Mango Lassi Soft Serve,1.00,Gal,5.00,OZ-fl,25.60,,Inactive,=,1.00,Quart,=,,Inactive,No,COGS - Prepped Food,Inventory - Prepped Food,"Mix, Soft Serve Vanilla",9.00,lb,100.0,,18.4750,0.7217,24.7979,0.9687,,,,,,,,
BATCH Vanilla Mango Lassi Soft Serve,1.00,Gal,5.00,OZ-fl,25.60,,Inactive,=,1.00,Quart,=,,Inactive,No,COGS - Prepped Food,Inventory - Prepped Food,"Compound, Mango",100.00,Gram,100.0,,3.3246,0.1299,24.7979,0.9687,,,,,,,,
INDIQUE Baingan Bartha,94.98,lb,31.66,lb,3.00,1.00,lb,=,,Inactive,=,,Inactive,No,,,"Spice, Asafoetida",1.00,OZ-fl,100.0,,0.5720,0.1907,314.6053,104.8686,,,,,,,,
INDIQUE Baingan Bartha,94.98,lb,31.66,lb,3.00,1.00,lb,=,,Inactive,=,,Inactive,No,,,"Spice, Coriander Powder",8.00,OZ-fl,100.0,,0.5495,0.1832,314.6053,104.8686,,,,,,,,
INDIQUE Baingan Bartha,94.98,lb,31.66,lb,3.00,1.00,lb,=,,Inactive,=,,Inactive,No,,,NEST Telicherry Peppercorn Ground,5.00,OZ-fl,100.0,,0.6063,0.2021,314.6053,104.8686,,,,,,,,
INDIQUE Baingan Bartha,94.98,lb,31.66,lb,3.00,1.00,lb,=,,Inactive,=,,Inactive,No,,,"Spice, Garam Masala",5.00,OZ-fl,100.0,,0.6231,0.2077,314.6053,104.8686,,,,,,,,
INDIQUE Baingan Bartha,94.98,lb,31.66,lb,3.00,1.00,lb,=,,Inactive,=,,Inactive,No,,,YIELD Garlic Chopped,16.00,OZ-fl,100.0,,6.5552,2.1851,314.6053,104.8686,,,,,,,,
INDIQUE Baingan Bartha,94.98,lb,31.66,lb,3.00,1.00,lb,=,,Inactive,=,,Inactive,No,,,YIELD Ginger Chopped,16.00,OZ-fl,100.0,,1.3247,0.4416,314.6053,104.8686,,,,,,,,
INDIQUE Baingan Bartha,94.98,lb,31.66,lb,3.00,1.00,lb,=,,Inactive,=,,Inactive,No,,,"Oil, Sunflower",96.00,OZ-fl,100.0,,8.5158,2.8386,314.6053,104.8686,,,,,,,,
INDIQUE Baingan Bartha,94.98,lb,31.66,lb,3.00,1.00,lb,=,,Inactive,=,,Inactive,No,,,INDIQUE Fried Onion,2.00,lb,100.0,,5.8021,1.9340,314.6053,104.8686,,,,,,,,
INDIQUE Baingan Bartha,94.98,lb,31.66,lb,3.00,1.00,lb,=,,Inactive,=,,Inactive,No,,,"Tomato, Plum",1.00,CS=25lb,100.0,,32.0000,10.6667,314.6053,104.8686,,,,,,,,
INDIQUE Baingan Bartha,94.98,lb,31.66,lb,3.00,1.00,lb,=,,Inactive,=,,Inactive,No,,,"Onion, Yellow Whole",50.00,lb,100.0,,32.0000,10.6667,314.6053,104.8686,,,,,,,,
INDIQUE Baingan Bartha,94.98,lb,31.66,lb,3.00,1.00,lb,=,,Inactive,=,,Inactive,No,,,"Eggplant, Loose",161.70,lb,100.0,,226.0566,75.3522,314.6053,104.8686,,,,,,,,
INDIQUE Basmati Rice,60.00,lb,1.00,lb,60.00,1.00,lb,=,,Inactive,=,,Inactive,No,,,"Rice, Sela Basmati",25.00,lb,100.0,,28.7438,0.4791,28.7438,0.4791,,,,,,,,
INDIQUE Bhindi Masala,44.29,lb,44.29,lb,1.00,1.00,lb,=,,Inactive,=,,Inactive,No,,,"Tomato, Machacado",6.00,Can-#10,100.0,,37.5600,37.5600,68.1247,68.1247,,,,,,,,
INDIQUE Bhindi Masala,44.29,lb,44.29,lb,1.00,1.00,lb,=,,Inactive,=,,Inactive,No,,,"Spice, Bay Leaf",0.01,lb,100.0,,0.0509,0.0509,68.1247,68.1247,,,,,,,,
INDIQUE Bhindi Masala,44.29,lb,44.29,lb,1.00,1.00,lb,=,,Inactive,=,,Inactive,No,,,"Spice, Clove",0.02,lb,100.0,,0.1497,0.1497,68.1247,68.1247,,,,,,,,
INDIQUE Bhindi Masala,44.29,lb,44.29,lb,1.00,1.00,lb,=,,Inactive,=,,Inactive,No,,,"Spice, Fenugreek Leaves",0.02,lb,100.0,,0.1632,0.1632,68.1247,68.1247,,,,,,,,
INDIQUE Bhindi Masala,44.29,lb,44.29,lb,1.00,1.00,lb,=,,Inactive,=,,Inactive,No,,,"Spice, Cinnamon Stick",0.06,lb,100.0,,0.4314,0.4314,68.1247,68.1247,,,,,,,,
INDIQUE Bhindi Masala,44.29,lb,44.29,lb,1.00,1.00,lb,=,,Inactive,=,,Inactive,No,,,"Spice, Cumin Seeds",0.07,lb,100.0,,0.3073,0.3073,68.1247,68.1247,,,,,,,,
INDIQUE Bhindi Masala,44.29,lb,44.29,lb,1.00,1.00,lb,=,,Inactive,=,,Inactive,No,,,"Spice, Red Chili Powder",0.08,lb,100.0,,0.2638,0.2638,68.1247,68.1247,,,,,,,,
INDIQUE Bhindi Masala,44.29,lb,44.29,lb,1.00,1.00,lb,=,,Inactive,=,,Inactive,No,,,"Spice, Curry Powder",0.08,lb,100.0,,0.1912,0.1912,68.1247,68.1247,,,,,,,,
INDIQUE Bhindi Masala,44.29,lb,44.29,lb,1.00,1.00,lb,=,,Inactive,=,,Inactive,No,,,"Spice, Garam Masala",0.09,lb,100.0,,0.3418,0.3418,68.1247,68.1247,,,,,,,,
INDIQUE Bhindi Masala,44.29,lb,44.29,lb,1.00,1.00,lb,=,,Inactive,=,,Inactive,No,,,"Spice, Turmeric Powder",0.09,lb,100.0,,0.1978,0.1978,68.1247,68.1247,,,,,,,,
INDIQUE Bhindi Masala,44.29,lb,44.29,lb,1.00,1.00,lb,=,,Inactive,=,,Inactive,No,,,"Spice, Cumin Powder",0.11,lb,100.0,,0.4398,0.4398,68.1247,68.1247,,,,,,,,
INDIQUE Bhindi Masala,44.29,lb,44.29,lb,1.00,1.00,lb,=,,Inactive,=,,Inactive,No,,,"Spice, Coriander Powder",0.25,lb,100.0,,0.5495,0.5495,68.1247,68.1247,,,,,,,,
INDIQUE Bhindi Masala,44.29,lb,44.29,lb,1.00,1.00,lb,=,,Inactive,=,,Inactive,No,,,Salt,0.47,lb,100.0,,0.6837,0.6837,68.1247,68.1247,,,,,,,,
INDIQUE Bhindi Masala,44.29,lb,44.29,lb,1.00,1.00,lb,=,,Inactive,=,,Inactive,No,,,INDIQUE Ginger Garlic Paste,0.66,lb,100.0,,1.2834,1.2834,68.1247,68.1247,,,,,,,,
INDIQUE Bhindi Masala,44.29,lb,44.29,lb,1.00,1.00,lb,=,,Inactive,=,,Inactive,No,,,"Tomato, Paste",0.68,lb,100.0,,1.0131,1.0131,68.1247,68.1247,,,,,,,,
INDIQUE Bhindi Masala,44.29,lb,44.29,lb,1.00,1.00,lb,=,,Inactive,=,,Inactive,No,,,"Oil, Sunflower",2.00,lb,100.0,,2.9723,2.9723,68.1247,68.1247,,,,,,,,
INDIQUE Bhindi Masala,44.29,lb,44.29,lb,1.00,1.00,lb,=,,Inactive,=,,Inactive,No,,,INDIQUE Fried Onion,7.42,lb,100.0,,21.5258,21.5258,68.1247,68.1247,,,,,,,,
INDIQUE Biriyani Masala,147.56,lb,1.00,lb,147.56,1.00,lb,=,,Inactive,=,,Inactive,No,,,"Spice, Cinnamon Stick",0.27,lb,100.0,,1.9413,0.0132,249.4071,1.6903,,,,,,,,
INDIQUE Biriyani Masala,147.56,lb,1.00,lb,147.56,1.00,lb,=,,Inactive,=,,Inactive,No,,,Yogurt,63.00,lb,100.0,,78.8233,0.5342,249.4071,1.6903,,,,,,,,
INDIQUE Biriyani Masala,147.56,lb,1.00,lb,147.56,1.00,lb,=,,Inactive,=,,Inactive,No,,,"Spice, Cumin Powder",0.22,lb,100.0,,0.8796,0.0060,249.4071,1.6903,,,,,,,,
INDIQUE Biriyani Masala,147.56,lb,1.00,lb,147.56,1.00,lb,=,,Inactive,=,,Inactive,No,,,"Spice, Garam Masala",0.56,lb,100.0,,2.1269,0.0144,249.4071,1.6903,,,,,,,,
INDIQUE Biriyani Masala,147.56,lb,1.00,lb,147.56,1.00,lb,=,,Inactive,=,,Inactive,No,,,"Spice, Turmeric Powder",0.12,lb,100.0,,0.2638,0.0018,249.4071,1.6903,,,,,,,,
INDIQUE Biriyani Masala,147.56,lb,1.00,lb,147.56,1.00,lb,=,,Inactive,=,,Inactive,No,,,"Spice, Coriander Powder",0.59,lb,100.0,,1.2968,0.0088,249.4071,1.6903,,,,,,,,
INDIQUE Biriyani Masala,147.56,lb,1.00,lb,147.56,1.00,lb,=,,Inactive,=,,Inactive,No,,,"Spice, Red Chili Powder",0.18,lb,100.0,,0.5936,0.0040,249.4071,1.6903,,,,,,,,
INDIQUE Biriyani Masala,147.56,lb,1.00,lb,147.56,1.00,lb,=,,Inactive,=,,Inactive,No,,,Salt,1.00,lb,100.0,,1.4547,0.0099,249.4071,1.6903,,,,,,,,
INDIQUE Biriyani Masala,147.56,lb,1.00,lb,147.56,1.00,lb,=,,Inactive,=,,Inactive,No,,,"Herb, Cilantro",3.18,lb,100.0,,13.1936,0.0894,249.4071,1.6903,,,,,,,,
INDIQUE Biriyani Masala,147.56,lb,1.00,lb,147.56,1.00,lb,=,,Inactive,=,,Inactive,No,,,"Spice, Mint Leaf Crush",0.04,lb,100.0,,0.2264,0.0015,249.4071,1.6903,,,,,,,,
INDIQUE Biriyani Masala,147.56,lb,1.00,lb,147.56,1.00,lb,=,,Inactive,=,,Inactive,No,,,"Peppers, Jalapeno",4.00,lb,100.0,,8.2615,0.0560,249.4071,1.6903,,,,,,,,
INDIQUE Biriyani Masala,147.56,lb,1.00,lb,147.56,1.00,lb,=,,Inactive,=,,Inactive,No,,,"Tomato, Plum",43.00,lb,100.0,,55.0400,0.3730,249.4071,1.6903,,,,,,,,
INDIQUE Biriyani Masala,147.56,lb,1.00,lb,147.56,1.00,lb,=,,Inactive,=,,Inactive,No,,,INDIQUE Ginger Garlic Paste,4.00,lb,100.0,,7.7780,0.0527,249.4071,1.6903,,,,,,,,
INDIQUE Biriyani Masala,147.56,lb,1.00,lb,147.56,1.00,lb,=,,Inactive,=,,Inactive,No,,,"Spice, Cardamom Green",0.16,lb,100.0,,3.9184,0.0266,249.4071,1.6903,,,,,,,,
INDIQUE Biriyani Masala,147.56,lb,1.00,lb,147.56,1.00,lb,=,,Inactive,=,,Inactive,No,,,"Spice, Cardamom Black",0.11,lb,100.0,,8.7458,0.0593,249.4071,1.6903,,,,,,,,
INDIQUE Biriyani Masala,147.56,lb,1.00,lb,147.56,1.00,lb,=,,Inactive,=,,Inactive,No,,,"Spice, Bay Leaf",0.03,lb,100.0,,0.1528,0.0010,249.4071,1.6903,,,,,,,,
INDIQUE Biriyani Masala,147.56,lb,1.00,lb,147.56,1.00,lb,=,,Inactive,=,,Inactive,No,,,NEST Cloves Ground,0.09,lb,100.0,,0.6737,0.0046,249.4071,1.6903,,,,,,,,
INDIQUE Biriyani Masala,147.56,lb,1.00,lb,147.56,1.00,lb,=,,Inactive,=,,Inactive,No,,,"Oil, Sunflower",6.00,lb,100.0,,8.9170,0.0604,249.4071,1.6903,,,,,,,,
INDIQUE Biriyani Masala,147.56,lb,1.00,lb,147.56,1.00,lb,=,,Inactive,=,,Inactive,No,,,INDIQUE Fried Onion,19.00,lb,100.0,,55.1199,0.3735,249.4071,1.6903,,,,,,,,
INDIQUE Chettinad Masala,78.69,lb,33.24,lb,2.37,1.00,lb,=,,Inactive,=,,Inactive,No,,,NEST Cardamom Ground,4.00,OZ-fl,100.0,,3.8668,1.6316,146.9138,61.9890,,,,,,,,
INDIQUE Chettinad Masala,78.69,lb,33.24,lb,2.37,1.00,lb,=,,Inactive,=,,Inactive,No,,,"Spice, Turmeric Powder",0.60,lb,100.0,,1.3188,0.5565,146.9138,61.9890,,,,,,,,
INDIQUE Chettinad Masala,78.69,lb,33.24,lb,2.37,1.00,lb,=,,Inactive,=,,Inactive,No,,,"Spice, Fennel Seeds",0.82,lb,100.0,,2.1025,0.8871,146.9138,61.9890,,,,,,,,
INDIQUE Chettinad Masala,78.69,lb,33.24,lb,2.37,1.00,lb,=,,Inactive,=,,Inactive,No,,,"Spice, Black Pepper Whole Telicherry",3.20,lb,100.0,,12.7680,5.3873,146.9138,61.9890,,,,,,,,
INDIQUE Chettinad Masala,78.69,lb,33.24,lb,2.37,1.00,lb,=,,Inactive,=,,Inactive,No,,,"Oil, Sunflower",6.00,lb,100.0,,8.9170,3.7625,146.9138,61.9890,,,,,,,,
INDIQUE Chettinad Masala,78.69,lb,33.24,lb,2.37,1.00,lb,=,,Inactive,=,,Inactive,No,,,"Tomato, Machacado",6.00,Can-#10,100.0,,37.5600,15.8481,146.9138,61.9890,,,,,,,,
INDIQUE Chettinad Masala,78.69,lb,33.24,lb,2.37,1.00,lb,=,,Inactive,=,,Inactive,No,,,"Tomato, Plum",1.00,CS=25lb,100.0,,32.0000,13.5021,146.9138,61.9890,,,,,,,,
INDIQUE Chettinad Masala,78.69,lb,33.24,lb,2.37,1.00,lb,=,,Inactive,=,,Inactive,No,,,"Herb, Curry Leaves",0.50,lb,100.0,,21.6750,9.1456,146.9138,61.9890,,,,,,,,
INDIQUE Chettinad Masala,78.69,lb,33.24,lb,2.37,1.00,lb,=,,Inactive,=,,Inactive,No,,,INDIQUE Ginger Garlic Paste,32.00,OZ-fl,100.0,,4.1807,1.7640,146.9138,61.9890,,,,,,,,
INDIQUE Chettinad Masala,78.69,lb,33.24,lb,2.37,1.00,lb,=,,Inactive,=,,Inactive,No,,,"Spice, Turmeric Powder",4.00,OZ-fl,100.0,,0.4121,0.1739,146.9138,61.9890,,,,,,,,
INDIQUE Chettinad Masala,78.69,lb,33.24,lb,2.37,1.00,lb,=,,Inactive,=,,Inactive,No,,,Salt,15.00,OZ-fl,100.0,,1.5547,0.6560,146.9138,61.9890,,,,,,,,
INDIQUE Chettinad Masala,78.69,lb,33.24,lb,2.37,1.00,lb,=,,Inactive,=,,Inactive,No,,,"Spice, Coriander Powder",48.00,OZ-fl,100.0,,3.2970,1.3911,146.9138,61.9890,,,,,,,,
INDIQUE Chettinad Masala,78.69,lb,33.24,lb,2.37,1.00,lb,=,,Inactive,=,,Inactive,No,,,INDIQUE Fried Onion,112.00,OZ-fl,100.0,,17.2612,7.2832,146.9138,61.9890,,,,,,,,
INDIQUE Chicken Chettinad,44.86,lb,44.86,lb,1.00,1.00,lb,=,,Inactive,=,,Inactive,No,,,"Chicken, Trimmed",40.00,lb,100.0,,68.4000,68.4000,113.9037,113.9037,,,,,,,,
INDIQUE Chicken Chettinad,44.86,lb,44.86,lb,1.00,1.00,lb,=,,Inactive,=,,Inactive,No,,,"Herb, Curry Leaves",0.03,lb,100.0,,1.3005,1.3005,113.9037,113.9037,,,,,,,,
INDIQUE Chicken Chettinad,44.86,lb,44.86,lb,1.00,1.00,lb,=,,Inactive,=,,Inactive,No,,,Salt,0.19,lb,100.0,,0.2764,0.2764,113.9037,113.9037,,,,,,,,
INDIQUE Chicken Chettinad,44.86,lb,44.86,lb,1.00,1.00,lb,=,,Inactive,=,,Inactive,No,,,"Oil, Sunflower",3.00,lb,100.0,,4.4585,4.4585,113.9037,113.9037,,,,,,,,
INDIQUE Chicken Chettinad,44.86,lb,44.86,lb,1.00,1.00,lb,=,,Inactive,=,,Inactive,No,,,INDIQUE Chettinad Masala,21.14,lb,100.0,,39.4683,39.4683,113.9037,113.9037,,,,,,,,
INDIQUE Chicken Curry Madras,60.61,lb,60.61,lb,1.00,1.00,lb,=,,Inactive,=,,Inactive,No,,,INDIQUE Onion Gravy,192.00,OZ-wt,100.0,,12.8540,12.8540,94.2157,94.2157,,,,,,,,
INDIQUE Chicken Curry Madras,60.61,lb,60.61,lb,1.00,1.00,lb,=,,Inactive,=,,Inactive,No,,,Salt,0.30,lb,100.0,,0.4364,0.4364,94.2157,94.2157,,,,,,,,
INDIQUE Chicken Curry Madras,60.61,lb,60.61,lb,1.00,1.00,lb,=,,Inactive,=,,Inactive,No,,,"Spice, Curry Powder",0.12,lb,100.0,,0.2868,0.2868,94.2157,94.2157,,,,,,,,
INDIQUE Chicken Curry Madras,60.61,lb,60.61,lb,1.00,1.00,lb,=,,Inactive,=,,Inactive,No,,,"Spice, Red Chili Powder",0.13,lb,100.0,,0.4287,0.4287,94.2157,94.2157,,,,,,,,
INDIQUE Chicken Curry Madras,60.61,lb,60.61,lb,1.00,1.00,lb,=,,Inactive,=,,Inactive,No,,,"Spice, Turmeric Powder",0.13,lb,100.0,,0.2857,0.2857,94.2157,94.2157,,,,,,,,
INDIQUE Chicken Curry Madras,60.61,lb,60.61,lb,1.00,1.00,lb,=,,Inactive,=,,Inactive,No,,,"Spice, Garam Masala",0.06,lb,100.0,,0.2279,0.2279,94.2157,94.2157,,,,,,,,
INDIQUE Chicken Curry Madras,60.61,lb,60.61,lb,1.00,1.00,lb,=,,Inactive,=,,Inactive,No,,,"Spice, Coriander Powder",0.24,lb,100.0,,0.5275,0.5275,94.2157,94.2157,,,,,,,,
INDIQUE Chicken Curry Madras,60.61,lb,60.61,lb,1.00,1.00,lb,=,,Inactive,=,,Inactive,No,,,"Spice, Garlic Powder",0.24,lb,100.0,,0.7195,0.7195,94.2157,94.2157,,,,,,,,
INDIQUE Chicken Curry Madras,60.61,lb,60.61,lb,1.00,1.00,lb,=,,Inactive,=,,Inactive,No,,,"Milk, Coconut",0.40,Liter,100.0,,1.2911,1.2911,94.2157,94.2157,,,,,,,,
INDIQUE Chicken Curry Madras,60.61,lb,60.61,lb,1.00,1.00,lb,=,,Inactive,=,,Inactive,No,,,Yogurt,7.00,lb,100.0,,8.7581,8.7581,94.2157,94.2157,,,,,,,,
INDIQUE Chicken Curry Madras,60.61,lb,60.61,lb,1.00,1.00,lb,=,,Inactive,=,,Inactive,No,,,"Chicken, Trimmed",40.00,lb,100.0,,68.4000,68.4000,94.2157,94.2157,,,,,,,,
INDIQUE Chole,140.00,lb,35.00,lb,4.00,1.00,lb,=,,Inactive,=,,Inactive,No,,,NEST Toasted Fenugreek Powder,4.00,OZ-fl,100.0,,0.9199,0.2300,148.5502,37.1377,,,,,,,,
INDIQUE Chole,140.00,lb,35.00,lb,4.00,1.00,lb,=,,Inactive,=,,Inactive,No,,,Salt,10.00,OZ-fl,100.0,,1.0365,0.2591,148.5502,37.1377,,,,,,,,
INDIQUE Chole,140.00,lb,35.00,lb,4.00,1.00,lb,=,,Inactive,=,,Inactive,No,,,"Spice, Coriander Powder",12.00,OZ-fl,100.0,,0.8243,0.2061,148.5502,37.1377,,,,,,,,
INDIQUE Chole,140.00,lb,35.00,lb,4.00,1.00,lb,=,,Inactive,=,,Inactive,No,,,"Spice, Turmeric Powder",4.00,OZ-fl,100.0,,0.4121,0.1030,148.5502,37.1377,,,,,,,,
INDIQUE Chole,140.00,lb,35.00,lb,4.00,1.00,lb,=,,Inactive,=,,Inactive,No,,,"Spice, Red Chili Powder",6.00,OZ-fl,100.0,,0.8348,0.2087,148.5502,37.1377,,,,,,,,
INDIQUE Chole,140.00,lb,35.00,lb,4.00,1.00,lb,=,,Inactive,=,,Inactive,No,,,"Spice, Ginger Powder",8.00,OZ-fl,100.0,,0.9020,0.2255,148.5502,37.1377,,,,,,,,
INDIQUE Chole,140.00,lb,35.00,lb,4.00,1.00,lb,=,,Inactive,=,,Inactive,No,,,"Spice, Garlic Powder",8.00,OZ-fl,100.0,,0.8994,0.2249,148.5502,37.1377,,,,,,,,
INDIQUE Chole,140.00,lb,35.00,lb,4.00,1.00,lb,=,,Inactive,=,,Inactive,No,,,INDIQUE Fried Onion,1.00,lb,100.0,,2.9010,0.7253,148.5502,37.1377,,,,,,,,
INDIQUE Chole,140.00,lb,35.00,lb,4.00,1.00,lb,=,,Inactive,=,,Inactive,No,,,YIELD Garlic Chopped,32.00,OZ-fl,100.0,,13.1103,3.2776,148.5502,37.1377,,,,,,,,
INDIQUE Chole,140.00,lb,35.00,lb,4.00,1.00,lb,=,,Inactive,=,,Inactive,No,,,"Tomato, Paste",0.50,Can-#10,100.0,,5.1700,1.2925,148.5502,37.1377,,,,,,,,
INDIQUE Chole,140.00,lb,35.00,lb,4.00,1.00,lb,=,,Inactive,=,,Inactive,No,,,"Tomato, Whole Peeled",10.00,Can-#10,100.0,,53.7000,13.4250,148.5502,37.1377,,,,,,,,
INDIQUE Chole,140.00,lb,35.00,lb,4.00,1.00,lb,=,,Inactive,=,,Inactive,No,,,Chickpeas Canned,16.00,Can-#10,100.0,,67.8399,16.9600,148.5502,37.1377,,,,,,,,
INDIQUE Dal Makhani,300.00,lb,1.00,lb,300.00,1.00,lb,=,,Inactive,=,,Inactive,No,,,"Cream, Heavy",10.00,Quart,100.0,,42.1917,0.1406,213.3430,0.7111,,,,,,,,
INDIQUE Dal Makhani,300.00,lb,1.00,lb,300.00,1.00,lb,=,,Inactive,=,,Inactive,No,,,"Spice, Fenugreek Leaves",0.05,lb,100.0,,0.4080,0.0014,213.3430,0.7111,,,,,,,,
INDIQUE Dal Makhani,300.00,lb,1.00,lb,300.00,1.00,lb,=,,Inactive,=,,Inactive,No,,,"Spice, Turmeric Powder",0.10,lb,100.0,,0.2198,0.0007,213.3430,0.7111,,,,,,,,
INDIQUE Dal Makhani,300.00,lb,1.00,lb,300.00,1.00,lb,=,,Inactive,=,,Inactive,No,,,"Spice, Red Chili Powder",0.23,lb,100.0,,0.7585,0.0025,213.3430,0.7111,,,,,,,,
INDIQUE Dal Makhani,300.00,lb,1.00,lb,300.00,1.00,lb,=,,Inactive,=,,Inactive,No,,,"Spice, Curry Powder",0.23,lb,100.0,,0.5497,0.0018,213.3430,0.7111,,,,,,,,
INDIQUE Dal Makhani,300.00,lb,1.00,lb,300.00,1.00,lb,=,,Inactive,=,,Inactive,No,,,"Spice, Garam Masala",0.27,lb,100.0,,1.0255,0.0034,213.3430,0.7111,,,,,,,,
INDIQUE Dal Makhani,300.00,lb,1.00,lb,300.00,1.00,lb,=,,Inactive,=,,Inactive,No,,,"Spice, Ginger Powder",0.49,lb,100.0,,1.8610,0.0062,213.3430,0.7111,,,,,,,,
INDIQUE Dal Makhani,300.00,lb,1.00,lb,300.00,1.00,lb,=,,Inactive,=,,Inactive,No,,,"Spice, Coriander Powder",0.50,lb,100.0,,1.0990,0.0037,213.3430,0.7111,,,,,,,,
INDIQUE Dal Makhani,300.00,lb,1.00,lb,300.00,1.00,lb,=,,Inactive,=,,Inactive,No,,,"Spice, Cumin Powder",0.77,lb,100.0,,3.0785,0.0103,213.3430,0.7111,,,,,,,,
INDIQUE Dal Makhani,300.00,lb,1.00,lb,300.00,1.00,lb,=,,Inactive,=,,Inactive,No,,,"Spice, Garlic Powder",1.00,lb,100.0,,2.9980,0.0100,213.3430,0.7111,,,,,,,,
INDIQUE Dal Makhani,300.00,lb,1.00,lb,300.00,1.00,lb,=,,Inactive,=,,Inactive,No,,,Salt,1.79,lb,100.0,,2.6040,0.0087,213.3430,0.7111,,,,,,,,
INDIQUE Dal Makhani,300.00,lb,1.00,lb,300.00,1.00,lb,=,,Inactive,=,,Inactive,No,,,INDIQUE Fried Onion,6.72,lb,100.0,,19.4950,0.0650,213.3430,0.7111,,,,,,,,
INDIQUE Dal Makhani,300.00,lb,1.00,lb,300.00,1.00,lb,=,,Inactive,=,,Inactive,No,,,"Butter, Unsalted",12.00,lb,100.0,,34.2000,0.1140,213.3430,0.7111,,,,,,,,
INDIQUE Dal Makhani,300.00,lb,1.00,lb,300.00,1.00,lb,=,,Inactive,=,,Inactive,No,,,"Lentil, Urad Dal",40.00,lb,100.0,,59.9901,0.2000,213.3430,0.7111,,,,,,,,
INDIQUE Dal Makhani,300.00,lb,1.00,lb,300.00,1.00,lb,=,,Inactive,=,,Inactive,No,,,"Cream, Heavy",10.00,Quart,100.0,,42.1917,0.1406,213.3430,0.7111,,,,,,,,
INDIQUE Dal Makhani,300.00,lb,1.00,lb,300.00,1.00,lb,=,,Inactive,=,,Inactive,No,,,"Spice, Asafoetida",25.00,Gram,100.0,,0.6725,0.0022,213.3430,0.7111,,,,,,,,
INDIQUE Dal Tadka,75.73,lb,33.66,lb,2.25,1.00,lb,=,,Inactive,=,,Inactive,No,,,YIELD Onion Red Chopped,6.00,lb,100.0,,9.7015,4.3118,55.5260,24.6782,,,,,,,,
INDIQUE Dal Tadka,75.73,lb,33.66,lb,2.25,1.00,lb,=,,Inactive,=,,Inactive,No,,,"Tomato, Machacado",2.00,Can-#10,100.0,,12.5200,5.5644,55.5260,24.6782,,,,,,,,
INDIQUE Dal Tadka,75.73,lb,33.66,lb,2.25,1.00,lb,=,,Inactive,=,,Inactive,No,,,"Spice, Curry Powder",0.04,lb,100.0,,0.0956,0.0425,55.5260,24.6782,,,,,,,,
INDIQUE Dal Tadka,75.73,lb,33.66,lb,2.25,1.00,lb,=,,Inactive,=,,Inactive,No,,,"Spice, Red Chili Whole Round",0.04,lb,100.0,,0.2074,0.0922,55.5260,24.6782,,,,,,,,
INDIQUE Dal Tadka,75.73,lb,33.66,lb,2.25,1.00,lb,=,,Inactive,=,,Inactive,No,,,"Spice, Cumin Seeds",0.12,lb,100.0,,0.5268,0.2341,55.5260,24.6782,,,,,,,,
INDIQUE Dal Tadka,75.73,lb,33.66,lb,2.25,1.00,lb,=,,Inactive,=,,Inactive,No,,,"Spice, Mustard Seed",0.16,lb,100.0,,0.3837,0.1705,55.5260,24.6782,,,,,,,,
INDIQUE Dal Tadka,75.73,lb,33.66,lb,2.25,1.00,lb,=,,Inactive,=,,Inactive,No,,,Ginger,0.16,lb,100.0,,0.2803,0.1246,55.5260,24.6782,,,,,,,,
INDIQUE Dal Tadka,75.73,lb,33.66,lb,2.25,1.00,lb,=,,Inactive,=,,Inactive,No,,,"Spice, Coriander Powder",0.24,lb,100.0,,0.5275,0.2345,55.5260,24.6782,,,,,,,,
INDIQUE Dal Tadka,75.73,lb,33.66,lb,2.25,1.00,lb,=,,Inactive,=,,Inactive,No,,,"Spice, Turmeric Powder",0.39,lb,100.0,,0.8572,0.3810,55.5260,24.6782,,,,,,,,
INDIQUE Dal Tadka,75.73,lb,33.66,lb,2.25,1.00,lb,=,,Inactive,=,,Inactive,No,,,Salt,0.53,lb,100.0,,0.7710,0.3427,55.5260,24.6782,,,,,,,,
INDIQUE Dal Tadka,75.73,lb,33.66,lb,2.25,1.00,lb,=,,Inactive,=,,Inactive,No,,,YIELD Garlic Chopped,0.53,lb,100.0,,2.7249,1.2111,55.5260,24.6782,,,,,,,,
INDIQUE Dal Tadka,75.73,lb,33.66,lb,2.25,1.00,lb,=,,Inactive,=,,Inactive,No,,,"Peppers, Jalapeno",0.71,lb,100.0,,1.4664,0.6517,55.5260,24.6782,,,,,,,,
INDIQUE Dal Tadka,75.73,lb,33.66,lb,2.25,1.00,lb,=,,Inactive,=,,Inactive,No,,,"Oil, Sunflower",1.00,lb,100.0,,1.4862,0.6605,55.5260,24.6782,,,,,,,,
INDIQUE Dal Tadka,75.73,lb,33.66,lb,2.25,1.00,lb,=,,Inactive,=,,Inactive,No,,,"Lentil, Green Moong Whole",10.00,lb,100.0,,13.2375,5.8833,55.5260,24.6782,,,,,,,,
INDIQUE Dal Tadka,75.73,lb,33.66,lb,2.25,1.00,lb,=,,Inactive,=,,Inactive,No,,,"Tomato, Whole Peeled",2.00,Can-#10,100.0,,10.7400,4.7733,55.5260,24.6782,,,,,,,,
INDIQUE Dosa Potato Masala,26.81,lb,26.81,lb,1.00,1.00,lb,=,,Inactive,=,,Inactive,No,,,"Lentil, Chana Dal Roasted",0.10,lb,100.0,,0.2398,0.2398,28.1275,28.1275,,,,,,,,
INDIQUE Dosa Potato Masala,26.81,lb,26.81,lb,1.00,1.00,lb,=,,Inactive,=,,Inactive,No,,,"Spice, Asafoetida",0.02,lb,100.0,,0.2441,0.2441,28.1275,28.1275,,,,,,,,
INDIQUE Dosa Potato Masala,26.81,lb,26.81,lb,1.00,1.00,lb,=,,Inactive,=,,Inactive,No,,,"Herb, Curry Leaves",0.04,lb,100.0,,1.7340,1.7340,28.1275,28.1275,,,,,,,,
INDIQUE Dosa Potato Masala,26.81,lb,26.81,lb,1.00,1.00,lb,=,,Inactive,=,,Inactive,No,,,"Spice, Red Chili Whole",0.05,lb,100.0,,0.2195,0.2195,28.1275,28.1275,,,,,,,,
INDIQUE Dosa Potato Masala,26.81,lb,26.81,lb,1.00,1.00,lb,=,,Inactive,=,,Inactive,No,,,"Spice, Mustard Seed",0.08,lb,100.0,,0.1918,0.1918,28.1275,28.1275,,,,,,,,
INDIQUE Dosa Potato Masala,26.81,lb,26.81,lb,1.00,1.00,lb,=,,Inactive,=,,Inactive,No,,,"Lentil, Urad Dal",0.09,lb,100.0,,0.1350,0.1350,28.1275,28.1275,,,,,,,,
INDIQUE Dosa Potato Masala,26.81,lb,26.81,lb,1.00,1.00,lb,=,,Inactive,=,,Inactive,No,,,Ginger,0.20,lb,100.0,,0.3503,0.3503,28.1275,28.1275,,,,,,,,
INDIQUE Dosa Potato Masala,26.81,lb,26.81,lb,1.00,1.00,lb,=,,Inactive,=,,Inactive,No,,,Salt,0.32,lb,100.0,,0.4655,0.4655,28.1275,28.1275,,,,,,,,
INDIQUE Dosa Potato Masala,26.81,lb,26.81,lb,1.00,1.00,lb,=,,Inactive,=,,Inactive,No,,,"Peppers, Jalapeno",0.33,lb,100.0,,0.6816,0.6816,28.1275,28.1275,,,,,,,,
INDIQUE Dosa Potato Masala,26.81,lb,26.81,lb,1.00,1.00,lb,=,,Inactive,=,,Inactive,No,,,"Tomato, Plum",1.57,lb,100.0,,2.0096,2.0096,28.1275,28.1275,,,,,,,,
INDIQUE Dosa Potato Masala,26.81,lb,26.81,lb,1.00,1.00,lb,=,,Inactive,=,,Inactive,No,,,"Oil, Sunflower",2.00,lb,100.0,,2.9723,2.9723,28.1275,28.1275,,,,,,,,
INDIQUE Dosa Potato Masala,26.81,lb,26.81,lb,1.00,1.00,lb,=,,Inactive,=,,Inactive,No,,,YIELD Onion Yellow Peeled,6.28,lb,100.0,,5.0240,5.0240,28.1275,28.1275,,,,,,,,
INDIQUE Dosa Potato Masala,26.81,lb,26.81,lb,1.00,1.00,lb,=,,Inactive,=,,Inactive,No,,,Potatoes,18.00,lb,100.0,,13.8600,13.8600,28.1275,28.1275,,,,,,,,
INDIQUE Fried Onion,24.35,lb,24.35,lb,1.00,0.85,lb,=,16.00,OZ-fl,=,,Inactive,No,,,"Oil, Sunflower",26.00,lb,100.0,,38.6404,38.6404,70.6404,70.6404,,,,,,,,
INDIQUE Fried Onion,24.35,lb,24.35,lb,1.00,0.85,lb,=,16.00,OZ-fl,=,,Inactive,No,,,"Onion, Yellow Whole",50.00,lb,100.0,,32.0000,32.0000,70.6404,70.6404,,,,,,,,
INDIQUE Ginger Garlic Paste,10.00,lb,10.00,lb,1.00,4.30,OZ-wt,=,0.50,Cup,=,,Inactive,No,,,"Garlic, Loose",3.00,lb,100.0,,14.1900,14.1900,19.4450,19.4450,,,,,,,,
INDIQUE Ginger Garlic Paste,10.00,lb,10.00,lb,1.00,4.30,OZ-wt,=,0.50,Cup,=,,Inactive,No,,,Ginger,3.00,lb,100.0,,5.2550,5.2550,19.4450,19.4450,,,,,,,,
INDIQUE Gobhi,21.33,lb,1.00,lb,21.33,1.00,lb,=,,Inactive,=,,Inactive,No,,,"Spice, Cumin Powder",0.06,lb,100.0,,0.2399,0.0112,81.0378,3.7991,,,,,,,,
INDIQUE Gobhi,21.33,lb,1.00,lb,21.33,1.00,lb,=,,Inactive,=,,Inactive,No,,,Cauliflower,19.28,lb,100.0,,28.9373,1.3566,81.0378,3.7991,,,,,,,,
INDIQUE Gobhi,21.33,lb,1.00,lb,21.33,1.00,lb,=,,Inactive,=,,Inactive,No,,,"Tomato, Paste",0.27,lb,100.0,,0.4023,0.0189,81.0378,3.7991,,,,,,,,
INDIQUE Gobhi,21.33,lb,1.00,lb,21.33,1.00,lb,=,,Inactive,=,,Inactive,No,,,Salt,0.27,lb,100.0,,0.3928,0.0184,81.0378,3.7991,,,,,,,,
INDIQUE Gobhi,21.33,lb,1.00,lb,21.33,1.00,lb,=,,Inactive,=,,Inactive,No,,,"Juice, Lemon",0.05,lb,100.0,,0.1236,0.0058,81.0378,3.7991,,,,,,,,
INDIQUE Gobhi,21.33,lb,1.00,lb,21.33,1.00,lb,=,,Inactive,=,,Inactive,No,,,"Spice, Turmeric Powder",0.08,lb,100.0,,0.1758,0.0082,81.0378,3.7991,,,,,,,,
INDIQUE Gobhi,21.33,lb,1.00,lb,21.33,1.00,lb,=,,Inactive,=,,Inactive,No,,,"Spice, Curry Powder",0.02,lb,100.0,,0.0478,0.0022,81.0378,3.7991,,,,,,,,
INDIQUE Gobhi,21.33,lb,1.00,lb,21.33,1.00,lb,=,,Inactive,=,,Inactive,No,,,"Spice, Red Chili Powder",0.06,lb,100.0,,0.1979,0.0093,81.0378,3.7991,,,,,,,,
INDIQUE Gobhi,21.33,lb,1.00,lb,21.33,1.00,lb,=,,Inactive,=,,Inactive,No,,,YIELD Ginger Chopped,0.34,lb,100.0,,0.8189,0.0384,81.0378,3.7991,,,,,,,,
INDIQUE Gobhi,21.33,lb,1.00,lb,21.33,1.00,lb,=,,Inactive,=,,Inactive,No,,,INDIQUE Ginger Garlic Paste,0.32,lb,100.0,,0.6222,0.0292,81.0378,3.7991,,,,,,,,
INDIQUE Gobhi,21.33,lb,1.00,lb,21.33,1.00,lb,=,,Inactive,=,,Inactive,No,,,"Tomato, Plum",2.35,lb,100.0,,3.0080,0.1410,81.0378,3.7991,,,,,,,,
INDIQUE Gobhi,21.33,lb,1.00,lb,21.33,1.00,lb,=,,Inactive,=,,Inactive,No,,,"Oil, Sunflower",31.00,lb,100.0,,46.0713,2.1599,81.0378,3.7991,,,,,,,,
INDIQUE Injipuli,30.82,lb,15.41,lb,2.00,1.00,lb,=,,Inactive,=,,Inactive,No,,,Salt,15.00,OZ-fl,100.0,,1.5547,0.7774,64.4278,32.2140,,,,,,,,
INDIQUE Injipuli,30.82,lb,15.41,lb,2.00,1.00,lb,=,,Inactive,=,,Inactive,No,,,"Spice, Jaggery Powder",4.00,lb,100.0,,9.9980,4.9990,64.4278,32.2140,,,,,,,,
INDIQUE Injipuli,30.82,lb,15.41,lb,2.00,1.00,lb,=,,Inactive,=,,Inactive,No,,,Sugar,32.00,OZ-wt,100.0,,1.6288,0.8144,64.4278,32.2140,,,,,,,,
INDIQUE Injipuli,30.82,lb,15.41,lb,2.00,1.00,lb,=,,Inactive,=,,Inactive,No,,,Tamarind Slab,10.00,Packet-500g,100.0,,27.5000,13.7500,64.4278,32.2140,,,,,,,,
INDIQUE Injipuli,30.82,lb,15.41,lb,2.00,1.00,lb,=,,Inactive,=,,Inactive,No,,,YIELD Ginger Chopped,5.00,lb,100.0,,12.0427,6.0214,64.4278,32.2140,,,,,,,,
INDIQUE Injipuli,30.82,lb,15.41,lb,2.00,1.00,lb,=,,Inactive,=,,Inactive,No,,,"Herb, Curry Leaves",6.00,OZ-fl,100.0,,0.8128,0.4064,64.4278,32.2140,,,,,,,,
INDIQUE Injipuli,30.82,lb,15.41,lb,2.00,1.00,lb,=,,Inactive,=,,Inactive,No,,,"Spice, Mustard Seed",4.00,OZ-fl,100.0,,0.4496,0.2248,64.4278,32.2140,,,,,,,,
INDIQUE Injipuli,30.82,lb,15.41,lb,2.00,1.00,lb,=,,Inactive,=,,Inactive,No,,,"Spice, Red Chili Whole Round",100.00,Gram,100.0,,1.1429,0.5715,64.4278,32.2140,,,,,,,,
INDIQUE Injipuli,30.82,lb,15.41,lb,2.00,1.00,lb,=,,Inactive,=,,Inactive,No,,,"Spice, Turmeric Powder",1.00,OZ-fl,100.0,,0.1030,0.0515,64.4278,32.2140,,,,,,,,
INDIQUE Injipuli,30.82,lb,15.41,lb,2.00,1.00,lb,=,,Inactive,=,,Inactive,No,,,"Spice, Red Chili Powder",2.00,OZ-fl,100.0,,0.2783,0.1391,64.4278,32.2140,,,,,,,,
INDIQUE Injipuli,30.82,lb,15.41,lb,2.00,1.00,lb,=,,Inactive,=,,Inactive,No,,,"Oil, Sunflower",6.00,lb,100.0,,8.9170,4.4585,64.4278,32.2140,,,,,,,,
INDIQUE Lamb Roganjosh,150.00,lb,30.00,lb,5.00,1.00,lb,=,,Inactive,=,,Inactive,No,,,YIELD Onion Yellow Peeled,10.00,lb,100.0,,8.0000,1.6000,726.3599,145.2721,,,,,,,,
INDIQUE Lamb Roganjosh,150.00,lb,30.00,lb,5.00,1.00,lb,=,,Inactive,=,,Inactive,No,,,"Onion, Yellow Whole",16.00,lb,100.0,,10.2400,2.0480,726.3599,145.2721,,,,,,,,
INDIQUE Lamb Roganjosh,150.00,lb,30.00,lb,5.00,1.00,lb,=,,Inactive,=,,Inactive,No,,,"Spice, Clove",0.05,lb,100.0,,0.3743,0.0749,726.3599,145.2721,,,,,,,,
INDIQUE Lamb Roganjosh,150.00,lb,30.00,lb,5.00,1.00,lb,=,,Inactive,=,,Inactive,No,,,"Spice, Bay Leaf",0.02,lb,100.0,,0.1018,0.0204,726.3599,145.2721,,,,,,,,
INDIQUE Lamb Roganjosh,150.00,lb,30.00,lb,5.00,1.00,lb,=,,Inactive,=,,Inactive,No,,,"Spice, Cinnamon Stick",0.11,lb,100.0,,0.7909,0.1582,726.3599,145.2721,,,,,,,,
INDIQUE Lamb Roganjosh,150.00,lb,30.00,lb,5.00,1.00,lb,=,,Inactive,=,,Inactive,No,,,"Spice, Cardamom Black",0.05,lb,100.0,,3.9754,0.7951,726.3599,145.2721,,,,,,,,
INDIQUE Lamb Roganjosh,150.00,lb,30.00,lb,5.00,1.00,lb,=,,Inactive,=,,Inactive,No,,,"Spice, Cardamom Green",0.07,lb,100.0,,1.7143,0.3429,726.3599,145.2721,,,,,,,,
INDIQUE Lamb Roganjosh,150.00,lb,30.00,lb,5.00,1.00,lb,=,,Inactive,=,,Inactive,No,,,"Oil, Sunflower",8.00,lb,100.0,,11.8894,2.3779,726.3599,145.2721,,,,,,,,
INDIQUE Lamb Roganjosh,150.00,lb,30.00,lb,5.00,1.00,lb,=,,Inactive,=,,Inactive,No,,,Salt,0.88,lb,100.0,,1.2802,0.2560,726.3599,145.2721,,,,,,,,
INDIQUE Lamb Roganjosh,150.00,lb,30.00,lb,5.00,1.00,lb,=,,Inactive,=,,Inactive,No,,,"Spice, Turmeric Powder",0.08,lb,100.0,,0.1758,0.0352,726.3599,145.2721,,,,,,,,
INDIQUE Lamb Roganjosh,150.00,lb,30.00,lb,5.00,1.00,lb,=,,Inactive,=,,Inactive,No,,,"Spice, Curry Powder",0.16,lb,100.0,,0.3824,0.0765,726.3599,145.2721,,,,,,,,
INDIQUE Lamb Roganjosh,150.00,lb,30.00,lb,5.00,1.00,lb,=,,Inactive,=,,Inactive,No,,,"Spice, Red Chili Powder",0.17,lb,100.0,,0.5607,0.1121,726.3599,145.2721,,,,,,,,
INDIQUE Lamb Roganjosh,150.00,lb,30.00,lb,5.00,1.00,lb,=,,Inactive,=,,Inactive,No,,,"Spice, Garlic Powder",1.00,lb,100.0,,2.9980,0.5996,726.3599,145.2721,,,,,,,,
INDIQUE Lamb Roganjosh,150.00,lb,30.00,lb,5.00,1.00,lb,=,,Inactive,=,,Inactive,No,,,"Spice, Garam Masala",0.21,lb,100.0,,0.7976,0.1595,726.3599,145.2721,,,,,,,,
INDIQUE Lamb Roganjosh,150.00,lb,30.00,lb,5.00,1.00,lb,=,,Inactive,=,,Inactive,No,,,"Spice, Coriander Powder",0.46,Quart,100.0,,1.0111,0.2022,726.3599,145.2721,,,,,,,,
INDIQUE Lamb Roganjosh,150.00,lb,30.00,lb,5.00,1.00,lb,=,,Inactive,=,,Inactive,No,,,Ginger,0.38,lb,100.0,,0.6656,0.1331,726.3599,145.2721,,,,,,,,
INDIQUE Lamb Roganjosh,150.00,lb,30.00,lb,5.00,1.00,lb,=,,Inactive,=,,Inactive,No,,,"Oil, Sunflower",8.00,lb,100.0,,11.8894,2.3779,726.3599,145.2721,,,,,,,,
INDIQUE Lamb Roganjosh,150.00,lb,30.00,lb,5.00,1.00,lb,=,,Inactive,=,,Inactive,No,,,"Tomato, Paste",2.00,Can-#10,100.0,,20.6800,4.1360,726.3599,145.2721,,,,,,,,
INDIQUE Lamb Roganjosh,150.00,lb,30.00,lb,5.00,1.00,lb,=,,Inactive,=,,Inactive,No,,,"Lamb, Leg",133.78,lb,100.0,,648.8330,129.7666,726.3599,145.2721,,,,,,,,
INDIQUE Lemon Pickle,96.84,lb,32.28,lb,3.00,1.00,lb,=,,Inactive,=,,Inactive,No,,,"Spice, Red Chili Powder",1.15,lb,100.0,,3.7927,1.2642,162.9817,54.3273,,,,,,,,
INDIQUE Lemon Pickle,96.84,lb,32.28,lb,3.00,1.00,lb,=,,Inactive,=,,Inactive,No,,,Vinegar Distilled White,2.00,Gal,100.0,,6.3800,2.1267,162.9817,54.3273,,,,,,,,
INDIQUE Lemon Pickle,96.84,lb,32.28,lb,3.00,1.00,lb,=,,Inactive,=,,Inactive,No,,,Salt,5.92,lb,100.0,,8.6120,2.8707,162.9817,54.3273,,,,,,,,
INDIQUE Lemon Pickle,96.84,lb,32.28,lb,3.00,1.00,lb,=,,Inactive,=,,Inactive,No,,,"Herb, Curry Leaves",0.05,lb,100.0,,2.1675,0.7225,162.9817,54.3273,,,,,,,,
INDIQUE Lemon Pickle,96.84,lb,32.28,lb,3.00,1.00,lb,=,,Inactive,=,,Inactive,No,,,"Spice, Asafoetida",0.39,lb,100.0,,4.7592,1.5864,162.9817,54.3273,,,,,,,,
INDIQUE Lemon Pickle,96.84,lb,32.28,lb,3.00,1.00,lb,=,,Inactive,=,,Inactive,No,,,"Spice, Fennel Seeds",0.03,lb,100.0,,0.0769,0.0256,162.9817,54.3273,,,,,,,,
INDIQUE Lemon Pickle,96.84,lb,32.28,lb,3.00,1.00,lb,=,,Inactive,=,,Inactive,No,,,"Spice, Mustard Seed",0.22,lb,100.0,,0.5276,0.1759,162.9817,54.3273,,,,,,,,
INDIQUE Lemon Pickle,96.84,lb,32.28,lb,3.00,1.00,lb,=,,Inactive,=,,Inactive,No,,,Lemons,68.94,lb,100.0,,119.2732,39.7577,162.9817,54.3273,,,,,,,,
INDIQUE Lemon Pickle,96.84,lb,32.28,lb,3.00,1.00,lb,=,,Inactive,=,,Inactive,No,,,"Spice, Turmeric Powder",0.10,lb,100.0,,0.2198,0.0733,162.9817,54.3273,,,,,,,,
INDIQUE Lemon Pickle,96.84,lb,32.28,lb,3.00,1.00,lb,=,,Inactive,=,,Inactive,No,,,"Spice, Ginger Powder",0.18,lb,100.0,,0.6836,0.2279,162.9817,54.3273,,,,,,,,
INDIQUE Lemon Pickle,96.84,lb,32.28,lb,3.00,1.00,lb,=,,Inactive,=,,Inactive,No,,,"Spice, Garlic Powder",0.25,lb,100.0,,0.7495,0.2498,162.9817,54.3273,,,,,,,,
INDIQUE Lemon Pickle,96.84,lb,32.28,lb,3.00,1.00,lb,=,,Inactive,=,,Inactive,No,,,"Spice, Red Chili Whole",0.20,lb,100.0,,0.8780,0.2927,162.9817,54.3273,,,,,,,,
INDIQUE Lemon Pickle,96.84,lb,32.28,lb,3.00,1.00,lb,=,,Inactive,=,,Inactive,No,,,"Oil, Sunflower",10.00,lb,100.0,,14.8617,4.9539,162.9817,54.3273,,,,,,,,
INDIQUE Makhani Gravy,264.00,lb,33.00,lb,8.00,1.00,lb,=,,Inactive,=,,Inactive,No,,,INDIQUE Fried Onion,7.00,lb,100.0,,20.3073,2.5384,403.7106,50.4641,,,,,,,,
INDIQUE Makhani Gravy,264.00,lb,33.00,lb,8.00,1.00,lb,=,,Inactive,=,,Inactive,No,,,"Cream, Heavy",10.00,Quart,100.0,,42.1917,5.2740,403.7106,50.4641,,,,,,,,
INDIQUE Makhani Gravy,264.00,lb,33.00,lb,8.00,1.00,lb,=,,Inactive,=,,Inactive,No,,,"Tomato, Paste",12.00,Can-#10,100.0,,124.0800,15.5100,403.7106,50.4641,,,,,,,,
INDIQUE Makhani Gravy,264.00,lb,33.00,lb,8.00,1.00,lb,=,,Inactive,=,,Inactive,No,,,"Spice, Turmeric Powder",0.13,lb,100.0,,0.2857,0.0357,403.7106,50.4641,,,,,,,,
INDIQUE Makhani Gravy,264.00,lb,33.00,lb,8.00,1.00,lb,=,,Inactive,=,,Inactive,No,,,"Spice, Curry Powder",0.26,lb,100.0,,0.6214,0.0777,403.7106,50.4641,,,,,,,,
INDIQUE Makhani Gravy,264.00,lb,33.00,lb,8.00,1.00,lb,=,,Inactive,=,,Inactive,No,,,"Spice, Ginger Powder",0.39,lb,100.0,,1.4812,0.1852,403.7106,50.4641,,,,,,,,
INDIQUE Makhani Gravy,264.00,lb,33.00,lb,8.00,1.00,lb,=,,Inactive,=,,Inactive,No,,,"Spice, Coriander Powder",0.60,lb,100.0,,1.3188,0.1649,403.7106,50.4641,,,,,,,,
INDIQUE Makhani Gravy,264.00,lb,33.00,lb,8.00,1.00,lb,=,,Inactive,=,,Inactive,No,,,"Spice, Cumin Powder",1.00,lb,100.0,,3.9980,0.4998,403.7106,50.4641,,,,,,,,
INDIQUE Makhani Gravy,264.00,lb,33.00,lb,8.00,1.00,lb,=,,Inactive,=,,Inactive,No,,,Yogurt,1.00,lb,100.0,,1.2512,0.1564,403.7106,50.4641,,,,,,,,
INDIQUE Makhani Gravy,264.00,lb,33.00,lb,8.00,1.00,lb,=,,Inactive,=,,Inactive,No,,,"Spice, Garlic Powder",1.00,lb,100.0,,2.9980,0.3748,403.7106,50.4641,,,,,,,,
INDIQUE Makhani Gravy,264.00,lb,33.00,lb,8.00,1.00,lb,=,,Inactive,=,,Inactive,No,,,"Peppers, Jalapeno",5.00,lb,100.0,,10.3269,1.2909,403.7106,50.4641,,,,,,,,
INDIQUE Makhani Gravy,264.00,lb,33.00,lb,8.00,1.00,lb,=,,Inactive,=,,Inactive,No,,,"Oil, Sunflower",16.00,lb,100.0,,23.7787,2.9723,403.7106,50.4641,,,,,,,,
INDIQUE Makhani Gravy,264.00,lb,33.00,lb,8.00,1.00,lb,=,,Inactive,=,,Inactive,No,,,"Cream, Heavy",10.00,Quart,100.0,,42.1917,5.2740,403.7106,50.4641,,,,,,,,
INDIQUE Makhani Gravy,264.00,lb,33.00,lb,8.00,1.00,lb,=,,Inactive,=,,Inactive,No,,,"Tomato, Whole Peeled",24.00,Can-#10,100.0,,128.8800,16.1100,403.7106,50.4641,,,,,,,,
INDIQUE Malabar Sauce,12.00,Gal,12.00,Gal,1.00,,Inactive,=,1.00,Gal,=,,Inactive,No,,,"Tomato, Whole Peeled",3.00,Can-#10,100.0,,16.1100,16.1100,76.1948,76.1948,,,,,,,,
INDIQUE Malabar Sauce,12.00,Gal,12.00,Gal,1.00,,Inactive,=,1.00,Gal,=,,Inactive,No,,,"Milk, Coconut",405.00,OZ-fl,100.0,,38.6609,38.6609,76.1948,76.1948,,,,,,,,
INDIQUE Malabar Sauce,12.00,Gal,12.00,Gal,1.00,,Inactive,=,1.00,Gal,=,,Inactive,No,,,YIELD Peppers Jalapeno Chopped,32.00,OZ-fl,100.0,,2.7745,2.7745,76.1948,76.1948,,,,,,,,
INDIQUE Malabar Sauce,12.00,Gal,12.00,Gal,1.00,,Inactive,=,1.00,Gal,=,,Inactive,No,,,YIELD Ginger Chopped,32.00,OZ-fl,100.0,,2.6494,2.6494,76.1948,76.1948,,,,,,,,
INDIQUE Malabar Sauce,12.00,Gal,12.00,Gal,1.00,,Inactive,=,1.00,Gal,=,,Inactive,No,,,"Onion, Yellow Whole",25.00,lb,100.0,,16.0000,16.0000,76.1948,76.1948,,,,,,,,
INDIQUE Onion Gravy,168.70,lb,33.74,lb,5.00,1.00,lb,=,,Inactive,=,,Inactive,No,,,"Oil, Sunflower",1.00,OZ-fl,100.0,,0.0887,0.0177,180.7052,36.1410,,,,,,,,
INDIQUE Onion Gravy,168.70,lb,33.74,lb,5.00,1.00,lb,=,,Inactive,=,,Inactive,No,,,"Tomato, Paste",4.00,Can-#10,100.0,,41.3600,8.2720,180.7052,36.1410,,,,,,,,
INDIQUE Onion Gravy,168.70,lb,33.74,lb,5.00,1.00,lb,=,,Inactive,=,,Inactive,No,,,"Spice, Curry Powder",0.72,lb,100.0,,1.7208,0.3442,180.7052,36.1410,,,,,,,,
INDIQUE Onion Gravy,168.70,lb,33.74,lb,5.00,1.00,lb,=,,Inactive,=,,Inactive,No,,,"Spice, Turmeric Powder",0.26,lb,100.0,,0.5715,0.1143,180.7052,36.1410,,,,,,,,
INDIQUE Onion Gravy,168.70,lb,33.74,lb,5.00,1.00,lb,=,,Inactive,=,,Inactive,No,,,"Spice, Red Chili Powder",0.26,lb,100.0,,0.8575,0.1715,180.7052,36.1410,,,,,,,,
INDIQUE Onion Gravy,168.70,lb,33.74,lb,5.00,1.00,lb,=,,Inactive,=,,Inactive,No,,,"Spice, Coriander Powder",0.48,lb,100.0,,1.0550,0.2110,180.7052,36.1410,,,,,,,,
INDIQUE Onion Gravy,168.70,lb,33.74,lb,5.00,1.00,lb,=,,Inactive,=,,Inactive,No,,,"Spice, Ginger Powder",0.72,lb,100.0,,2.7346,0.5469,180.7052,36.1410,,,,,,,,
INDIQUE Onion Gravy,168.70,lb,33.74,lb,5.00,1.00,lb,=,,Inactive,=,,Inactive,No,,,"Spice, Garlic Powder",1.44,lb,100.0,,4.3171,0.8634,180.7052,36.1410,,,,,,,,
INDIQUE Onion Gravy,168.70,lb,33.74,lb,5.00,1.00,lb,=,,Inactive,=,,Inactive,No,,,"Onion, Yellow Whole",200.00,lb,100.0,,128.0000,25.6000,180.7052,36.1410,,,,,,,,
INDIQUE Saag,165.00,lb,33.00,lb,5.00,1.00,lb,=,,Inactive,=,,Inactive,No,,,YIELD Onion Yellow Peeled,37.00,lb,100.0,,29.6000,5.9200,140.1858,28.0371,,,,,,,,
INDIQUE Saag,165.00,lb,33.00,lb,5.00,1.00,lb,=,,Inactive,=,,Inactive,No,,,"Spice, Ginger Powder",0.35,lb,100.0,,1.3293,0.2659,140.1858,28.0371,,,,,,,,
INDIQUE Saag,165.00,lb,33.00,lb,5.00,1.00,lb,=,,Inactive,=,,Inactive,No,,,"Spice, Fenugreek Leaves",0.71,lb,100.0,,5.7937,1.1587,140.1858,28.0371,,,,,,,,
INDIQUE Saag,165.00,lb,33.00,lb,5.00,1.00,lb,=,,Inactive,=,,Inactive,No,,,"Spice, Garlic Powder",1.52,lb,100.0,,4.5570,0.9114,140.1858,28.0371,,,,,,,,
INDIQUE Saag,165.00,lb,33.00,lb,5.00,1.00,lb,=,,Inactive,=,,Inactive,No,,,Salt,3.75,lb,100.0,,5.4552,1.0910,140.1858,28.0371,,,,,,,,
INDIQUE Saag,165.00,lb,33.00,lb,5.00,1.00,lb,=,,Inactive,=,,Inactive,No,,,"Oil, Sunflower",22.00,lb,100.0,,32.6958,6.5392,140.1858,28.0371,,,,,,,,
INDIQUE Saag,165.00,lb,33.00,lb,5.00,1.00,lb,=,,Inactive,=,,Inactive,No,,,"Spinach, Frozen",48.00,lb,100.0,,58.4667,11.6933,140.1858,28.0371,,,,,,,,
INDIQUE Saag,165.00,lb,33.00,lb,5.00,1.00,lb,=,,Inactive,=,,Inactive,No,,,"Spice, Asafoetida",4.00,OZ-fl,100.0,,2.2881,0.4576,140.1858,28.0371,,,,,,,,
INDIQUE Shrimp Lobster Kerala Bisque,68.42,lb,1.00,lb,68.42,1.00,lb,=,,Inactive,=,,Inactive,No,,,"Oil, Coconut",1.60,OZ-fl,100.0,,0.3431,0.0050,271.1732,3.9633,,,,,,,,
INDIQUE Shrimp Lobster Kerala Bisque,68.42,lb,1.00,lb,68.42,1.00,lb,=,,Inactive,=,,Inactive,No,,,"Tomato, Paste",0.29,lb,100.0,,0.4321,0.0063,271.1732,3.9633,,,,,,,,
INDIQUE Shrimp Lobster Kerala Bisque,68.42,lb,1.00,lb,68.42,1.00,lb,=,,Inactive,=,,Inactive,No,,,"Tomato, Plum",10.00,lb,100.0,,12.8000,0.1871,271.1732,3.9633,,,,,,,,
INDIQUE Shrimp Lobster Kerala Bisque,68.42,lb,1.00,lb,68.42,1.00,lb,=,,Inactive,=,,Inactive,No,,,"Herb, Curry Leaves",0.12,lb,100.0,,5.2020,0.0760,271.1732,3.9633,,,,,,,,
INDIQUE Shrimp Lobster Kerala Bisque,68.42,lb,1.00,lb,68.42,1.00,lb,=,,Inactive,=,,Inactive,No,,,"Peppers, Jalapeno",0.43,lb,100.0,,0.8881,0.0130,271.1732,3.9633,,,,,,,,
INDIQUE Shrimp Lobster Kerala Bisque,68.42,lb,1.00,lb,68.42,1.00,lb,=,,Inactive,=,,Inactive,No,,,Ginger,0.49,lb,100.0,,0.8583,0.0125,271.1732,3.9633,,,,,,,,
INDIQUE Shrimp Lobster Kerala Bisque,68.42,lb,1.00,lb,68.42,1.00,lb,=,,Inactive,=,,Inactive,No,,,"Milk, Coconut",21.08,lb,100.0,,223.6496,3.2688,271.1732,3.9633,,,,,,,,
INDIQUE Shrimp Lobster Kerala Bisque,68.42,lb,1.00,lb,68.42,1.00,lb,=,,Inactive,=,,Inactive,No,,,"Onion, Red Whole",25.00,lb,100.0,,27.0000,0.3946,271.1732,3.9633,,,,,,,,
INDIQUE Vegetable Jhalfrezi,64.85,lb,16.21,lb,4.00,1.00,lb,=,,Inactive,=,,Inactive,No,,,Broccoli,14.26,lb,100.0,,28.5200,7.1300,112.6030,28.1508,,,,,,,,
INDIQUE Vegetable Jhalfrezi,64.85,lb,16.21,lb,4.00,1.00,lb,=,,Inactive,=,,Inactive,No,,,Green Peas,4.00,lb,100.0,,9.7398,2.4350,112.6030,28.1508,,,,,,,,
INDIQUE Vegetable Jhalfrezi,64.85,lb,16.21,lb,4.00,1.00,lb,=,,Inactive,=,,Inactive,No,,,"Spice, Curry Powder",0.12,lb,100.0,,0.2868,0.0717,112.6030,28.1508,,,,,,,,
INDIQUE Vegetable Jhalfrezi,64.85,lb,16.21,lb,4.00,1.00,lb,=,,Inactive,=,,Inactive,No,,,"Spice, Turmeric Powder",0.12,lb,100.0,,0.2638,0.0659,112.6030,28.1508,,,,,,,,
INDIQUE Vegetable Jhalfrezi,64.85,lb,16.21,lb,4.00,1.00,lb,=,,Inactive,=,,Inactive,No,,,"Spice, Red Chili Powder",0.12,lb,100.0,,0.3958,0.0989,112.6030,28.1508,,,,,,,,
INDIQUE Vegetable Jhalfrezi,64.85,lb,16.21,lb,4.00,1.00,lb,=,,Inactive,=,,Inactive,No,,,INDIQUE Ginger Garlic Paste,1.00,lb,100.0,,1.9445,0.4861,112.6030,28.1508,,,,,,,,
INDIQUE Vegetable Jhalfrezi,64.85,lb,16.21,lb,4.00,1.00,lb,=,,Inactive,=,,Inactive,No,,,"Spice, Mustard Seed",0.17,Quart,100.0,,0.6115,0.1529,112.6030,28.1508,,,,,,,,
INDIQUE Vegetable Jhalfrezi,64.85,lb,16.21,lb,4.00,1.00,lb,=,,Inactive,=,,Inactive,No,,,"Spice, Cumin Seeds",0.12,lb,100.0,,0.5268,0.1317,112.6030,28.1508,,,,,,,,
INDIQUE Vegetable Jhalfrezi,64.85,lb,16.21,lb,4.00,1.00,lb,=,,Inactive,=,,Inactive,No,,,Salt,0.49,lb,100.0,,0.7128,0.1782,112.6030,28.1508,,,,,,,,
INDIQUE Vegetable Jhalfrezi,64.85,lb,16.21,lb,4.00,1.00,lb,=,,Inactive,=,,Inactive,No,,,Cauliflower,27.07,lb,100.0,,40.6292,10.1573,112.6030,28.1508,,,,,,,,
INDIQUE Vegetable Jhalfrezi,64.85,lb,16.21,lb,4.00,1.00,lb,=,,Inactive,=,,Inactive,No,,,"Carrots, Loose",11.40,lb,100.0,,8.3106,2.0777,112.6030,28.1508,,,,,,,,
INDIQUE Vegetable Jhalfrezi,64.85,lb,16.21,lb,4.00,1.00,lb,=,,Inactive,=,,Inactive,No,,,"Oil, Sunflower",6.00,lb,100.0,,8.9170,2.2293,112.6030,28.1508,,,,,,,,
INDIQUE Vegetable Jhalfrezi,64.85,lb,16.21,lb,4.00,1.00,lb,=,,Inactive,=,,Inactive,No,,,Salt,6.49,lb,100.0,,9.4411,2.3603,112.6030,28.1508,,,,,,,,
INDIQUE Vegetable Jhalfrezi,64.85,lb,16.21,lb,4.00,1.00,lb,=,,Inactive,=,,Inactive,No,,,"Tomato, Paste",1.38,lb,100.0,,2.0561,0.5140,112.6030,28.1508,,,,,,,,
INDIQUE Vegetable Jhalfrezi,64.85,lb,16.21,lb,4.00,1.00,lb,=,,Inactive,=,,Inactive,No,,,"Juice, Lemon",0.10,lb,100.0,,0.2472,0.0618,112.6030,28.1508,,,,,,,,
MI 1/2 Arugula,1.00,Each,1.00,Each,1.00,,Inactive,=,,Inactive,=,1.00,Each,No,,,Arugula,1.50,OZ-wt,100.0,,0.3984,0.3984,0.3984,0.3984,,0.00,,,0.00,,0.00,
MI 1/2 Basmati Rice,1.00,Each,1.00,Each,1.00,,Inactive,=,,Inactive,=,1.00,Each,No,,,BATCH Basmati Rice,3.65,OZ-wt,100.0,,0.0924,0.0924,0.0924,0.0924,,0.00,,,0.00,,0.00,
MI 1/2 Cauliflower + Potato,1.00,Each,1.00,Each,1.00,,Inactive,=,,Inactive,=,1.00,Each,No,,,BATCH Cauliflower + Potato Cooked,2.00,OZ-wt,100.0,,0.4067,0.4067,0.4067,0.4067,,0.00,,,0.00,,0.00,
MI 1/2 Chicken Tikka,1.00,Each,1.00,Each,1.00,,Inactive,=,,Inactive,=,1.00,Each,No,,,BATCH Chicken Tikka Cooked New,1.85,OZ-wt,100.0,,0.2680,0.2680,0.2680,0.2680,,0.00,,,0.00,,0.00,
MI 1/2 Green Jackfruit,1.00,Each,1.00,Each,1.00,,Inactive,=,,Inactive,=,1.00,Each,No,,,BATCH Jackfruit Cooked,2.00,OZ-fl,100.0,,0.4071,0.4071,0.4071,0.4071,,0.00,,,0.00,,0.00,
MI 1/2 Harvest Veggies,1.00,Each,1.00,Each,1.00,,Inactive,=,,Inactive,=,1.00,Each,No,,,BATCH Harvest Vegetables Cooked,1.65,OZ-wt,100.0,,0.4591,0.4591,0.4591,0.4591,,0.00,,,0.00,,0.00,
MI 1/2 Lamb Kebab,1.00,Each,1.00,Each,1.00,,Inactive,=,,Inactive,=,1.00,Each,No,,,BATCH Lamb Kebab Meatballs Cooked,2.00,CT,100.0,,1.1221,1.1221,1.1221,1.1221,,0.00,,,0.00,,0.00,
MI 1/2 Lemon Turmeric Rice,1.00,Each,1.00,Each,1.00,,Inactive,=,,Inactive,=,1.00,Each,No,,,BATCH Lemon Turmeric Rice,3.65,OZ-wt,100.0,,0.1117,0.1117,0.1117,0.1117,,0.00,,,0.00,,0.00,
MI 1/2 Masala Quinoa,1.00,Each,1.00,Each,1.00,,Inactive,=,,Inactive,=,1.00,Each,No,,,BATCH Masala Quinoa,4.00,OZ-wt,100.0,,0.1593,0.1593,0.1593,0.1593,,0.00,,,0.00,,0.00,
MI 1/2 Romaine,1.00,Each,1.00,Each,1.00,,Inactive,=,,Inactive,=,1.00,Each,No,,,YIELD Romaine Chopped,1.90,OZ-wt,100.0,,0.2970,0.2970,0.2970,0.2970,,0.00,,,0.00,,0.00,
MI 1/2 Sexygreens,1.00,Each,1.00,Each,1.00,,Inactive,=,,Inactive,=,1.00,Each,No,,,"Lettuce, Arcadian",1.90,OZ-wt,100.0,,0.3760,0.3760,0.3760,0.3760,,0.00,,,0.00,,0.00,
MI 1/2 South Indian Rice Noodles,1.00,Each,1.00,Each,1.00,,Inactive,=,,Inactive,=,1.00,Each,No,,,BATCH South Indian Rice Noodles,3.25,OZ-wt,100.0,,0.1761,0.1761,0.1761,0.1761,,0.00,,,0.00,,0.00,
MI 1/2 Spiced Beef,1.00,Each,1.00,Each,1.00,,Inactive,=,,Inactive,=,1.00,Each,No,,,BATCH Beef Cooked,2.00,OZ-fl,100.0,,1.3719,1.3719,1.3719,1.3719,,0.00,,,0.00,,0.00,
MI 1/2 Spicy Chili Chicken,1.00,Each,1.00,Each,1.00,,Inactive,=,,Inactive,=,1.00,Each,No,,,BATCH Spicy Chili Chicken Cooked,2.25,OZ-wt,100.0,,0.3638,0.3638,0.3638,0.3638,,0.00,,,0.00,,0.00,
MI 1/2 Spinach,1.00,Each,1.00,Each,1.00,,Inactive,=,,Inactive,=,1.00,Each,No,,,"Spinach, Baby",1.70,OZ-wt,100.0,,0.3573,0.3573,0.3573,0.3573,,0.00,,,0.00,,0.00,
MI 1/2 Spinach 1/2 Sexygreens,1.00,Each,1.00,Each,1.00,,Inactive,=,,Inactive,=,1.00,Each,No,,,"Lettuce, Arcadian",1.90,OZ-wt,100.0,,0.3760,0.3760,0.7333,0.7333,,0.00,,,0.00,,0.00,
MI 1/2 Spinach 1/2 Sexygreens,1.00,Each,1.00,Each,1.00,,Inactive,=,,Inactive,=,1.00,Each,No,,,"Spinach, Baby",1.70,OZ-wt,100.0,,0.3573,0.3573,0.7333,0.7333,,0.00,,,0.00,,0.00,
MI 1/2 Supergrains,1.00,Each,1.00,Each,1.00,,Inactive,=,,Inactive,=,1.00,Each,No,,,BATCH Supergrains,3.55,OZ-wt,100.0,,0.1768,0.1768,0.1768,0.1768,,0.00,,,0.00,,0.00,
MI 1/2 Sweet Potato Tikki,1.00,Each,1.00,Each,1.00,,Inactive,=,,Inactive,=,1.00,Each,No,,,BATCH Sweet Potato Tikki,1.60,OZ-wt,100.0,,0.1779,0.1779,0.1779,0.1779,,0.00,,,0.00,,0.00,
MI 1/2 Tandoori Paneer,1.00,Each,1.00,Each,1.00,,Inactive,=,,Inactive,=,1.00,Each,No,,,BATCH Tandoori Paneer Cooked,3.00,Each,100.0,,0.7635,0.7635,0.7635,0.7635,,0.00,,,0.00,,0.00,
MI 1/2 Tofu + Cauliflower,1.00,Each,1.00,Each,1.00,,Inactive,=,,Inactive,=,1.00,Each,No,,,BATCH Tofu Cauliflower Cooked,2.00,OZ-fl,100.0,,0.4402,0.4402,0.4402,0.4402,,0.00,,,0.00,,0.00,
MI 1/2 Turmeric Ginger Shrimp,1.00,Each,1.00,Each,1.00,,Inactive,=,,Inactive,=,1.00,Each,No,,,BATCH Shrimp Cooked,3.00,Each,100.0,,1.4305,1.4305,1.4305,1.4305,,0.00,,,0.00,,0.00,
MI Aloo Need Is Love - In House,1.00,Each,1.00,Each,1.00,,Inactive,=,,Inactive,=,1.00,Each,No,,,EVERMADE Coconut Ginger Sauce,4.00,OZ-fl,100.0,,0.7998,0.7998,2.4393,2.4393,,0.00,,,0.00,,0.00,
MI Aloo Need Is Love - In House,1.00,Each,1.00,Each,1.00,,Inactive,=,,Inactive,=,1.00,Each,No,,,EVERMADE Tamarind Ginger Chutney,0.80,OZ-wt,100.0,,0.1429,0.1429,2.4393,2.4393,,0.00,,,0.00,,0.00,
MI Aloo Need Is Love - In House,1.00,Each,1.00,Each,1.00,,Inactive,=,,Inactive,=,1.00,Each,No,,,MI To Go Bowl Disposables - In House,1.00,Each,100.0,,0.4878,0.4878,2.4393,2.4393,,0.00,,,0.00,,0.00,
MI Aloo Need Is Love - In House,1.00,Each,1.00,Each,1.00,,Inactive,=,,Inactive,=,1.00,Each,No,,,BATCH Roasted Lentils,0.05,OZ-wt,100.0,,0.0078,0.0078,2.4393,2.4393,,0.00,,,0.00,,0.00,
MI Aloo Need Is Love - In House,1.00,Each,1.00,Each,1.00,,Inactive,=,,Inactive,=,1.00,Each,No,,,BATCH Pickled Radish,0.50,OZ-wt,100.0,,0.0184,0.0184,2.4393,2.4393,,0.00,,,0.00,,0.00,
MI Aloo Need Is Love - In House,1.00,Each,1.00,Each,1.00,,Inactive,=,,Inactive,=,1.00,Each,No,,,YIELD Cucumber Chopped,0.50,OZ-wt,100.0,,0.0161,0.0161,2.4393,2.4393,,0.00,,,0.00,,0.00,
MI Aloo Need Is Love - In House,1.00,Each,1.00,Each,1.00,,Inactive,=,,Inactive,=,1.00,Each,No,,,BATCH Masala Beets,0.50,OZ-wt,100.0,,0.0967,0.0967,2.4393,2.4393,,0.00,,,0.00,,0.00,
MI Aloo Need Is Love - In House,1.00,Each,1.00,Each,1.00,,Inactive,=,,Inactive,=,1.00,Each,No,,,BATCH Lemon Turmeric Rice,7.30,OZ-wt,100.0,,0.2233,0.2233,2.4393,2.4393,,0.00,,,0.00,,0.00,
MI Aloo Need Is Love - In House,1.00,Each,1.00,Each,1.00,,Inactive,=,,Inactive,=,1.00,Each,No,,,BATCH Sweet Potato Tikki,3.20,OZ-wt,100.0,,0.3559,0.3559,2.4393,2.4393,,0.00,,,0.00,,0.00,
MI Aloo Need Is Love - In House,1.00,Each,1.00,Each,1.00,,Inactive,=,,Inactive,=,1.00,Each,No,,,BATCH Eggplant Cooked,1.50,OZ-wt,100.0,,0.2906,0.2906,2.4393,2.4393,,0.00,,,0.00,,0.00,
MI Aloo Need Is Love - Online,1.00,Each,1.00,Each,1.00,,Inactive,=,,Inactive,=,1.00,Each,No,,,MI To Go Bowl Disposables - Online,1.00,Each,100.0,,0.6065,0.6065,0.6065,0.6065,,0.00,,,0.00,,0.00,
MI Aramark BYO Chicken Tikka Bowl,1.00,Each,1.00,Each,1.00,,Inactive,=,,Inactive,=,1.00,Each,No,,,BATCH Chicken Tikka Cooked New,4.00,OZ-wt,100.0,,0.5795,0.5795,2.3983,2.3983,,0.00,,,0.00,,0.00,
MI Aramark BYO Chicken Tikka Bowl,1.00,Each,1.00,Each,1.00,,Inactive,=,,Inactive,=,1.00,Each,No,,,BATCH Lemon Turmeric Rice,7.30,OZ-wt,100.0,,0.2233,0.2233,2.3983,2.3983,,0.00,,,0.00,,0.00,
MI Aramark BYO Chicken Tikka Bowl,1.00,Each,1.00,Each,1.00,,Inactive,=,,Inactive,=,1.00,Each,No,,,MI To Go Bowl Disposables - Offsite Pop-Up,1.00,Each,100.0,,0.3165,0.3165,2.3983,2.3983,,0.00,,,0.00,,0.00,
MI Aramark BYO Chicken Tikka Bowl,1.00,Each,1.00,Each,1.00,,Inactive,=,,Inactive,=,1.00,Each,No,,,BATCH House Vinaigrette,0.50,OZ-fl,100.0,,0.0479,0.0479,2.3983,2.3983,,0.00,,,0.00,,0.00,
MI Aramark BYO Chicken Tikka Bowl,1.00,Each,1.00,Each,1.00,,Inactive,=,,Inactive,=,1.00,Each,No,,,BATCH Indian Street Corn,0.30,OZ-wt,100.0,,0.0070,0.0070,2.3983,2.3983,,0.00,,,0.00,,0.00,
MI Aramark BYO Chicken Tikka Bowl,1.00,Each,1.00,Each,1.00,,Inactive,=,,Inactive,=,1.00,Each,No,,,BATCH Carrot Slaw,0.20,OZ-wt,100.0,,0.0182,0.0182,2.3983,2.3983,,0.00,,,0.00,,0.00,
MI Aramark BYO Chicken Tikka Bowl,1.00,Each,1.00,Each,1.00,,Inactive,=,,Inactive,=,1.00,Each,No,,,BATCH Chickpeas Cooked,2.17,OZ-wt,100.0,,0.0527,0.0527,2.3983,2.3983,,0.00,,,0.00,,0.00,
MI Aramark BYO Chicken Tikka Bowl,1.00,Each,1.00,Each,1.00,,Inactive,=,,Inactive,=,1.00,Each,No,,,EVERMADE Coconut Ginger Sauce,1.00,OZ-fl,100.0,,0.2000,0.2000,2.3983,2.3983,,0.00,,,0.00,,0.00,
MI Aramark BYO Chicken Tikka Bowl,1.00,Each,1.00,Each,1.00,,Inactive,=,,Inactive,=,1.00,Each,No,,,YIELD Romaine Chopped,0.75,OZ-wt,100.0,,0.1172,0.1172,2.3983,2.3983,,0.00,,,0.00,,0.00,
MI Aramark BYO Chicken Tikka Bowl,1.00,Each,1.00,Each,1.00,,Inactive,=,,Inactive,=,1.00,Each,No,,,EVERMADE Tomato Garlic Sauce,3.00,OZ-fl,100.0,,0.5643,0.5643,2.3983,2.3983,,0.00,,,0.00,,0.00,
MI Aramark BYO Chicken Tikka Bowl,1.00,Each,1.00,Each,1.00,,Inactive,=,,Inactive,=,1.00,Each,No,,,BATCH Sautéed Spinach,0.72,OZ-wt,100.0,,0.0763,0.0763,2.3983,2.3983,,0.00,,,0.00,,0.00,
MI Aramark BYO Chicken Tikka Bowl,1.00,Each,1.00,Each,1.00,,Inactive,=,,Inactive,=,1.00,Each,No,,,BATCH Pickled Onions,0.30,OZ-wt,100.0,,0.0255,0.0255,2.3983,2.3983,,0.00,,,0.00,,0.00,
MI Aramark BYO Chicken Tikka Bowl,1.00,Each,1.00,Each,1.00,,Inactive,=,,Inactive,=,1.00,Each,No,,,BATCH Kachumber Salad,0.40,OZ-wt,100.0,,0.0327,0.0327,2.3983,2.3983,,0.00,,,0.00,,0.00,
MI Aramark BYO Chicken Tikka Bowl,1.00,Each,1.00,Each,1.00,,Inactive,=,,Inactive,=,1.00,Each,No,,,BATCH Mint Cilantro Chutney,0.50,OZ-fl,100.0,,0.0927,0.0927,2.3983,2.3983,,0.00,,,0.00,,0.00,
MI Aramark BYO Chicken Tikka Bowl,1.00,Each,1.00,Each,1.00,,Inactive,=,,Inactive,=,1.00,Each,No,,,BATCH Toasted Cumin Yogurt,0.50,OZ-fl,100.0,,0.0445,0.0445,2.3983,2.3983,,0.00,,,0.00,,0.00,
MI Aramark BYO Harvest Veg Bowl,1.00,Each,1.00,Each,1.00,,Inactive,=,,Inactive,=,1.00,Each,No,,,BATCH Harvest Vegetables Cooked,3.30,OZ-wt,100.0,,0.9182,0.9182,2.7370,2.7370,,0.00,,,0.00,,0.00,
MI Aramark BYO Harvest Veg Bowl,1.00,Each,1.00,Each,1.00,,Inactive,=,,Inactive,=,1.00,Each,No,,,BATCH Lemon Turmeric Rice,7.30,OZ-wt,100.0,,0.2233,0.2233,2.7370,2.7370,,0.00,,,0.00,,0.00,
MI Aramark BYO Harvest Veg Bowl,1.00,Each,1.00,Each,1.00,,Inactive,=,,Inactive,=,1.00,Each,No,,,MI To Go Bowl Disposables - Offsite Pop-Up,1.00,Each,100.0,,0.3165,0.3165,2.7370,2.7370,,0.00,,,0.00,,0.00,
MI Aramark BYO Harvest Veg Bowl,1.00,Each,1.00,Each,1.00,,Inactive,=,,Inactive,=,1.00,Each,No,,,BATCH House Vinaigrette,0.50,OZ-fl,100.0,,0.0479,0.0479,2.7370,2.7370,,0.00,,,0.00,,0.00,
MI Aramark BYO Harvest Veg Bowl,1.00,Each,1.00,Each,1.00,,Inactive,=,,Inactive,=,1.00,Each,No,,,BATCH Indian Street Corn,0.30,OZ-wt,100.0,,0.0070,0.0070,2.7370,2.7370,,0.00,,,0.00,,0.00,
MI Aramark BYO Harvest Veg Bowl,1.00,Each,1.00,Each,1.00,,Inactive,=,,Inactive,=,1.00,Each,No,,,BATCH Carrot Slaw,0.20,OZ-wt,100.0,,0.0182,0.0182,2.7370,2.7370,,0.00,,,0.00,,0.00,
MI Aramark BYO Harvest Veg Bowl,1.00,Each,1.00,Each,1.00,,Inactive,=,,Inactive,=,1.00,Each,No,,,BATCH Chickpeas Cooked,2.17,OZ-wt,100.0,,0.0527,0.0527,2.7370,2.7370,,0.00,,,0.00,,0.00,
MI Aramark BYO Harvest Veg Bowl,1.00,Each,1.00,Each,1.00,,Inactive,=,,Inactive,=,1.00,Each,No,,,EVERMADE Coconut Ginger Sauce,1.00,OZ-fl,100.0,,0.2000,0.2000,2.7370,2.7370,,0.00,,,0.00,,0.00,
MI Aramark BYO Harvest Veg Bowl,1.00,Each,1.00,Each,1.00,,Inactive,=,,Inactive,=,1.00,Each,No,,,YIELD Romaine Chopped,0.75,OZ-wt,100.0,,0.1172,0.1172,2.7370,2.7370,,0.00,,,0.00,,0.00,
MI Aramark BYO Harvest Veg Bowl,1.00,Each,1.00,Each,1.00,,Inactive,=,,Inactive,=,1.00,Each,No,,,EVERMADE Tomato Garlic Sauce,3.00,OZ-fl,100.0,,0.5643,0.5643,2.7370,2.7370,,0.00,,,0.00,,0.00,
MI Aramark BYO Harvest Veg Bowl,1.00,Each,1.00,Each,1.00,,Inactive,=,,Inactive,=,1.00,Each,No,,,BATCH Sautéed Spinach,0.72,OZ-wt,100.0,,0.0763,0.0763,2.7370,2.7370,,0.00,,,0.00,,0.00,
MI Aramark BYO Harvest Veg Bowl,1.00,Each,1.00,Each,1.00,,Inactive,=,,Inactive,=,1.00,Each,No,,,BATCH Pickled Onions,0.30,OZ-wt,100.0,,0.0255,0.0255,2.7370,2.7370,,0.00,,,0.00,,0.00,
MI Aramark BYO Harvest Veg Bowl,1.00,Each,1.00,Each,1.00,,Inactive,=,,Inactive,=,1.00,Each,No,,,BATCH Kachumber Salad,0.40,OZ-wt,100.0,,0.0327,0.0327,2.7370,2.7370,,0.00,,,0.00,,0.00,
MI Aramark BYO Harvest Veg Bowl,1.00,Each,1.00,Each,1.00,,Inactive,=,,Inactive,=,1.00,Each,No,,,BATCH Mint Cilantro Chutney,0.50,OZ-fl,100.0,,0.0927,0.0927,2.7370,2.7370,,0.00,,,0.00,,0.00,
MI Aramark BYO Harvest Veg Bowl,1.00,Each,1.00,Each,1.00,,Inactive,=,,Inactive,=,1.00,Each,No,,,BATCH Toasted Cumin Yogurt,0.50,OZ-fl,100.0,,0.0445,0.0445,2.7370,2.7370,,0.00,,,0.00,,0.00,
MI Aramark BYO Lamb Bowl,1.00,Each,1.00,Each,1.00,,Inactive,=,,Inactive,=,1.00,Each,No,,,BATCH Lamb Kebab Meatballs Cooked,4.00,Each,100.0,,2.2442,2.2442,4.0630,4.0630,,0.00,,,0.00,,0.00,
MI Aramark BYO Lamb Bowl,1.00,Each,1.00,Each,1.00,,Inactive,=,,Inactive,=,1.00,Each,No,,,BATCH Lemon Turmeric Rice,7.30,OZ-wt,100.0,,0.2233,0.2233,4.0630,4.0630,,0.00,,,0.00,,0.00,
MI Aramark BYO Lamb Bowl,1.00,Each,1.00,Each,1.00,,Inactive,=,,Inactive,=,1.00,Each,No,,,MI To Go Bowl Disposables - Offsite Pop-Up,1.00,Each,100.0,,0.3165,0.3165,4.0630,4.0630,,0.00,,,0.00,,0.00,
MI Aramark BYO Lamb Bowl,1.00,Each,1.00,Each,1.00,,Inactive,=,,Inactive,=,1.00,Each,No,,,BATCH House Vinaigrette,0.50,OZ-fl,100.0,,0.0479,0.0479,4.0630,4.0630,,0.00,,,0.00,,0.00,
MI Aramark BYO Lamb Bowl,1.00,Each,1.00,Each,1.00,,Inactive,=,,Inactive,=,1.00,Each,No,,,BATCH Indian Street Corn,0.30,OZ-wt,100.0,,0.0070,0.0070,4.0630,4.0630,,0.00,,,0.00,,0.00,
MI Aramark BYO Lamb Bowl,1.00,Each,1.00,Each,1.00,,Inactive,=,,Inactive,=,1.00,Each,No,,,BATCH Carrot Slaw,0.20,OZ-wt,100.0,,0.0182,0.0182,4.0630,4.0630,,0.00,,,0.00,,0.00,
MI Aramark BYO Lamb Bowl,1.00,Each,1.00,Each,1.00,,Inactive,=,,Inactive,=,1.00,Each,No,,,BATCH Chickpeas Cooked,2.17,OZ-wt,100.0,,0.0527,0.0527,4.0630,4.0630,,0.00,,,0.00,,0.00,
MI Aramark BYO Lamb Bowl,1.00,Each,1.00,Each,1.00,,Inactive,=,,Inactive,=,1.00,Each,No,,,EVERMADE Coconut Ginger Sauce,1.00,OZ-fl,100.0,,0.2000,0.2000,4.0630,4.0630,,0.00,,,0.00,,0.00,
MI Aramark BYO Lamb Bowl,1.00,Each,1.00,Each,1.00,,Inactive,=,,Inactive,=,1.00,Each,No,,,YIELD Romaine Chopped,0.75,OZ-wt,100.0,,0.1172,0.1172,4.0630,4.0630,,0.00,,,0.00,,0.00,
MI Aramark BYO Lamb Bowl,1.00,Each,1.00,Each,1.00,,Inactive,=,,Inactive,=,1.00,Each,No,,,EVERMADE Tomato Garlic Sauce,3.00,OZ-fl,100.0,,0.5643,0.5643,4.0630,4.0630,,0.00,,,0.00,,0.00,
MI Aramark BYO Lamb Bowl,1.00,Each,1.00,Each,1.00,,Inactive,=,,Inactive,=,1.00,Each,No,,,BATCH Sautéed Spinach,0.72,OZ-wt,100.0,,0.0763,0.0763,4.0630,4.0630,,0.00,,,0.00,,0.00,
MI Aramark BYO Lamb Bowl,1.00,Each,1.00,Each,1.00,,Inactive,=,,Inactive,=,1.00,Each,No,,,BATCH Pickled Onions,0.30,OZ-wt,100.0,,0.0255,0.0255,4.0630,4.0630,,0.00,,,0.00,,0.00,
MI Aramark BYO Lamb Bowl,1.00,Each,1.00,Each,1.00,,Inactive,=,,Inactive,=,1.00,Each,No,,,BATCH Kachumber Salad,0.40,OZ-wt,100.0,,0.0327,0.0327,4.0630,4.0630,,0.00,,,0.00,,0.00,
MI Aramark BYO Lamb Bowl,1.00,Each,1.00,Each,1.00,,Inactive,=,,Inactive,=,1.00,Each,No,,,BATCH Mint Cilantro Chutney,0.50,OZ-fl,100.0,,0.0927,0.0927,4.0630,4.0630,,0.00,,,0.00,,0.00,
MI Aramark BYO Lamb Bowl,1.00,Each,1.00,Each,1.00,,Inactive,=,,Inactive,=,1.00,Each,No,,,BATCH Toasted Cumin Yogurt,0.50,OZ-fl,100.0,,0.0445,0.0445,4.0630,4.0630,,0.00,,,0.00,,0.00,
MI Aramark BYO Paneer Bowl,1.00,Each,1.00,Each,1.00,,Inactive,=,,Inactive,=,1.00,Each,No,,,BATCH Tandoori Paneer Cooked,5.00,Each,100.0,,1.2726,1.2726,3.0914,3.0914,,0.00,,,0.00,,0.00,
MI Aramark BYO Paneer Bowl,1.00,Each,1.00,Each,1.00,,Inactive,=,,Inactive,=,1.00,Each,No,,,BATCH Lemon Turmeric Rice,7.30,OZ-wt,100.0,,0.2233,0.2233,3.0914,3.0914,,0.00,,,0.00,,0.00,
MI Aramark BYO Paneer Bowl,1.00,Each,1.00,Each,1.00,,Inactive,=,,Inactive,=,1.00,Each,No,,,MI To Go Bowl Disposables - Offsite Pop-Up,1.00,Each,100.0,,0.3165,0.3165,3.0914,3.0914,,0.00,,,0.00,,0.00,
MI Aramark BYO Paneer Bowl,1.00,Each,1.00,Each,1.00,,Inactive,=,,Inactive,=,1.00,Each,No,,,BATCH House Vinaigrette,0.50,OZ-fl,100.0,,0.0479,0.0479,3.0914,3.0914,,0.00,,,0.00,,0.00,
MI Aramark BYO Paneer Bowl,1.00,Each,1.00,Each,1.00,,Inactive,=,,Inactive,=,1.00,Each,No,,,BATCH Indian Street Corn,0.30,OZ-wt,100.0,,0.0070,0.0070,3.0914,3.0914,,0.00,,,0.00,,0.00,
MI Aramark BYO Paneer Bowl,1.00,Each,1.00,Each,1.00,,Inactive,=,,Inactive,=,1.00,Each,No,,,BATCH Carrot Slaw,0.20,OZ-wt,100.0,,0.0182,0.0182,3.0914,3.0914,,0.00,,,0.00,,0.00,
MI Aramark BYO Paneer Bowl,1.00,Each,1.00,Each,1.00,,Inactive,=,,Inactive,=,1.00,Each,No,,,BATCH Chickpeas Cooked,2.17,OZ-wt,100.0,,0.0527,0.0527,3.0914,3.0914,,0.00,,,0.00,,0.00,
MI Aramark BYO Paneer Bowl,1.00,Each,1.00,Each,1.00,,Inactive,=,,Inactive,=,1.00,Each,No,,,EVERMADE Coconut Ginger Sauce,1.00,OZ-fl,100.0,,0.2000,0.2000,3.0914,3.0914,,0.00,,,0.00,,0.00,
MI Aramark BYO Paneer Bowl,1.00,Each,1.00,Each,1.00,,Inactive,=,,Inactive,=,1.00,Each,No,,,YIELD Romaine Chopped,0.75,OZ-wt,100.0,,0.1172,0.1172,3.0914,3.0914,,0.00,,,0.00,,0.00,
MI Aramark BYO Paneer Bowl,1.00,Each,1.00,Each,1.00,,Inactive,=,,Inactive,=,1.00,Each,No,,,EVERMADE Tomato Garlic Sauce,3.00,OZ-fl,100.0,,0.5643,0.5643,3.0914,3.0914,,0.00,,,0.00,,0.00,
MI Aramark BYO Paneer Bowl,1.00,Each,1.00,Each,1.00,,Inactive,=,,Inactive,=,1.00,Each,No,,,BATCH Sautéed Spinach,0.72,OZ-wt,100.0,,0.0763,0.0763,3.0914,3.0914,,0.00,,,0.00,,0.00,
MI Aramark BYO Paneer Bowl,1.00,Each,1.00,Each,1.00,,Inactive,=,,Inactive,=,1.00,Each,No,,,BATCH Pickled Onions,0.30,OZ-wt,100.0,,0.0255,0.0255,3.0914,3.0914,,0.00,,,0.00,,0.00,
MI Aramark BYO Paneer Bowl,1.00,Each,1.00,Each,1.00,,Inactive,=,,Inactive,=,1.00,Each,No,,,BATCH Kachumber Salad,0.40,OZ-wt,100.0,,0.0327,0.0327,3.0914,3.0914,,0.00,,,0.00,,0.00,
MI Aramark BYO Paneer Bowl,1.00,Each,1.00,Each,1.00,,Inactive,=,,Inactive,=,1.00,Each,No,,,BATCH Mint Cilantro Chutney,0.50,OZ-fl,100.0,,0.0927,0.0927,3.0914,3.0914,,0.00,,,0.00,,0.00,
MI Aramark BYO Paneer Bowl,1.00,Each,1.00,Each,1.00,,Inactive,=,,Inactive,=,1.00,Each,No,,,BATCH Toasted Cumin Yogurt,0.50,OZ-fl,100.0,,0.0445,0.0445,3.0914,3.0914,,0.00,,,0.00,,0.00,
MI Aramark BYO Spicy Chicken Bowl,1.00,Each,1.00,Each,1.00,,Inactive,=,,Inactive,=,1.00,Each,No,,,BATCH Lemon Turmeric Rice,7.30,OZ-wt,100.0,,0.2233,0.2233,2.5463,2.5463,,0.00,,,0.00,,0.00,
MI Aramark BYO Spicy Chicken Bowl,1.00,Each,1.00,Each,1.00,,Inactive,=,,Inactive,=,1.00,Each,No,,,MI To Go Bowl Disposables - Offsite Pop-Up,1.00,Each,100.0,,0.3165,0.3165,2.5463,2.5463,,0.00,,,0.00,,0.00,
MI Aramark BYO Spicy Chicken Bowl,1.00,Each,1.00,Each,1.00,,Inactive,=,,Inactive,=,1.00,Each,No,,,BATCH House Vinaigrette,0.50,OZ-fl,100.0,,0.0479,0.0479,2.5463,2.5463,,0.00,,,0.00,,0.00,
MI Aramark BYO Spicy Chicken Bowl,1.00,Each,1.00,Each,1.00,,Inactive,=,,Inactive,=,1.00,Each,No,,,BATCH Indian Street Corn,0.30,OZ-wt,100.0,,0.0070,0.0070,2.5463,2.5463,,0.00,,,0.00,,0.00,
MI Aramark BYO Spicy Chicken Bowl,1.00,Each,1.00,Each,1.00,,Inactive,=,,Inactive,=,1.00,Each,No,,,BATCH Carrot Slaw,0.20,OZ-wt,100.0,,0.0182,0.0182,2.5463,2.5463,,0.00,,,0.00,,0.00,
MI Aramark BYO Spicy Chicken Bowl,1.00,Each,1.00,Each,1.00,,Inactive,=,,Inactive,=,1.00,Each,No,,,BATCH Chickpeas Cooked,2.17,OZ-wt,100.0,,0.0527,0.0527,2.5463,2.5463,,0.00,,,0.00,,0.00,
MI Aramark BYO Spicy Chicken Bowl,1.00,Each,1.00,Each,1.00,,Inactive,=,,Inactive,=,1.00,Each,No,,,EVERMADE Coconut Ginger Sauce,1.00,OZ-fl,100.0,,0.2000,0.2000,2.5463,2.5463,,0.00,,,0.00,,0.00,
MI Aramark BYO Spicy Chicken Bowl,1.00,Each,1.00,Each,1.00,,Inactive,=,,Inactive,=,1.00,Each,No,,,BATCH Spicy Chili Chicken Cooked,4.50,OZ-wt,100.0,,0.7275,0.7275,2.5463,2.5463,,0.00,,,0.00,,0.00,
MI Aramark BYO Spicy Chicken Bowl,1.00,Each,1.00,Each,1.00,,Inactive,=,,Inactive,=,1.00,Each,No,,,YIELD Romaine Chopped,0.75,OZ-wt,100.0,,0.1172,0.1172,2.5463,2.5463,,0.00,,,0.00,,0.00,
MI Aramark BYO Spicy Chicken Bowl,1.00,Each,1.00,Each,1.00,,Inactive,=,,Inactive,=,1.00,Each,No,,,EVERMADE Tomato Garlic Sauce,3.00,OZ-fl,100.0,,0.5643,0.5643,2.5463,2.5463,,0.00,,,0.00,,0.00,
MI Aramark BYO Spicy Chicken Bowl,1.00,Each,1.00,Each,1.00,,Inactive,=,,Inactive,=,1.00,Each,No,,,BATCH Sautéed Spinach,0.72,OZ-wt,100.0,,0.0763,0.0763,2.5463,2.5463,,0.00,,,0.00,,0.00,
MI Aramark BYO Spicy Chicken Bowl,1.00,Each,1.00,Each,1.00,,Inactive,=,,Inactive,=,1.00,Each,No,,,BATCH Pickled Onions,0.30,OZ-wt,100.0,,0.0255,0.0255,2.5463,2.5463,,0.00,,,0.00,,0.00,
MI Aramark BYO Spicy Chicken Bowl,1.00,Each,1.00,Each,1.00,,Inactive,=,,Inactive,=,1.00,Each,No,,,BATCH Kachumber Salad,0.40,OZ-wt,100.0,,0.0327,0.0327,2.5463,2.5463,,0.00,,,0.00,,0.00,
MI Aramark BYO Spicy Chicken Bowl,1.00,Each,1.00,Each,1.00,,Inactive,=,,Inactive,=,1.00,Each,No,,,BATCH Mint Cilantro Chutney,0.50,OZ-fl,100.0,,0.0927,0.0927,2.5463,2.5463,,0.00,,,0.00,,0.00,
MI Aramark BYO Spicy Chicken Bowl,1.00,Each,1.00,Each,1.00,,Inactive,=,,Inactive,=,1.00,Each,No,,,BATCH Toasted Cumin Yogurt,0.50,OZ-fl,100.0,,0.0445,0.0445,2.5463,2.5463,,0.00,,,0.00,,0.00,
MI Aramark Marriott BYO Chicken Tikka Bowl,1.00,Each,1.00,Each,1.00,,Inactive,=,,Inactive,=,1.00,Each,No,,,EVERMADE Tamarind Ginger Chutney,0.25,OZ-fl,100.0,,0.0547,0.0547,2.4040,2.4040,,0.00,,,0.00,,0.00,
MI Aramark Marriott BYO Chicken Tikka Bowl,1.00,Each,1.00,Each,1.00,,Inactive,=,,Inactive,=,1.00,Each,No,,,EVERMADE Tamarind Chili Sauce,1.00,OZ-fl,100.0,,0.1749,0.1749,2.4040,2.4040,,0.00,,,0.00,,0.00,
MI Aramark Marriott BYO Chicken Tikka Bowl,1.00,Each,1.00,Each,1.00,,Inactive,=,,Inactive,=,1.00,Each,No,,,BATCH Chicken Tikka Cooked New,4.00,OZ-wt,100.0,,0.5795,0.5795,2.4040,2.4040,,0.00,,,0.00,,0.00,
MI Aramark Marriott BYO Chicken Tikka Bowl,1.00,Each,1.00,Each,1.00,,Inactive,=,,Inactive,=,1.00,Each,No,,,BATCH Lemon Turmeric Rice,7.30,OZ-wt,100.0,,0.2233,0.2233,2.4040,2.4040,,0.00,,,0.00,,0.00,
MI Aramark Marriott BYO Chicken Tikka Bowl,1.00,Each,1.00,Each,1.00,,Inactive,=,,Inactive,=,1.00,Each,No,,,MI To Go Bowl Disposables - Offsite Pop-Up,1.00,Each,100.0,,0.3165,0.3165,2.4040,2.4040,,0.00,,,0.00,,0.00,
MI Aramark Marriott BYO Chicken Tikka Bowl,1.00,Each,1.00,Each,1.00,,Inactive,=,,Inactive,=,1.00,Each,No,,,BATCH House Vinaigrette,0.25,OZ-fl,100.0,,0.0240,0.0240,2.4040,2.4040,,0.00,,,0.00,,0.00,
MI Aramark Marriott BYO Chicken Tikka Bowl,1.00,Each,1.00,Each,1.00,,Inactive,=,,Inactive,=,1.00,Each,No,,,BATCH Indian Street Corn,0.30,OZ-wt,100.0,,0.0070,0.0070,2.4040,2.4040,,0.00,,,0.00,,0.00,
MI Aramark Marriott BYO Chicken Tikka Bowl,1.00,Each,1.00,Each,1.00,,Inactive,=,,Inactive,=,1.00,Each,No,,,BATCH Carrot Slaw,0.20,OZ-wt,100.0,,0.0182,0.0182,2.4040,2.4040,,0.00,,,0.00,,0.00,
MI Aramark Marriott BYO Chicken Tikka Bowl,1.00,Each,1.00,Each,1.00,,Inactive,=,,Inactive,=,1.00,Each,No,,,BATCH Chickpeas Cooked,2.17,OZ-wt,100.0,,0.0527,0.0527,2.4040,2.4040,,0.00,,,0.00,,0.00,
MI Aramark Marriott BYO Chicken Tikka Bowl,1.00,Each,1.00,Each,1.00,,Inactive,=,,Inactive,=,1.00,Each,No,,,YIELD Romaine Chopped,0.75,OZ-wt,100.0,,0.1172,0.1172,2.4040,2.4040,,0.00,,,0.00,,0.00,
MI Aramark Marriott BYO Chicken Tikka Bowl,1.00,Each,1.00,Each,1.00,,Inactive,=,,Inactive,=,1.00,Each,No,,,EVERMADE Tomato Garlic Sauce,3.00,OZ-fl,100.0,,0.5643,0.5643,2.4040,2.4040,,0.00,,,0.00,,0.00,
MI Aramark Marriott BYO Chicken Tikka Bowl,1.00,Each,1.00,Each,1.00,,Inactive,=,,Inactive,=,1.00,Each,No,,,BATCH Sautéed Spinach,0.72,OZ-wt,100.0,,0.0763,0.0763,2.4040,2.4040,,0.00,,,0.00,,0.00,
MI Aramark Marriott BYO Chicken Tikka Bowl,1.00,Each,1.00,Each,1.00,,Inactive,=,,Inactive,=,1.00,Each,No,,,BATCH Pickled Onions,0.30,OZ-wt,100.0,,0.0255,0.0255,2.4040,2.4040,,0.00,,,0.00,,0.00,
MI Aramark Marriott BYO Chicken Tikka Bowl,1.00,Each,1.00,Each,1.00,,Inactive,=,,Inactive,=,1.00,Each,No,,,BATCH Kachumber Salad,0.40,OZ-wt,100.0,,0.0327,0.0327,2.4040,2.4040,,0.00,,,0.00,,0.00,
MI Aramark Marriott BYO Chicken Tikka Bowl,1.00,Each,1.00,Each,1.00,,Inactive,=,,Inactive,=,1.00,Each,No,,,BATCH Mint Cilantro Chutney,0.50,OZ-fl,100.0,,0.0927,0.0927,2.4040,2.4040,,0.00,,,0.00,,0.00,
MI Aramark Marriott BYO Chicken Tikka Bowl,1.00,Each,1.00,Each,1.00,,Inactive,=,,Inactive,=,1.00,Each,No,,,BATCH Toasted Cumin Yogurt,0.50,OZ-fl,100.0,,0.0445,0.0445,2.4040,2.4040,,0.00,,,0.00,,0.00,
MI Aramark Marriott BYO Harvest Veg Bowl,1.00,Each,1.00,Each,1.00,,Inactive,=,,Inactive,=,1.00,Each,No,,,EVERMADE Tamarind Ginger Chutney,0.25,OZ-fl,100.0,,0.0547,0.0547,2.7427,2.7427,,0.00,,,0.00,,0.00,
MI Aramark Marriott BYO Harvest Veg Bowl,1.00,Each,1.00,Each,1.00,,Inactive,=,,Inactive,=,1.00,Each,No,,,EVERMADE Tamarind Chili Sauce,1.00,OZ-fl,100.0,,0.1749,0.1749,2.7427,2.7427,,0.00,,,0.00,,0.00,
MI Aramark Marriott BYO Harvest Veg Bowl,1.00,Each,1.00,Each,1.00,,Inactive,=,,Inactive,=,1.00,Each,No,,,BATCH Harvest Vegetables Cooked,3.30,OZ-wt,100.0,,0.9182,0.9182,2.7427,2.7427,,0.00,,,0.00,,0.00,
MI Aramark Marriott BYO Harvest Veg Bowl,1.00,Each,1.00,Each,1.00,,Inactive,=,,Inactive,=,1.00,Each,No,,,BATCH Lemon Turmeric Rice,7.30,OZ-wt,100.0,,0.2233,0.2233,2.7427,2.7427,,0.00,,,0.00,,0.00,
MI Aramark Marriott BYO Harvest Veg Bowl,1.00,Each,1.00,Each,1.00,,Inactive,=,,Inactive,=,1.00,Each,No,,,MI To Go Bowl Disposables - Offsite Pop-Up,1.00,Each,100.0,,0.3165,0.3165,2.7427,2.7427,,0.00,,,0.00,,0.00,
MI Aramark Marriott BYO Harvest Veg Bowl,1.00,Each,1.00,Each,1.00,,Inactive,=,,Inactive,=,1.00,Each,No,,,BATCH House Vinaigrette,0.25,OZ-fl,100.0,,0.0240,0.0240,2.7427,2.7427,,0.00,,,0.00,,0.00,
MI Aramark Marriott BYO Harvest Veg Bowl,1.00,Each,1.00,Each,1.00,,Inactive,=,,Inactive,=,1.00,Each,No,,,BATCH Indian Street Corn,0.30,OZ-wt,100.0,,0.0070,0.0070,2.7427,2.7427,,0.00,,,0.00,,0.00,
MI Aramark Marriott BYO Harvest Veg Bowl,1.00,Each,1.00,Each,1.00,,Inactive,=,,Inactive,=,1.00,Each,No,,,BATCH Carrot Slaw,0.20,OZ-wt,100.0,,0.0182,0.0182,2.7427,2.7427,,0.00,,,0.00,,0.00,
MI Aramark Marriott BYO Harvest Veg Bowl,1.00,Each,1.00,Each,1.00,,Inactive,=,,Inactive,=,1.00,Each,No,,,BATCH Chickpeas Cooked,2.17,OZ-wt,100.0,,0.0527,0.0527,2.7427,2.7427,,0.00,,,0.00,,0.00,
MI Aramark Marriott BYO Harvest Veg Bowl,1.00,Each,1.00,Each,1.00,,Inactive,=,,Inactive,=,1.00,Each,No,,,YIELD Romaine Chopped,0.75,OZ-wt,100.0,,0.1172,0.1172,2.7427,2.7427,,0.00,,,0.00,,0.00,
MI Aramark Marriott BYO Harvest Veg Bowl,1.00,Each,1.00,Each,1.00,,Inactive,=,,Inactive,=,1.00,Each,No,,,EVERMADE Tomato Garlic Sauce,3.00,OZ-fl,100.0,,0.5643,0.5643,2.7427,2.7427,,0.00,,,0.00,,0.00,
MI Aramark Marriott BYO Harvest Veg Bowl,1.00,Each,1.00,Each,1.00,,Inactive,=,,Inactive,=,1.00,Each,No,,,BATCH Sautéed Spinach,0.72,OZ-wt,100.0,,0.0763,0.0763,2.7427,2.7427,,0.00,,,0.00,,0.00,
MI Aramark Marriott BYO Harvest Veg Bowl,1.00,Each,1.00,Each,1.00,,Inactive,=,,Inactive,=,1.00,Each,No,,,BATCH Pickled Onions,0.30,OZ-wt,100.0,,0.0255,0.0255,2.7427,2.7427,,0.00,,,0.00,,0.00,
MI Aramark Marriott BYO Harvest Veg Bowl,1.00,Each,1.00,Each,1.00,,Inactive,=,,Inactive,=,1.00,Each,No,,,BATCH Kachumber Salad,0.40,OZ-wt,100.0,,0.0327,0.0327,2.7427,2.7427,,0.00,,,0.00,,0.00,
MI Aramark Marriott BYO Harvest Veg Bowl,1.00,Each,1.00,Each,1.00,,Inactive,=,,Inactive,=,1.00,Each,No,,,BATCH Mint Cilantro Chutney,0.50,OZ-fl,100.0,,0.0927,0.0927,2.7427,2.7427,,0.00,,,0.00,,0.00,
MI Aramark Marriott BYO Harvest Veg Bowl,1.00,Each,1.00,Each,1.00,,Inactive,=,,Inactive,=,1.00,Each,No,,,BATCH Toasted Cumin Yogurt,0.50,OZ-fl,100.0,,0.0445,0.0445,2.7427,2.7427,,0.00,,,0.00,,0.00,
MI Aramark Marriott BYO Paneer Bowl,1.00,Each,1.00,Each,1.00,,Inactive,=,,Inactive,=,1.00,Each,No,,,EVERMADE Tamarind Ginger Chutney,0.25,OZ-fl,100.0,,0.0547,0.0547,3.0971,3.0971,,0.00,,,0.00,,0.00,
MI Aramark Marriott BYO Paneer Bowl,1.00,Each,1.00,Each,1.00,,Inactive,=,,Inactive,=,1.00,Each,No,,,EVERMADE Tamarind Chili Sauce,1.00,OZ-fl,100.0,,0.1749,0.1749,3.0971,3.0971,,0.00,,,0.00,,0.00,
MI Aramark Marriott BYO Paneer Bowl,1.00,Each,1.00,Each,1.00,,Inactive,=,,Inactive,=,1.00,Each,No,,,BATCH Tandoori Paneer Cooked,5.00,Each,100.0,,1.2726,1.2726,3.0971,3.0971,,0.00,,,0.00,,0.00,
MI Aramark Marriott BYO Paneer Bowl,1.00,Each,1.00,Each,1.00,,Inactive,=,,Inactive,=,1.00,Each,No,,,BATCH Lemon Turmeric Rice,7.30,OZ-wt,100.0,,0.2233,0.2233,3.0971,3.0971,,0.00,,,0.00,,0.00,
MI Aramark Marriott BYO Paneer Bowl,1.00,Each,1.00,Each,1.00,,Inactive,=,,Inactive,=,1.00,Each,No,,,MI To Go Bowl Disposables - Offsite Pop-Up,1.00,Each,100.0,,0.3165,0.3165,3.0971,3.0971,,0.00,,,0.00,,0.00,
MI Aramark Marriott BYO Paneer Bowl,1.00,Each,1.00,Each,1.00,,Inactive,=,,Inactive,=,1.00,Each,No,,,BATCH House Vinaigrette,0.25,OZ-fl,100.0,,0.0240,0.0240,3.0971,3.0971,,0.00,,,0.00,,0.00,
MI Aramark Marriott BYO Paneer Bowl,1.00,Each,1.00,Each,1.00,,Inactive,=,,Inactive,=,1.00,Each,No,,,BATCH Indian Street Corn,0.30,OZ-wt,100.0,,0.0070,0.0070,3.0971,3.0971,,0.00,,,0.00,,0.00,
MI Aramark Marriott BYO Paneer Bowl,1.00,Each,1.00,Each,1.00,,Inactive,=,,Inactive,=,1.00,Each,No,,,BATCH Carrot Slaw,0.20,OZ-wt,100.0,,0.0182,0.0182,3.0971,3.0971,,0.00,,,0.00,,0.00,
MI Aramark Marriott BYO Paneer Bowl,1.00,Each,1.00,Each,1.00,,Inactive,=,,Inactive,=,1.00,Each,No,,,BATCH Chickpeas Cooked,2.17,OZ-wt,100.0,,0.0527,0.0527,3.0971,3.0971,,0.00,,,0.00,,0.00,
MI Aramark Marriott BYO Paneer Bowl,1.00,Each,1.00,Each,1.00,,Inactive,=,,Inactive,=,1.00,Each,No,,,YIELD Romaine Chopped,0.75,OZ-wt,100.0,,0.1172,0.1172,3.0971,3.0971,,0.00,,,0.00,,0.00,
MI Aramark Marriott BYO Paneer Bowl,1.00,Each,1.00,Each,1.00,,Inactive,=,,Inactive,=,1.00,Each,No,,,EVERMADE Tomato Garlic Sauce,3.00,OZ-fl,100.0,,0.5643,0.5643,3.0971,3.0971,,0.00,,,0.00,,0.00,
MI Aramark Marriott BYO Paneer Bowl,1.00,Each,1.00,Each,1.00,,Inactive,=,,Inactive,=,1.00,Each,No,,,BATCH Sautéed Spinach,0.72,OZ-wt,100.0,,0.0763,0.0763,3.0971,3.0971,,0.00,,,0.00,,0.00,
MI Aramark Marriott BYO Paneer Bowl,1.00,Each,1.00,Each,1.00,,Inactive,=,,Inactive,=,1.00,Each,No,,,BATCH Pickled Onions,0.30,OZ-wt,100.0,,0.0255,0.0255,3.0971,3.0971,,0.00,,,0.00,,0.00,
MI Aramark Marriott BYO Paneer Bowl,1.00,Each,1.00,Each,1.00,,Inactive,=,,Inactive,=,1.00,Each,No,,,BATCH Kachumber Salad,0.40,OZ-wt,100.0,,0.0327,0.0327,3.0971,3.0971,,0.00,,,0.00,,0.00,
MI Aramark Marriott BYO Paneer Bowl,1.00,Each,1.00,Each,1.00,,Inactive,=,,Inactive,=,1.00,Each,No,,,BATCH Mint Cilantro Chutney,0.50,OZ-fl,100.0,,0.0927,0.0927,3.0971,3.0971,,0.00,,,0.00,,0.00,
MI Aramark Marriott BYO Paneer Bowl,1.00,Each,1.00,Each,1.00,,Inactive,=,,Inactive,=,1.00,Each,No,,,BATCH Toasted Cumin Yogurt,0.50,OZ-fl,100.0,,0.0445,0.0445,3.0971,3.0971,,0.00,,,0.00,,0.00,
MI Aramark Marriott BYO Spicy Chicken Bowl,1.00,Each,1.00,Each,1.00,,Inactive,=,,Inactive,=,1.00,Each,No,,,EVERMADE Tamarind Ginger Chutney,0.25,OZ-fl,100.0,,0.0547,0.0547,2.5520,2.5520,,0.00,,,0.00,,0.00,
MI Aramark Marriott BYO Spicy Chicken Bowl,1.00,Each,1.00,Each,1.00,,Inactive,=,,Inactive,=,1.00,Each,No,,,EVERMADE Tamarind Chili Sauce,1.00,OZ-fl,100.0,,0.1749,0.1749,2.5520,2.5520,,0.00,,,0.00,,0.00,
MI Aramark Marriott BYO Spicy Chicken Bowl,1.00,Each,1.00,Each,1.00,,Inactive,=,,Inactive,=,1.00,Each,No,,,BATCH Lemon Turmeric Rice,7.30,OZ-wt,100.0,,0.2233,0.2233,2.5520,2.5520,,0.00,,,0.00,,0.00,
MI Aramark Marriott BYO Spicy Chicken Bowl,1.00,Each,1.00,Each,1.00,,Inactive,=,,Inactive,=,1.00,Each,No,,,MI To Go Bowl Disposables - Offsite Pop-Up,1.00,Each,100.0,,0.3165,0.3165,2.5520,2.5520,,0.00,,,0.00,,0.00,
MI Aramark Marriott BYO Spicy Chicken Bowl,1.00,Each,1.00,Each,1.00,,Inactive,=,,Inactive,=,1.00,Each,No,,,BATCH House Vinaigrette,0.25,OZ-fl,100.0,,0.0240,0.0240,2.5520,2.5520,,0.00,,,0.00,,0.00,
MI Aramark Marriott BYO Spicy Chicken Bowl,1.00,Each,1.00,Each,1.00,,Inactive,=,,Inactive,=,1.00,Each,No,,,BATCH Indian Street Corn,0.30,OZ-wt,100.0,,0.0070,0.0070,2.5520,2.5520,,0.00,,,0.00,,0.00,
MI Aramark Marriott BYO Spicy Chicken Bowl,1.00,Each,1.00,Each,1.00,,Inactive,=,,Inactive,=,1.00,Each,No,,,BATCH Carrot Slaw,0.20,OZ-wt,100.0,,0.0182,0.0182,2.5520,2.5520,,0.00,,,0.00,,0.00,
MI Aramark Marriott BYO Spicy Chicken Bowl,1.00,Each,1.00,Each,1.00,,Inactive,=,,Inactive,=,1.00,Each,No,,,BATCH Chickpeas Cooked,2.17,OZ-wt,100.0,,0.0527,0.0527,2.5520,2.5520,,0.00,,,0.00,,0.00,
MI Aramark Marriott BYO Spicy Chicken Bowl,1.00,Each,1.00,Each,1.00,,Inactive,=,,Inactive,=,1.00,Each,No,,,BATCH Spicy Chili Chicken Cooked,4.50,OZ-wt,100.0,,0.7275,0.7275,2.5520,2.5520,,0.00,,,0.00,,0.00,
MI Aramark Marriott BYO Spicy Chicken Bowl,1.00,Each,1.00,Each,1.00,,Inactive,=,,Inactive,=,1.00,Each,No,,,YIELD Romaine Chopped,0.75,OZ-wt,100.0,,0.1172,0.1172,2.5520,2.5520,,0.00,,,0.00,,0.00,
MI Aramark Marriott BYO Spicy Chicken Bowl,1.00,Each,1.00,Each,1.00,,Inactive,=,,Inactive,=,1.00,Each,No,,,EVERMADE Tomato Garlic Sauce,3.00,OZ-fl,100.0,,0.5643,0.5643,2.5520,2.5520,,0.00,,,0.00,,0.00,
MI Aramark Marriott BYO Spicy Chicken Bowl,1.00,Each,1.00,Each,1.00,,Inactive,=,,Inactive,=,1.00,Each,No,,,BATCH Sautéed Spinach,0.72,OZ-wt,100.0,,0.0763,0.0763,2.5520,2.5520,,0.00,,,0.00,,0.00,
MI Aramark Marriott BYO Spicy Chicken Bowl,1.00,Each,1.00,Each,1.00,,Inactive,=,,Inactive,=,1.00,Each,No,,,BATCH Pickled Onions,0.30,OZ-wt,100.0,,0.0255,0.0255,2.5520,2.5520,,0.00,,,0.00,,0.00,
MI Aramark Marriott BYO Spicy Chicken Bowl,1.00,Each,1.00,Each,1.00,,Inactive,=,,Inactive,=,1.00,Each,No,,,BATCH Kachumber Salad,0.40,OZ-wt,100.0,,0.0327,0.0327,2.5520,2.5520,,0.00,,,0.00,,0.00,
MI Aramark Marriott BYO Spicy Chicken Bowl,1.00,Each,1.00,Each,1.00,,Inactive,=,,Inactive,=,1.00,Each,No,,,BATCH Mint Cilantro Chutney,0.50,OZ-fl,100.0,,0.0927,0.0927,2.5520,2.5520,,0.00,,,0.00,,0.00,
MI Aramark Marriott BYO Spicy Chicken Bowl,1.00,Each,1.00,Each,1.00,,Inactive,=,,Inactive,=,1.00,Each,No,,,BATCH Toasted Cumin Yogurt,0.50,OZ-fl,100.0,,0.0445,0.0445,2.5520,2.5520,,0.00,,,0.00,,0.00,
MI Aramark Marriott Chicken Curry Bowl,1.00,Each,1.00,Each,1.00,,Inactive,=,,Inactive,=,1.00,Each,No,,,BATCH Tamarind Ginger Chutney,1.00,OZ-fl,100.0,,0.0961,0.0961,2.1102,2.1102,,0.00,,,0.00,,0.00,
MI Aramark Marriott Chicken Curry Bowl,1.00,Each,1.00,Each,1.00,,Inactive,=,,Inactive,=,1.00,Each,No,,,BATCH Pickled Onions,1.00,OZ-wt,100.0,,0.0849,0.0849,2.1102,2.1102,,0.00,,,0.00,,0.00,
MI Aramark Marriott Chicken Curry Bowl,1.00,Each,1.00,Each,1.00,,Inactive,=,,Inactive,=,1.00,Each,No,,,BATCH Spiced Chickpeas,2.00,OZ-wt,100.0,,0.0889,0.0889,2.1102,2.1102,,0.00,,,0.00,,0.00,
MI Aramark Marriott Chicken Curry Bowl,1.00,Each,1.00,Each,1.00,,Inactive,=,,Inactive,=,1.00,Each,No,,,EVERMADE Tamarind Chili Sauce,4.00,OZ-fl,100.0,,0.6996,0.6996,2.1102,2.1102,,0.00,,,0.00,,0.00,
MI Aramark Marriott Chicken Curry Bowl,1.00,Each,1.00,Each,1.00,,Inactive,=,,Inactive,=,1.00,Each,No,,,BATCH Chicken Tikka Cooked New,4.00,OZ-wt,100.0,,0.5795,0.5795,2.1102,2.1102,,0.00,,,0.00,,0.00,
MI Aramark Marriott Chicken Curry Bowl,1.00,Each,1.00,Each,1.00,,Inactive,=,,Inactive,=,1.00,Each,No,,,BATCH Lemon Turmeric Rice,8.00,OZ-wt,100.0,,0.2447,0.2447,2.1102,2.1102,,0.00,,,0.00,,0.00,
MI Aramark Marriott Chicken Curry Bowl,1.00,Each,1.00,Each,1.00,,Inactive,=,,Inactive,=,1.00,Each,No,,,MI To Go Bowl Disposables - Offsite Pop-Up,1.00,Each,100.0,,0.3165,0.3165,2.1102,2.1102,,0.00,,,0.00,,0.00,
MI Aramark Marriott Chicken Tikka Masala Bowl,1.00,Each,1.00,Each,1.00,,Inactive,=,,Inactive,=,1.00,Each,No,,,BATCH Toasted Cumin Yogurt,1.00,OZ-fl,100.0,,0.0890,0.0890,2.1157,2.1157,,0.00,,,0.00,,0.00,
MI Aramark Marriott Chicken Tikka Masala Bowl,1.00,Each,1.00,Each,1.00,,Inactive,=,,Inactive,=,1.00,Each,No,,,BATCH Mint Cilantro Chutney,1.00,OZ-fl,100.0,,0.1854,0.1854,2.1157,2.1157,,0.00,,,0.00,,0.00,
MI Aramark Marriott Chicken Tikka Masala Bowl,1.00,Each,1.00,Each,1.00,,Inactive,=,,Inactive,=,1.00,Each,No,,,BATCH Indian Street Corn,1.00,OZ-wt,100.0,,0.0235,0.0235,2.1157,2.1157,,0.00,,,0.00,,0.00,
MI Aramark Marriott Chicken Tikka Masala Bowl,1.00,Each,1.00,Each,1.00,,Inactive,=,,Inactive,=,1.00,Each,No,,,BATCH Kachumber Salad,1.00,OZ-wt,100.0,,0.0817,0.0817,2.1157,2.1157,,0.00,,,0.00,,0.00,
MI Aramark Marriott Chicken Tikka Masala Bowl,1.00,Each,1.00,Each,1.00,,Inactive,=,,Inactive,=,1.00,Each,No,,,BATCH Sautéed Spinach,2.00,OZ-wt,100.0,,0.2121,0.2121,2.1157,2.1157,,0.00,,,0.00,,0.00,
MI Aramark Marriott Chicken Tikka Masala Bowl,1.00,Each,1.00,Each,1.00,,Inactive,=,,Inactive,=,1.00,Each,No,,,BATCH Tomato Garlic Sauce - Test 03.20.25,4.00,OZ-fl,100.0,,0.3833,0.3833,2.1157,2.1157,,0.00,,,0.00,,0.00,
MI Aramark Marriott Chicken Tikka Masala Bowl,1.00,Each,1.00,Each,1.00,,Inactive,=,,Inactive,=,1.00,Each,No,,,BATCH Chicken Tikka Cooked New,4.00,OZ-wt,100.0,,0.5795,0.5795,2.1157,2.1157,,0.00,,,0.00,,0.00,
MI Aramark Marriott Chicken Tikka Masala Bowl,1.00,Each,1.00,Each,1.00,,Inactive,=,,Inactive,=,1.00,Each,No,,,BATCH Lemon Turmeric Rice,8.00,OZ-wt,100.0,,0.2447,0.2447,2.1157,2.1157,,0.00,,,0.00,,0.00,
MI Aramark Marriott Chicken Tikka Masala Bowl,1.00,Each,1.00,Each,1.00,,Inactive,=,,Inactive,=,1.00,Each,No,,,MI To Go Bowl Disposables - Offsite Pop-Up,1.00,Each,100.0,,0.3165,0.3165,2.1157,2.1157,,0.00,,,0.00,,0.00,
MI Aramark Marriott Spicy Chicken Avocado Bowl,1.00,Each,1.00,Each,1.00,,Inactive,=,,Inactive,=,1.00,Each,No,,,BATCH Toasted Cumin Yogurt,1.00,OZ-fl,100.0,,0.0890,0.0890,2.3539,2.3539,,0.00,,,0.00,,0.00,
MI Aramark Marriott Spicy Chicken Avocado Bowl,1.00,Each,1.00,Each,1.00,,Inactive,=,,Inactive,=,1.00,Each,No,,,Avocado,0.50,Each,100.0,,0.3568,0.3568,2.3539,2.3539,,0.00,,,0.00,,0.00,
MI Aramark Marriott Spicy Chicken Avocado Bowl,1.00,Each,1.00,Each,1.00,,Inactive,=,,Inactive,=,1.00,Each,No,,,BATCH Indian Street Corn,1.00,OZ-wt,100.0,,0.0235,0.0235,2.3539,2.3539,,0.00,,,0.00,,0.00,
MI Aramark Marriott Spicy Chicken Avocado Bowl,1.00,Each,1.00,Each,1.00,,Inactive,=,,Inactive,=,1.00,Each,No,,,BATCH Pickled Onions,1.00,OZ-wt,100.0,,0.0849,0.0849,2.3539,2.3539,,0.00,,,0.00,,0.00,
MI Aramark Marriott Spicy Chicken Avocado Bowl,1.00,Each,1.00,Each,1.00,,Inactive,=,,Inactive,=,1.00,Each,No,,,BATCH Spiced Chickpeas,2.00,OZ-wt,100.0,,0.0889,0.0889,2.3539,2.3539,,0.00,,,0.00,,0.00,
MI Aramark Marriott Spicy Chicken Avocado Bowl,1.00,Each,1.00,Each,1.00,,Inactive,=,,Inactive,=,1.00,Each,No,,,BATCH Spicy Chili Chicken Cooked,4.00,OZ-wt,100.0,,0.6467,0.6467,2.3539,2.3539,,0.00,,,0.00,,0.00,
MI Aramark Marriott Spicy Chicken Avocado Bowl,1.00,Each,1.00,Each,1.00,,Inactive,=,,Inactive,=,1.00,Each,No,,,BATCH Lemon Turmeric Rice,4.00,OZ-wt,100.0,,0.1224,0.1224,2.3539,2.3539,,0.00,,,0.00,,0.00,
MI Aramark Marriott Spicy Chicken Avocado Bowl,1.00,Each,1.00,Each,1.00,,Inactive,=,,Inactive,=,1.00,Each,No,,,YIELD Romaine Chopped,4.00,OZ-wt,100.0,,0.6252,0.6252,2.3539,2.3539,,0.00,,,0.00,,0.00,
MI Aramark Marriott Spicy Chicken Avocado Bowl,1.00,Each,1.00,Each,1.00,,Inactive,=,,Inactive,=,1.00,Each,No,,,MI To Go Bowl Disposables - Offsite Pop-Up,1.00,Each,100.0,,0.3165,0.3165,2.3539,2.3539,,0.00,,,0.00,,0.00,
MI Aramark Marriott Tandoori Paneer Bowl,1.00,Each,1.00,Each,1.00,,Inactive,=,,Inactive,=,1.00,Each,No,,,EVERMADE Tamarind Ginger Chutney,1.00,OZ-fl,100.0,,0.2188,0.2188,2.8569,2.8569,,0.00,,,0.00,,0.00,
MI Aramark Marriott Tandoori Paneer Bowl,1.00,Each,1.00,Each,1.00,,Inactive,=,,Inactive,=,1.00,Each,No,,,BATCH Tandoori Paneer Cooked,5.00,Each,100.0,,1.2726,1.2726,2.8569,2.8569,,0.00,,,0.00,,0.00,
MI Aramark Marriott Tandoori Paneer Bowl,1.00,Each,1.00,Each,1.00,,Inactive,=,,Inactive,=,1.00,Each,No,,,BATCH Mint Cilantro Chutney,1.00,OZ-fl,100.0,,0.1854,0.1854,2.8569,2.8569,,0.00,,,0.00,,0.00,
MI Aramark Marriott Tandoori Paneer Bowl,1.00,Each,1.00,Each,1.00,,Inactive,=,,Inactive,=,1.00,Each,No,,,BATCH Indian Street Corn,1.00,OZ-wt,100.0,,0.0235,0.0235,2.8569,2.8569,,0.00,,,0.00,,0.00,
MI Aramark Marriott Tandoori Paneer Bowl,1.00,Each,1.00,Each,1.00,,Inactive,=,,Inactive,=,1.00,Each,No,,,BATCH Sautéed Spinach,2.00,OZ-wt,100.0,,0.2121,0.2121,2.8569,2.8569,,0.00,,,0.00,,0.00,
MI Aramark Marriott Tandoori Paneer Bowl,1.00,Each,1.00,Each,1.00,,Inactive,=,,Inactive,=,1.00,Each,No,,,BATCH Tomato Garlic Sauce - Test 03.20.25,4.00,OZ-fl,100.0,,0.3833,0.3833,2.8569,2.8569,,0.00,,,0.00,,0.00,
MI Aramark Marriott Tandoori Paneer Bowl,1.00,Each,1.00,Each,1.00,,Inactive,=,,Inactive,=,1.00,Each,No,,,BATCH Lemon Turmeric Rice,8.00,OZ-wt,100.0,,0.2447,0.2447,2.8569,2.8569,,0.00,,,0.00,,0.00,
MI Aramark Marriott Tandoori Paneer Bowl,1.00,Each,1.00,Each,1.00,,Inactive,=,,Inactive,=,1.00,Each,No,,,MI To Go Bowl Disposables - Offsite Pop-Up,1.00,Each,100.0,,0.3165,0.3165,2.8569,2.8569,,0.00,,,0.00,,0.00,
MI Arlington Public Library Sample,37.00,lb,2.40,OZ-wt,246.67,1.00,lb,=,,Inactive,=,,Inactive,No,,,Napkins,2.00,Each,100.0,,0.0167,0.0001,135.8544,0.5507,,,,,,,,
MI Arlington Public Library Sample,37.00,lb,2.40,OZ-wt,246.67,1.00,lb,=,,Inactive,=,,Inactive,No,,,"Spoon, Plastic",1.00,Each,100.0,,0.0350,0.0001,135.8544,0.5507,,,,,,,,
MI Arlington Public Library Sample,37.00,lb,2.40,OZ-wt,246.67,1.00,lb,=,,Inactive,=,,Inactive,No,,,"Juice, Lime",0.80,Cup,100.0,,0.9471,0.0038,135.8544,0.5507,,,,,,,,
MI Arlington Public Library Sample,37.00,lb,2.40,OZ-wt,246.67,1.00,lb,=,,Inactive,=,,Inactive,No,,,"Spice, Asafoetida",2.00,Tablespoon,100.0,,0.5720,0.0023,135.8544,0.5507,,,,,,,,
MI Arlington Public Library Sample,37.00,lb,2.40,OZ-wt,246.67,1.00,lb,=,,Inactive,=,,Inactive,No,,,"Spice, Red Chili Powder",2.00,Tablespoon,100.0,,0.1391,0.0006,135.8544,0.5507,,,,,,,,
MI Arlington Public Library Sample,37.00,lb,2.40,OZ-wt,246.67,1.00,lb,=,,Inactive,=,,Inactive,No,,,"Spice, Cumin Seeds",0.50,Cup,100.0,,0.5762,0.0023,135.8544,0.5507,,,,,,,,
MI Arlington Public Library Sample,37.00,lb,2.40,OZ-wt,246.67,1.00,lb,=,,Inactive,=,,Inactive,No,,,"Peppers, Jalapeno",0.50,lb,100.0,,1.0327,0.0042,135.8544,0.5507,,,,,,,,
MI Arlington Public Library Sample,37.00,lb,2.40,OZ-wt,246.67,1.00,lb,=,,Inactive,=,,Inactive,No,,,Ginger,2.00,lb,100.0,,3.5033,0.0142,135.8544,0.5507,,,,,,,,
MI Arlington Public Library Sample,37.00,lb,2.40,OZ-wt,246.67,1.00,lb,=,,Inactive,=,,Inactive,No,,,"Garlic, Loose",150.00,Gram,100.0,,1.5641,0.0063,135.8544,0.5507,,,,,,,,
MI Arlington Public Library Sample,37.00,lb,2.40,OZ-wt,246.67,1.00,lb,=,,Inactive,=,,Inactive,No,,,"Onion, Yellow Whole",6.50,lb,100.0,,4.1600,0.0169,135.8544,0.5507,,,,,,,,
MI Arlington Public Library Sample,37.00,lb,2.40,OZ-wt,246.67,1.00,lb,=,,Inactive,=,,Inactive,No,,,NEST Cardamom Ground,2.00,Tablespoon,100.0,,0.9667,0.0039,135.8544,0.5507,,,,,,,,
MI Arlington Public Library Sample,37.00,lb,2.40,OZ-wt,246.67,1.00,lb,=,,Inactive,=,,Inactive,No,,,"Spice, Coriander Seed",3.00,Cup,100.0,,1.0660,0.0043,135.8544,0.5507,,,,,,,,
MI Arlington Public Library Sample,37.00,lb,2.40,OZ-wt,246.67,1.00,lb,=,,Inactive,=,,Inactive,No,,,"Oil, Olive",9.00,Cup,100.0,,37.2130,0.1509,135.8544,0.5507,,,,,,,,
MI Arlington Public Library Sample,37.00,lb,2.40,OZ-wt,246.67,1.00,lb,=,,Inactive,=,,Inactive,No,,,"Spinach, Baby",25.00,lb,100.0,,84.0625,0.3408,135.8544,0.5507,,,,,,,,
MI Arugula,1.00,Each,1.00,Each,1.00,,Inactive,=,,Inactive,=,1.00,Each,No,,,Arugula,3.00,OZ-wt,100.0,,0.7969,0.7969,0.7969,0.7969,,0.00,,,0.00,,0.00,
MI Arugula - Classic,1.00,Each,1.00,Each,1.00,,Inactive,=,,Inactive,=,1.00,Each,No,,,Arugula,0.86,OZ-wt,100.0,,0.2284,0.2284,0.2284,0.2284,,0.00,,,0.00,,0.00,
MI Arugula - Desi Deluxe,1.00,Each,1.00,Each,1.00,,Inactive,=,,Inactive,=,1.00,Each,No,,,Arugula,0.80,OZ-wt,100.0,,0.2125,0.2125,0.2125,0.2125,,0.00,,,0.00,,0.00,
MI Arugula - Party Pack,1.00,Each,1.00,Each,1.00,,Inactive,=,,Inactive,=,1.00,Each,No,,,Arugula,1.00,OZ-wt,100.0,,0.2656,0.2656,0.2656,0.2656,,0.00,,,0.00,,0.00,
MI Aslin Trite IPA 1 can,1.00,Each,1.00,Each,1.00,,Inactive,=,,Inactive,=,1.00,Each,No,,,"Beer, Aslin Trite",1.00,Can,100.0,,0.0000,0.0000,0.0000,0.0000,,0.00,,,0.00,,0.00,
MI Avocado,1.00,Each,1.00,Each,1.00,,Inactive,=,,Inactive,=,1.00,Each,No,,,Avocado,0.50,Each,100.0,,0.3568,0.3568,0.3568,0.3568,,0.00,,,0.00,,0.00,
MI BABE Rose 1 can,1.00,Each,1.00,Each,1.00,,Inactive,=,,Inactive,=,1.00,Each,No,,,"Wine, BABE Rose",1.00,Can-8.4oz-fl,100.0,,2.3188,2.3188,2.3188,2.3188,,0.00,,,0.00,,0.00,
MI BABE Rose 6 pack,1.00,Each,1.00,Each,1.00,,Inactive,=,,Inactive,=,1.00,Each,No,,,"Wine, BABE Rose",6.00,Can-8.4oz-fl,100.0,,13.9125,13.9125,13.9125,13.9125,,0.00,,,0.00,,0.00,
MI BABE White Wine 1 can,1.00,Each,1.00,Each,1.00,,Inactive,=,,Inactive,=,1.00,Each,No,,,"Wine, BABE Pinot Grigio",1.00,Can-8.4oz-fl,100.0,,2.8542,2.8542,2.8542,2.8542,,0.00,,,0.00,,0.00,
MI Baby Spinach,1.00,Each,1.00,Each,1.00,,Inactive,=,,Inactive,=,1.00,Each,No,,,"Spinach, Baby",3.40,OZ-wt,100.0,,0.7145,0.7145,0.7145,0.7145,,0.00,,,0.00,,0.00,
MI Baby Spinach - Classic,1.00,Each,1.00,Each,1.00,,Inactive,=,,Inactive,=,1.00,Each,No,,,"Spinach, Baby",0.86,OZ-wt,100.0,,0.1807,0.1807,0.1807,0.1807,,0.00,,,0.00,,0.00,
MI Baby Spinach - Desi Deluxe,1.00,Each,1.00,Each,1.00,,Inactive,=,,Inactive,=,1.00,Each,No,,,"Spinach, Baby",0.80,OZ-wt,100.0,,0.1681,0.1681,0.1681,0.1681,,0.00,,,0.00,,0.00,
MI Baby Spinach - Party Pack,1.00,Each,1.00,Each,1.00,,Inactive,=,,Inactive,=,1.00,Each,No,,,"Spinach, Baby",1.00,OZ-wt,100.0,,0.2102,0.2102,0.2102,0.2102,,0.00,,,0.00,,0.00,
MI Basmati Rice,1.00,Each,1.00,Each,1.00,,Inactive,=,,Inactive,=,1.00,Each,No,,,BATCH Basmati Rice,8.00,OZ-wt,100.0,,0.2026,0.2026,0.2026,0.2026,,0.00,,,0.00,,0.00,
MI Basmati Rice - Catering - Additional Item,1.00,Each,1.00,Each,1.00,,Inactive,=,,Inactive,=,1.00,Each,No,,,"Pan, Third",1.00,Each,100.0,,0.6498,0.6498,2.0182,2.0182,,0.00,,,0.00,,0.00,
MI Basmati Rice - Catering - Additional Item,1.00,Each,1.00,Each,1.00,,Inactive,=,,Inactive,=,1.00,Each,No,,,"Lid, Pan Third",1.00,Each,100.0,,0.3998,0.3998,2.0182,2.0182,,0.00,,,0.00,,0.00,
MI Basmati Rice - Catering - Additional Item,1.00,Each,1.00,Each,1.00,,Inactive,=,,Inactive,=,1.00,Each,No,,,BATCH Basmati Rice,38.25,OZ-wt,100.0,,0.9686,0.9686,2.0182,2.0182,,0.00,,,0.00,,0.00,
MI Basmati Rice - Classic,1.00,Each,1.00,Each,1.00,,Inactive,=,,Inactive,=,1.00,Each,No,,,BATCH Basmati Rice,3.64,OZ-wt,100.0,,0.0922,0.0922,0.0922,0.0922,,0.00,,,0.00,,0.00,
MI Basmati Rice - Desi Deluxe,1.00,Each,1.00,Each,1.00,,Inactive,=,,Inactive,=,1.00,Each,No,,,BATCH Basmati Rice,3.40,OZ-wt,100.0,,0.0861,0.0861,0.0861,0.0861,,0.00,,,0.00,,0.00,
MI Basmati Rice - Party Pack,1.00,Each,1.00,Each,1.00,,Inactive,=,,Inactive,=,1.00,Each,No,,,BATCH Basmati Rice,4.25,OZ-wt,100.0,,0.1076,0.1076,0.1076,0.1076,,0.00,,,0.00,,0.00,
MI Basmati Rice - Side,1.00,Each,1.00,Each,1.00,,Inactive,=,,Inactive,=,1.00,Each,No,,,"Lid, Cup Soup",1.00,Each,100.0,,0.0550,0.0550,0.3226,0.3226,,0.00,,,0.00,,0.00,
MI Basmati Rice - Side,1.00,Each,1.00,Each,1.00,,Inactive,=,,Inactive,=,1.00,Each,No,,,"Cup, Soup",1.00,Each,100.0,,0.0650,0.0650,0.3226,0.3226,,0.00,,,0.00,,0.00,
MI Basmati Rice - Side,1.00,Each,1.00,Each,1.00,,Inactive,=,,Inactive,=,1.00,Each,No,,,BATCH Basmati Rice,8.00,OZ-wt,100.0,,0.2026,0.2026,0.3226,0.3226,,0.00,,,0.00,,0.00,
MI Beet Raita,1.00,Each,1.00,Each,1.00,,Inactive,=,,Inactive,=,1.00,Each,No,,,BATCH Raita Beet,1.00,Cont-5oz-fl,100.0,,0.3753,0.3753,0.3753,0.3753,,0.00,,,0.00,,0.00,
MI Bengali 1 can,1.00,Each,1.00,Each,1.00,,Inactive,=,,Inactive,=,1.00,Each,No,,,"Beer, Bengali",1.00,Can-12oz-fl,100.0,,1.2912,1.2912,1.2912,1.2912,,0.00,,,0.00,,0.00,
MI Bengali 6 pack,1.00,Each,1.00,Each,1.00,,Inactive,=,,Inactive,=,1.00,Each,No,,,"Beer, Bengali",6.00,Can-12oz-fl,100.0,,7.7475,7.7475,7.7475,7.7475,,0.00,,,0.00,,0.00,
MI Borsao Red Blend - bottle,1.00,Each,1.00,Each,1.00,,Inactive,=,,Inactive,=,1.00,Each,No,,,"Wine, Borsao",0.75,Liter,100.0,,6.6908,6.6908,6.6908,6.6908,,0.00,,,0.00,,0.00,
MI Borsao Red Blend - glass,1.00,Each,1.00,Each,1.00,,Inactive,=,,Inactive,=,1.00,Each,No,,,"Wine, Borsao",6.00,OZ-fl,100.0,,1.5830,1.5830,1.5830,1.5830,,0.00,,,0.00,,0.00,
MI Butter Chicken Burrito - In House,1.00,Each,1.00,Each,1.00,,Inactive,=,,Inactive,=,1.00,Each,No,,,"Lid, Cup Portion 5.5oz",1.00,Each,100.0,,0.0154,0.0154,3.7133,3.7133,,0.00,0 D 0 H 0 M,,0.00,,0.00,
MI Butter Chicken Burrito - In House,1.00,Each,1.00,Each,1.00,,Inactive,=,,Inactive,=,1.00,Each,No,,,"Cup, Portion 5.5oz",1.00,Each,100.0,,0.0340,0.0340,3.7133,3.7133,,0.00,0 D 0 H 0 M,,0.00,,0.00,
MI Butter Chicken Burrito - In House,1.00,Each,1.00,Each,1.00,,Inactive,=,,Inactive,=,1.00,Each,No,,,EVERMADE Tomato Garlic Sauce,2.00,OZ-fl,100.0,,0.3762,0.3762,3.7133,3.7133,,0.00,0 D 0 H 0 M,,0.00,,0.00,
MI Butter Chicken Burrito - In House,1.00,Each,1.00,Each,1.00,,Inactive,=,,Inactive,=,1.00,Each,No,,,EVERMADE Tomato Garlic Sauce,4.00,OZ-fl,100.0,,0.7524,0.7524,3.7133,3.7133,,0.00,0 D 0 H 0 M,,0.00,,0.00,
MI Butter Chicken Burrito - In House,1.00,Each,1.00,Each,1.00,,Inactive,=,,Inactive,=,1.00,Each,No,,,"Bread, Wrap 12""",1.00,Wrap-3.7oz-wt,100.0,,0.7074,0.7074,3.7133,3.7133,,0.00,0 D 0 H 0 M,,0.00,,0.00,
MI Butter Chicken Burrito - In House,1.00,Each,1.00,Each,1.00,,Inactive,=,,Inactive,=,1.00,Each,No,,,MI To Go Burrito Disposables - In House,1.00,Each,100.0,,0.2073,0.2073,3.7133,3.7133,,0.00,0 D 0 H 0 M,,0.00,,0.00,
MI Butter Chicken Burrito - In House,1.00,Each,1.00,Each,1.00,,Inactive,=,,Inactive,=,1.00,Each,No,,,BATCH Shredded Paneer,1.00,OZ-wt,100.0,,0.2073,0.2073,3.7133,3.7133,,0.00,0 D 0 H 0 M,,0.00,,0.00,
MI Butter Chicken Burrito - In House,1.00,Each,1.00,Each,1.00,,Inactive,=,,Inactive,=,1.00,Each,No,,,YIELD Romaine Chopped,1.00,OZ-wt,100.0,,0.1563,0.1563,3.7133,3.7133,,0.00,0 D 0 H 0 M,,0.00,,0.00,
MI Butter Chicken Burrito - In House,1.00,Each,1.00,Each,1.00,,Inactive,=,,Inactive,=,1.00,Each,No,,,BATCH Masala Yogurt,0.95,OZ-wt,100.0,,0.1542,0.1542,3.7133,3.7133,,0.00,0 D 0 H 0 M,,0.00,,0.00,
MI Butter Chicken Burrito - In House,1.00,Each,1.00,Each,1.00,,Inactive,=,,Inactive,=,1.00,Each,No,,,BATCH Spiced Chickpeas,2.25,OZ-wt,100.0,,0.1000,0.1000,3.7133,3.7133,,0.00,0 D 0 H 0 M,,0.00,,0.00,
MI Butter Chicken Burrito - In House,1.00,Each,1.00,Each,1.00,,Inactive,=,,Inactive,=,1.00,Each,No,,,BATCH Lemon Turmeric Rice,5.00,OZ-wt,100.0,,0.1530,0.1530,3.7133,3.7133,,0.00,0 D 0 H 0 M,,0.00,,0.00,
MI Butter Chicken Burrito - In House,1.00,Each,1.00,Each,1.00,,Inactive,=,,Inactive,=,1.00,Each,No,,,BATCH Chicken Tikka Cooked New,4.00,OZ-wt,100.0,,0.5795,0.5795,3.7133,3.7133,,0.00,0 D 0 H 0 M,,0.00,,0.00,
MI Butter Chicken Burrito - In House,1.00,Each,1.00,Each,1.00,,Inactive,=,,Inactive,=,1.00,Each,No,,,BATCH Mint Cilantro Chutney,1.00,OZ-fl,100.0,,0.1854,0.1854,3.7133,3.7133,,0.00,0 D 0 H 0 M,,0.00,,0.00,
MI Butter Chicken Burrito - In House,1.00,Each,1.00,Each,1.00,,Inactive,=,,Inactive,=,1.00,Each,No,,,BATCH Pickled Onions,1.00,OZ-wt,100.0,,0.0849,0.0849,3.7133,3.7133,,0.00,0 D 0 H 0 M,,0.00,,0.00,
MI Butter Chicken Burrito - Online,1.00,Each,1.00,Each,1.00,,Inactive,=,,Inactive,=,1.00,Each,No,,,"Bread, Wrap 12""",1.00,Wrap-3.7oz-wt,100.0,,0.7074,0.7074,1.1177,1.1177,,0.00,0 D 0 H 0 M,,0.00,,0.00,
MI Butter Chicken Burrito - Online,1.00,Each,1.00,Each,1.00,,Inactive,=,,Inactive,=,1.00,Each,No,,,MI To Go Burrito Disposables - Online,1.00,Each,100.0,,0.4103,0.4103,1.1177,1.1177,,0.00,0 D 0 H 0 M,,0.00,,0.00,
MI BYO Burrito - In House,1.00,Each,1.00,Each,1.00,,Inactive,=,,Inactive,=,1.00,Each,No,,,MI Kokum Vinaigrette Dressing,0.03,Each,100.0,,0.0024,0.0024,2.8619,2.8619,,0.00,,,0.00,,0.00,
MI BYO Burrito - In House,1.00,Each,1.00,Each,1.00,,Inactive,=,,Inactive,=,1.00,Each,No,,,MI Chili Lime Vinaigrette Dressing,0.13,Each,100.0,,0.0125,0.0125,2.8619,2.8619,,0.00,,,0.00,,0.00,
MI BYO Burrito - In House,1.00,Each,1.00,Each,1.00,,Inactive,=,,Inactive,=,1.00,Each,No,,,MI Toasted Cumin Yogurt,0.20,Each,100.0,,0.0178,0.0178,2.8619,2.8619,,0.00,,,0.00,,0.00,
MI BYO Burrito - In House,1.00,Each,1.00,Each,1.00,,Inactive,=,,Inactive,=,1.00,Each,No,,,MI Tamarind Ginger Chutney,0.25,Each,100.0,,0.0357,0.0357,2.8619,2.8619,,0.00,,,0.00,,0.00,
MI BYO Burrito - In House,1.00,Each,1.00,Each,1.00,,Inactive,=,,Inactive,=,1.00,Each,No,,,MI Mint Cilantro Chutney,0.33,Each,100.0,,0.0612,0.0612,2.8619,2.8619,,0.00,,,0.00,,0.00,
MI BYO Burrito - In House,1.00,Each,1.00,Each,1.00,,Inactive,=,,Inactive,=,1.00,Each,No,,,MI Shredded Romaine,0.02,Each,100.0,,0.0023,0.0023,2.8619,2.8619,,0.00,,,0.00,,0.00,
MI BYO Burrito - In House,1.00,Each,1.00,Each,1.00,,Inactive,=,,Inactive,=,1.00,Each,No,,,MI Chickpea Noodles,0.02,Each,100.0,,0.0002,0.0002,2.8619,2.8619,,0.00,,,0.00,,0.00,
MI BYO Burrito - In House,1.00,Each,1.00,Each,1.00,,Inactive,=,,Inactive,=,1.00,Each,No,,,MI Roasted Lentils,0.06,Each,100.0,,0.0005,0.0005,2.8619,2.8619,,0.00,,,0.00,,0.00,
MI BYO Burrito - In House,1.00,Each,1.00,Each,1.00,,Inactive,=,,Inactive,=,1.00,Each,No,,,MI Carrot Slaw,0.07,Each,100.0,,0.0032,0.0032,2.8619,2.8619,,0.00,,,0.00,,0.00,
MI BYO Burrito - In House,1.00,Each,1.00,Each,1.00,,Inactive,=,,Inactive,=,1.00,Each,No,,,MI Chopped Cilantro,0.07,Each,100.0,,0.0021,0.0021,2.8619,2.8619,,0.00,,,0.00,,0.00,
MI BYO Burrito - In House,1.00,Each,1.00,Each,1.00,,Inactive,=,,Inactive,=,1.00,Each,No,,,MI Kachumber Salad,0.08,Each,100.0,,0.0033,0.0033,2.8619,2.8619,,0.00,,,0.00,,0.00,
MI BYO Burrito - In House,1.00,Each,1.00,Each,1.00,,Inactive,=,,Inactive,=,1.00,Each,No,,,MI Mango Salsa,0.08,Each,100.0,,0.0263,0.0263,2.8619,2.8619,,0.00,,,0.00,,0.00,
MI BYO Burrito - In House,1.00,Each,1.00,Each,1.00,,Inactive,=,,Inactive,=,1.00,Each,No,,,MI Cucumber Cubes,0.09,Each,100.0,,0.0014,0.0014,2.8619,2.8619,,0.00,,,0.00,,0.00,
MI BYO Burrito - In House,1.00,Each,1.00,Each,1.00,,Inactive,=,,Inactive,=,1.00,Each,No,,,MI Shredded Paneer,0.12,Each,100.0,,0.0249,0.0249,2.8619,2.8619,,0.00,,,0.00,,0.00,
MI BYO Burrito - In House,1.00,Each,1.00,Each,1.00,,Inactive,=,,Inactive,=,1.00,Each,No,,,MI Pickled Onions,0.17,Each,100.0,,0.0106,0.0106,2.8619,2.8619,,0.00,,,0.00,,0.00,
MI BYO Burrito - In House,1.00,Each,1.00,Each,1.00,,Inactive,=,,Inactive,=,1.00,Each,No,,,MI Indian Street Corn,0.18,Each,100.0,,0.0021,0.0021,2.8619,2.8619,,0.00,,,0.00,,0.00,
MI BYO Burrito - In House,1.00,Each,1.00,Each,1.00,,Inactive,=,,Inactive,=,1.00,Each,No,,,MI Sautéed Spinach,0.24,Each,100.0,,0.0611,0.0611,2.8619,2.8619,,0.00,,,0.00,,0.00,
MI BYO Burrito - In House,1.00,Each,1.00,Each,1.00,,Inactive,=,,Inactive,=,1.00,Each,No,,,MI Spiced Chickpeas,0.71,Each,100.0,,0.0978,0.0978,2.8619,2.8619,,0.00,,,0.00,,0.00,
MI BYO Burrito - In House,1.00,Each,1.00,Each,1.00,,Inactive,=,,Inactive,=,1.00,Each,No,,,MI Coconut Ginger Sauce,0.05,Each,100.0,,0.0400,0.0400,2.8619,2.8619,,0.00,,,0.00,,0.00,
MI BYO Burrito - In House,1.00,Each,1.00,Each,1.00,,Inactive,=,,Inactive,=,1.00,Each,No,,,MI Peanut Sesame Sauce,0.08,Each,100.0,,0.0425,0.0425,2.8619,2.8619,,0.00,,,0.00,,0.00,
MI BYO Burrito - In House,1.00,Each,1.00,Each,1.00,,Inactive,=,,Inactive,=,1.00,Each,No,,,MI Tamarind Chili Sauce,0.23,Each,100.0,,0.1609,0.1609,2.8619,2.8619,,0.00,,,0.00,,0.00,
MI BYO Burrito - In House,1.00,Each,1.00,Each,1.00,,Inactive,=,,Inactive,=,1.00,Each,No,,,MI Tomato Garlic Sauce,0.28,Each,100.0,,0.2107,0.2107,2.8619,2.8619,,0.00,,,0.00,,0.00,
MI BYO Burrito - In House,1.00,Each,1.00,Each,1.00,,Inactive,=,,Inactive,=,1.00,Each,No,,,MI Tikka Masala Sauce,0.33,Each,100.0,,0.2429,0.2429,2.8619,2.8619,,0.00,,,0.00,,0.00,
MI BYO Burrito - In House,1.00,Each,1.00,Each,1.00,,Inactive,=,,Inactive,=,1.00,Each,No,,,MI South Indian Rice Noodles,0.05,Each,100.0,,0.0176,0.0176,2.8619,2.8619,,0.00,,,0.00,,0.00,
MI BYO Burrito - In House,1.00,Each,1.00,Each,1.00,,Inactive,=,,Inactive,=,1.00,Each,No,,,MI Masala Quinoa,0.15,Each,100.0,,0.0478,0.0478,2.8619,2.8619,,0.00,,,0.00,,0.00,
MI BYO Burrito - In House,1.00,Each,1.00,Each,1.00,,Inactive,=,,Inactive,=,1.00,Each,No,,,MI Basmati Rice,0.17,Each,100.0,,0.0344,0.0344,2.8619,2.8619,,0.00,,,0.00,,0.00,
MI BYO Burrito - In House,1.00,Each,1.00,Each,1.00,,Inactive,=,,Inactive,=,1.00,Each,No,,,MI Lemon Turmeric Rice,0.61,Each,100.0,,0.1493,0.1493,2.8619,2.8619,,0.00,,,0.00,,0.00,
MI BYO Burrito - In House,1.00,Each,1.00,Each,1.00,,Inactive,=,,Inactive,=,1.00,Each,No,,,MI Masala Yogurt,0.81,Each,100.0,,0.1249,0.1249,2.8619,2.8619,,0.00,,,0.00,,0.00,
MI BYO Burrito - In House,1.00,Each,1.00,Each,1.00,,Inactive,=,,Inactive,=,1.00,Each,No,,,MI Romaine,0.86,Each,100.0,,0.5108,0.5108,2.8619,2.8619,,0.00,,,0.00,,0.00,
MI BYO Burrito - In House,1.00,Each,1.00,Each,1.00,,Inactive,=,,Inactive,=,1.00,Each,No,,,"Bread, Wrap 12""",1.00,Wrap-3.7oz-wt,100.0,,0.7074,0.7074,2.8619,2.8619,,0.00,,,0.00,,0.00,
MI BYO Burrito - In House,1.00,Each,1.00,Each,1.00,,Inactive,=,,Inactive,=,1.00,Each,No,,,MI To Go Burrito Disposables - In House,1.00,Each,100.0,,0.2073,0.2073,2.8619,2.8619,,0.00,,,0.00,,0.00,
MI BYO Burrito - Online,1.00,Each,1.00,Each,1.00,,Inactive,=,,Inactive,=,1.00,Each,No,,,MI To Go Burrito Disposables - Online,1.00,Each,100.0,,0.4103,0.4103,1.1177,1.1177,,0.00,,,0.00,,0.00,
MI BYO Burrito - Online,1.00,Each,1.00,Each,1.00,,Inactive,=,,Inactive,=,1.00,Each,No,,,MI Roti,1.00,Each,100.0,,0.7074,0.7074,1.1177,1.1177,,0.00,,,0.00,,0.00,
MI BYO Ginger Shrimp Bowl,1.00,Each,1.00,Each,1.00,,Inactive,=,,Inactive,=,1.00,Each,No,,,EVERMADE Tamarind Chili Sauce,2.00,OZ-fl,100.0,,0.3498,0.3498,4.4454,4.4454,,0.00,,,0.00,,0.00,
MI BYO Ginger Shrimp Bowl,1.00,Each,1.00,Each,1.00,,Inactive,=,,Inactive,=,1.00,Each,No,,,EVERMADE Tamarind Ginger Chutney,0.80,OZ-wt,100.0,,0.1429,0.1429,4.4454,4.4454,,0.00,,,0.00,,0.00,
MI BYO Ginger Shrimp Bowl,1.00,Each,1.00,Each,1.00,,Inactive,=,,Inactive,=,1.00,Each,No,,,BATCH Spiced Chickpeas,3.00,OZ-wt,100.0,,0.1333,0.1333,4.4454,4.4454,,0.00,,,0.00,,0.00,
MI BYO Ginger Shrimp Bowl,1.00,Each,1.00,Each,1.00,,Inactive,=,,Inactive,=,1.00,Each,No,,,MOBYS Mango Coconut Yogurt,1.00,OZ-fl,100.0,,0.2295,0.2295,4.4454,4.4454,,0.00,,,0.00,,0.00,
MI BYO Ginger Shrimp Bowl,1.00,Each,1.00,Each,1.00,,Inactive,=,,Inactive,=,1.00,Each,No,,,BATCH South Indian Rice Noodles,4.95,OZ-wt,100.0,,0.2682,0.2682,4.4454,4.4454,,0.00,,,0.00,,0.00,
MI BYO Ginger Shrimp Bowl,1.00,Each,1.00,Each,1.00,,Inactive,=,,Inactive,=,1.00,Each,No,,,BATCH Shrimp Cooked,6.00,Each,100.0,,2.8610,2.8610,4.4454,4.4454,,0.00,,,0.00,,0.00,
MI BYO Ginger Shrimp Bowl,1.00,Each,1.00,Each,1.00,,Inactive,=,,Inactive,=,1.00,Each,No,,,BATCH Mango Salsa,0.70,OZ-wt,100.0,,0.4607,0.4607,4.4454,4.4454,,0.00,,,0.00,,0.00,
MI BYO Lamb Kebab Bowl,1.00,Each,1.00,Each,1.00,,Inactive,=,,Inactive,=,1.00,Each,No,,,BATCH Lamb Kebab Meatballs Cooked,4.00,CT,100.0,,2.2442,2.2442,3.0414,3.0414,,0.00,,,0.00,,0.00,
MI BYO Lamb Kebab Bowl,1.00,Each,1.00,Each,1.00,,Inactive,=,,Inactive,=,1.00,Each,No,,,BATCH Spiced Chickpeas,3.10,OZ-wt,100.0,,0.1377,0.1377,3.0414,3.0414,,0.00,,,0.00,,0.00,
MI BYO Lamb Kebab Bowl,1.00,Each,1.00,Each,1.00,,Inactive,=,,Inactive,=,1.00,Each,No,,,EVERMADE Peanut Sesame Sauce,2.00,OZ-fl,100.0,,0.2655,0.2655,3.0414,3.0414,,0.00,,,0.00,,0.00,
MI BYO Lamb Kebab Bowl,1.00,Each,1.00,Each,1.00,,Inactive,=,,Inactive,=,1.00,Each,No,,,YIELD Cucumber Chopped,0.70,OZ-wt,100.0,,0.0225,0.0225,3.0414,3.0414,,0.00,,,0.00,,0.00,
MI BYO Lamb Kebab Bowl,1.00,Each,1.00,Each,1.00,,Inactive,=,,Inactive,=,1.00,Each,No,,,BATCH Basmati Rice,7.00,OZ-wt,100.0,,0.1773,0.1773,3.0414,3.0414,,0.00,,,0.00,,0.00,
MI BYO Lamb Kebab Bowl,1.00,Each,1.00,Each,1.00,,Inactive,=,,Inactive,=,1.00,Each,No,,,BATCH Pickled Onions,0.65,OZ-wt,100.0,,0.0552,0.0552,3.0414,3.0414,,0.00,,,0.00,,0.00,
MI BYO Lamb Kebab Bowl,1.00,Each,1.00,Each,1.00,,Inactive,=,,Inactive,=,1.00,Each,No,,,BATCH Mint Cilantro Chutney,0.75,OZ-fl,100.0,,0.1390,0.1390,3.0414,3.0414,,0.00,,,0.00,,0.00,
MI Cardamom Mint Julep,1.00,Each,1.00,Each,1.00,,Inactive,=,,Inactive,=,1.00,Each,No,,,BATCH Cardamom Mint Julep,6.00,OZ-fl,100.0,,2.4715,2.4715,2.4715,2.4715,,0.00,,,0.00,,0.00,
MI Cardamom Mint Julep Growler,1.00,Each,1.00,Each,1.00,,Inactive,=,,Inactive,=,1.00,Each,No,,,"Lid, Cup 16oz",2.00,Each,100.0,,0.0628,0.0628,13.4242,13.4242,,0.00,,,0.00,,0.00,
MI Cardamom Mint Julep Growler,1.00,Each,1.00,Each,1.00,,Inactive,=,,Inactive,=,1.00,Each,No,,,"Cup, 16oz Rasa",2.00,Each,100.0,,0.1799,0.1799,13.4242,13.4242,,0.00,,,0.00,,0.00,
MI Cardamom Mint Julep Growler,1.00,Each,1.00,Each,1.00,,Inactive,=,,Inactive,=,1.00,Each,No,,,BATCH Cardamom Mint Julep,32.00,OZ-fl,100.0,,13.1815,13.1815,13.4242,13.4242,,0.00,,,0.00,,0.00,
MI Cardamom Mint Julep Jar,1.00,Each,1.00,Each,1.00,,Inactive,=,,Inactive,=,1.00,Each,No,,,"Lid, Cup 16oz",1.00,Each,100.0,,0.0314,0.0314,6.7122,6.7122,,0.00,,,0.00,,0.00,
MI Cardamom Mint Julep Jar,1.00,Each,1.00,Each,1.00,,Inactive,=,,Inactive,=,1.00,Each,No,,,"Cup, 16oz Rasa",1.00,Each,100.0,,0.0900,0.0900,6.7122,6.7122,,0.00,,,0.00,,0.00,
MI Cardamom Mint Julep Jar,1.00,Each,1.00,Each,1.00,,Inactive,=,,Inactive,=,1.00,Each,No,,,BATCH Cardamom Mint Julep,16.00,OZ-fl,100.0,,6.5908,6.5908,6.7122,6.7122,,0.00,,,0.00,,0.00,
MI Carrot Slaw,1.00,Each,1.00,Each,1.00,,Inactive,=,,Inactive,=,1.00,Each,No,,,BATCH Carrot Slaw,0.50,OZ-wt,100.0,,0.0454,0.0454,0.0454,0.0454,,0.00,,,0.00,,0.00,
MI Carrot Slaw - Classic,1.00,Each,1.00,Each,1.00,,Inactive,=,,Inactive,=,1.00,Each,No,,,BATCH Carrot Slaw,0.64,OZ-wt,100.0,,0.0582,0.0582,0.0582,0.0582,,0.00,,,0.00,,0.00,
MI Carrot Slaw - Desi Deluxe,1.00,Each,1.00,Each,1.00,,Inactive,=,,Inactive,=,1.00,Each,No,,,BATCH Carrot Slaw,0.60,OZ-wt,100.0,,0.0545,0.0545,0.0545,0.0545,,0.00,,,0.00,,0.00,
MI Carrot Slaw - Party Pack,1.00,Each,1.00,Each,1.00,,Inactive,=,,Inactive,=,1.00,Each,No,,,BATCH Carrot Slaw,0.75,OZ-wt,100.0,,0.0682,0.0682,0.0682,0.0682,,0.00,,,0.00,,0.00,
MI Cater2Me Aloo Need Is Love,1.00,Each,1.00,Each,1.00,,Inactive,=,,Inactive,=,1.00,Each,No,,,EVERMADE Tamarind Ginger Chutney,0.85,OZ-wt,100.0,,0.1518,0.1518,2.5669,2.5669,,0.00,,,0.00,,0.00,
MI Cater2Me Aloo Need Is Love,1.00,Each,1.00,Each,1.00,,Inactive,=,,Inactive,=,1.00,Each,No,,,EVERMADE Coconut Ginger Sauce,4.00,OZ-fl,100.0,,0.7998,0.7998,2.5669,2.5669,,0.00,,,0.00,,0.00,
MI Cater2Me Aloo Need Is Love,1.00,Each,1.00,Each,1.00,,Inactive,=,,Inactive,=,1.00,Each,No,,,MI To Go Bowl Disposables - Online,1.00,Each,100.0,,0.6065,0.6065,2.5669,2.5669,,0.00,,,0.00,,0.00,
MI Cater2Me Aloo Need Is Love,1.00,Each,1.00,Each,1.00,,Inactive,=,,Inactive,=,1.00,Each,No,,,BATCH Roasted Lentils,0.05,OZ-wt,100.0,,0.0078,0.0078,2.5669,2.5669,,0.00,,,0.00,,0.00,
MI Cater2Me Aloo Need Is Love,1.00,Each,1.00,Each,1.00,,Inactive,=,,Inactive,=,1.00,Each,No,,,BATCH Pickled Radish,0.50,OZ-wt,100.0,,0.0184,0.0184,2.5669,2.5669,,0.00,,,0.00,,0.00,
MI Cater2Me Aloo Need Is Love,1.00,Each,1.00,Each,1.00,,Inactive,=,,Inactive,=,1.00,Each,No,,,BATCH Masala Beets,0.50,OZ-wt,100.0,,0.0967,0.0967,2.5669,2.5669,,0.00,,,0.00,,0.00,
MI Cater2Me Aloo Need Is Love,1.00,Each,1.00,Each,1.00,,Inactive,=,,Inactive,=,1.00,Each,No,,,YIELD Cucumber Chopped,0.50,OZ-wt,100.0,,0.0161,0.0161,2.5669,2.5669,,0.00,,,0.00,,0.00,
MI Cater2Me Aloo Need Is Love,1.00,Each,1.00,Each,1.00,,Inactive,=,,Inactive,=,1.00,Each,No,,,BATCH Eggplant Cooked,1.50,OZ-wt,100.0,,0.2906,0.2906,2.5669,2.5669,,0.00,,,0.00,,0.00,
MI Cater2Me Aloo Need Is Love,1.00,Each,1.00,Each,1.00,,Inactive,=,,Inactive,=,1.00,Each,No,,,BATCH Sweet Potato Tikki,3.20,OZ-wt,100.0,,0.3559,0.3559,2.5669,2.5669,,0.00,,,0.00,,0.00,
MI Cater2Me Aloo Need Is Love,1.00,Each,1.00,Each,1.00,,Inactive,=,,Inactive,=,1.00,Each,No,,,BATCH Lemon Turmeric Rice,7.30,OZ-wt,100.0,,0.2233,0.2233,2.5669,2.5669,,0.00,,,0.00,,0.00,
MI Cater2Me Aloo Need Is Love Salad,1.00,Each,1.00,Each,1.00,,Inactive,=,,Inactive,=,1.00,Each,No,,,EVERMADE Tamarind Ginger Chutney,0.80,OZ-wt,100.0,,0.1429,0.1429,3.0868,3.0868,,0.00,,,0.00,,0.00,
MI Cater2Me Aloo Need Is Love Salad,1.00,Each,1.00,Each,1.00,,Inactive,=,,Inactive,=,1.00,Each,No,,,EVERMADE Coconut Ginger Sauce,4.00,OZ-fl,100.0,,0.7998,0.7998,3.0868,3.0868,,0.00,,,0.00,,0.00,
MI Cater2Me Aloo Need Is Love Salad,1.00,Each,1.00,Each,1.00,,Inactive,=,,Inactive,=,1.00,Each,No,,,MI To Go Bowl Disposables - Online,1.00,Each,100.0,,0.6065,0.6065,3.0868,3.0868,,0.00,,,0.00,,0.00,
MI Cater2Me Aloo Need Is Love Salad,1.00,Each,1.00,Each,1.00,,Inactive,=,,Inactive,=,1.00,Each,No,,,BATCH Roasted Lentils,0.05,OZ-wt,100.0,,0.0078,0.0078,3.0868,3.0868,,0.00,,,0.00,,0.00,
MI Cater2Me Aloo Need Is Love Salad,1.00,Each,1.00,Each,1.00,,Inactive,=,,Inactive,=,1.00,Each,No,,,BATCH Pickled Radish,0.50,OZ-wt,100.0,,0.0184,0.0184,3.0868,3.0868,,0.00,,,0.00,,0.00,
MI Cater2Me Aloo Need Is Love Salad,1.00,Each,1.00,Each,1.00,,Inactive,=,,Inactive,=,1.00,Each,No,,,BATCH Masala Beets,0.50,OZ-wt,100.0,,0.0967,0.0967,3.0868,3.0868,,0.00,,,0.00,,0.00,
MI Cater2Me Aloo Need Is Love Salad,1.00,Each,1.00,Each,1.00,,Inactive,=,,Inactive,=,1.00,Each,No,,,YIELD Cucumber Chopped,0.50,OZ-wt,100.0,,0.0161,0.0161,3.0868,3.0868,,0.00,,,0.00,,0.00,
MI Cater2Me Aloo Need Is Love Salad,1.00,Each,1.00,Each,1.00,,Inactive,=,,Inactive,=,1.00,Each,No,,,BATCH Eggplant Cooked,1.50,OZ-wt,100.0,,0.2906,0.2906,3.0868,3.0868,,0.00,,,0.00,,0.00,
MI Cater2Me Aloo Need Is Love Salad,1.00,Each,1.00,Each,1.00,,Inactive,=,,Inactive,=,1.00,Each,No,,,BATCH Sweet Potato Tikki,3.20,OZ-wt,100.0,,0.3559,0.3559,3.0868,3.0868,,0.00,,,0.00,,0.00,
MI Cater2Me Aloo Need Is Love Salad,1.00,Each,1.00,Each,1.00,,Inactive,=,,Inactive,=,1.00,Each,No,,,"Lettuce, Arcadian",3.80,OZ-wt,100.0,,0.7521,0.7521,3.0868,3.0868,,0.00,,,0.00,,0.00,
MI Cater2Me Caul Me Maybe,1.00,Each,1.00,Each,1.00,,Inactive,=,,Inactive,=,1.00,Each,No,,,EVERMADE Peanut Sesame Sauce,4.00,OZ-fl,100.0,,0.5310,0.5310,2.8441,2.8441,,0.00,,,0.00,,0.00,
MI Cater2Me Caul Me Maybe,1.00,Each,1.00,Each,1.00,,Inactive,=,,Inactive,=,1.00,Each,No,,,MI To Go Bowl Disposables - Online,1.00,Each,100.0,,0.6065,0.6065,2.8441,2.8441,,0.00,,,0.00,,0.00,
MI Cater2Me Caul Me Maybe,1.00,Each,1.00,Each,1.00,,Inactive,=,,Inactive,=,1.00,Each,No,,,"Seed, Sunflower",0.05,OZ-wt,100.0,,0.0094,0.0094,2.8441,2.8441,,0.00,,,0.00,,0.00,
MI Cater2Me Caul Me Maybe,1.00,Each,1.00,Each,1.00,,Inactive,=,,Inactive,=,1.00,Each,No,,,BATCH Masala Beets,0.50,OZ-wt,100.0,,0.0967,0.0967,2.8441,2.8441,,0.00,,,0.00,,0.00,
MI Cater2Me Caul Me Maybe,1.00,Each,1.00,Each,1.00,,Inactive,=,,Inactive,=,1.00,Each,No,,,YIELD Cucumber Chopped,0.50,OZ-wt,100.0,,0.0161,0.0161,2.8441,2.8441,,0.00,,,0.00,,0.00,
MI Cater2Me Caul Me Maybe,1.00,Each,1.00,Each,1.00,,Inactive,=,,Inactive,=,1.00,Each,No,,,MOBYS Coriander Chili Chutney,1.00,OZ-wt,100.0,,0.2262,0.2262,2.8441,2.8441,,0.00,,,0.00,,0.00,
MI Cater2Me Caul Me Maybe,1.00,Each,1.00,Each,1.00,,Inactive,=,,Inactive,=,1.00,Each,No,,,BATCH Sautéed Spinach,2.40,OZ-wt,100.0,,0.2545,0.2545,2.8441,2.8441,,0.00,,,0.00,,0.00,
MI Cater2Me Caul Me Maybe,1.00,Each,1.00,Each,1.00,,Inactive,=,,Inactive,=,1.00,Each,No,,,BATCH Lemon Turmeric Rice,7.30,OZ-wt,100.0,,0.2233,0.2233,2.8441,2.8441,,0.00,,,0.00,,0.00,
MI Cater2Me Caul Me Maybe,1.00,Each,1.00,Each,1.00,,Inactive,=,,Inactive,=,1.00,Each,No,,,BATCH Tofu Cauliflower Cooked,4.00,OZ-fl,100.0,,0.8804,0.8804,2.8441,2.8441,,0.00,,,0.00,,0.00,
MI Cater2Me Eat Your Veggies,1.00,Each,1.00,Each,1.00,,Inactive,=,,Inactive,=,1.00,Each,No,,,EVERMADE Tamarind Ginger Chutney,0.80,OZ-wt,100.0,,0.1429,0.1429,2.8733,2.8733,,,,,,,,
MI Cater2Me Eat Your Veggies,1.00,Each,1.00,Each,1.00,,Inactive,=,,Inactive,=,1.00,Each,No,,,EVERMADE Coconut Ginger Sauce,4.00,OZ-fl,100.0,,0.7998,0.7998,2.8733,2.8733,,,,,,,,
MI Cater2Me Eat Your Veggies,1.00,Each,1.00,Each,1.00,,Inactive,=,,Inactive,=,1.00,Each,No,,,MI To Go Bowl Disposables - Online,1.00,Each,100.0,,0.6065,0.6065,2.8733,2.8733,,,,,,,,
MI Cater2Me Eat Your Veggies,1.00,Each,1.00,Each,1.00,,Inactive,=,,Inactive,=,1.00,Each,No,,,Avocado,0.50,Each,100.0,,0.3568,0.3568,2.8733,2.8733,,,,,,,,
MI Cater2Me Eat Your Veggies,1.00,Each,1.00,Each,1.00,,Inactive,=,,Inactive,=,1.00,Each,No,,,BATCH Pickled Onions,0.50,OZ-wt,100.0,,0.0425,0.0425,2.8733,2.8733,,,,,,,,
MI Cater2Me Eat Your Veggies,1.00,Each,1.00,Each,1.00,,Inactive,=,,Inactive,=,1.00,Each,No,,,BATCH Carrot Slaw,0.50,OZ-wt,100.0,,0.0454,0.0454,2.8733,2.8733,,,,,,,,
MI Cater2Me Eat Your Veggies,1.00,Each,1.00,Each,1.00,,Inactive,=,,Inactive,=,1.00,Each,No,,,BATCH Indian Street Corn,0.50,OZ-wt,100.0,,0.0117,0.0117,2.8733,2.8733,,,,,,,,
MI Cater2Me Eat Your Veggies,1.00,Each,1.00,Each,1.00,,Inactive,=,,Inactive,=,1.00,Each,No,,,BATCH Eggplant Cooked,1.50,OZ-wt,100.0,,0.2906,0.2906,2.8733,2.8733,,,,,,,,
MI Cater2Me Eat Your Veggies,1.00,Each,1.00,Each,1.00,,Inactive,=,,Inactive,=,1.00,Each,No,,,BATCH Sautéed Spinach,2.40,OZ-wt,100.0,,0.2545,0.2545,2.8733,2.8733,,,,,,,,
MI Cater2Me Eat Your Veggies,1.00,Each,1.00,Each,1.00,,Inactive,=,,Inactive,=,1.00,Each,No,,,BATCH Spiced Chickpeas,3.10,OZ-wt,100.0,,0.1377,0.1377,2.8733,2.8733,,,,,,,,
MI Cater2Me Eat Your Veggies,1.00,Each,1.00,Each,1.00,,Inactive,=,,Inactive,=,1.00,Each,No,,,BATCH Basmati Rice,7.30,OZ-wt,100.0,,0.1849,0.1849,2.8733,2.8733,,,,,,,,
MI Cater2Me Goa Your Own Way,1.00,Each,1.00,Each,1.00,,Inactive,=,,Inactive,=,1.00,Each,No,,,EVERMADE Coconut Ginger Sauce,4.00,OZ-fl,100.0,,0.7998,0.7998,5.3044,5.3044,,0.00,,,0.00,,0.00,
MI Cater2Me Goa Your Own Way,1.00,Each,1.00,Each,1.00,,Inactive,=,,Inactive,=,1.00,Each,No,,,MI To Go Bowl Disposables - Online,1.00,Each,100.0,,0.6065,0.6065,5.3044,5.3044,,0.00,,,0.00,,0.00,
MI Cater2Me Goa Your Own Way,1.00,Each,1.00,Each,1.00,,Inactive,=,,Inactive,=,1.00,Each,No,,,"Lentil, Chana Dal Roasted",0.05,OZ-wt,100.0,,0.0075,0.0075,5.3044,5.3044,,0.00,,,0.00,,0.00,
MI Cater2Me Goa Your Own Way,1.00,Each,1.00,Each,1.00,,Inactive,=,,Inactive,=,1.00,Each,No,,,BATCH Pickled Onions,0.50,OZ-wt,100.0,,0.0425,0.0425,5.3044,5.3044,,0.00,,,0.00,,0.00,
MI Cater2Me Goa Your Own Way,1.00,Each,1.00,Each,1.00,,Inactive,=,,Inactive,=,1.00,Each,No,,,BATCH Tossed Green Beans,2.50,OZ-wt,100.0,,0.7339,0.7339,5.3044,5.3044,,0.00,,,0.00,,0.00,
MI Cater2Me Goa Your Own Way,1.00,Each,1.00,Each,1.00,,Inactive,=,,Inactive,=,1.00,Each,No,,,BATCH Basmati Rice,7.30,OZ-wt,100.0,,0.1849,0.1849,5.3044,5.3044,,0.00,,,0.00,,0.00,
MI Cater2Me Goa Your Own Way,1.00,Each,1.00,Each,1.00,,Inactive,=,,Inactive,=,1.00,Each,No,,,BATCH Mint Cilantro Chutney,1.00,OZ-fl,100.0,,0.1854,0.1854,5.3044,5.3044,,0.00,,,0.00,,0.00,
MI Cater2Me Goa Your Own Way,1.00,Each,1.00,Each,1.00,,Inactive,=,,Inactive,=,1.00,Each,No,,,BATCH Beef Cooked,4.00,OZ-fl,100.0,,2.7439,2.7439,5.3044,5.3044,,0.00,,,0.00,,0.00,
MI Cater2Me Goa Your Own Way Salad,1.00,Each,1.00,Each,1.00,,Inactive,=,,Inactive,=,1.00,Each,No,,,EVERMADE Coconut Ginger Sauce,4.00,OZ-fl,100.0,,0.7998,0.7998,5.8716,5.8716,,0.00,,,0.00,,0.00,
MI Cater2Me Goa Your Own Way Salad,1.00,Each,1.00,Each,1.00,,Inactive,=,,Inactive,=,1.00,Each,No,,,"Lettuce, Arcadian",3.80,OZ-wt,100.0,,0.7521,0.7521,5.8716,5.8716,,0.00,,,0.00,,0.00,
MI Cater2Me Goa Your Own Way Salad,1.00,Each,1.00,Each,1.00,,Inactive,=,,Inactive,=,1.00,Each,No,,,MI To Go Bowl Disposables - Online,1.00,Each,100.0,,0.6065,0.6065,5.8716,5.8716,,0.00,,,0.00,,0.00,
MI Cater2Me Goa Your Own Way Salad,1.00,Each,1.00,Each,1.00,,Inactive,=,,Inactive,=,1.00,Each,No,,,"Lentil, Chana Dal Roasted",0.05,OZ-wt,100.0,,0.0075,0.0075,5.8716,5.8716,,0.00,,,0.00,,0.00,
MI Cater2Me Goa Your Own Way Salad,1.00,Each,1.00,Each,1.00,,Inactive,=,,Inactive,=,1.00,Each,No,,,BATCH Pickled Onions,0.50,OZ-wt,100.0,,0.0425,0.0425,5.8716,5.8716,,0.00,,,0.00,,0.00,
MI Cater2Me Goa Your Own Way Salad,1.00,Each,1.00,Each,1.00,,Inactive,=,,Inactive,=,1.00,Each,No,,,BATCH Tossed Green Beans,2.50,OZ-wt,100.0,,0.7339,0.7339,5.8716,5.8716,,0.00,,,0.00,,0.00,
MI Cater2Me Goa Your Own Way Salad,1.00,Each,1.00,Each,1.00,,Inactive,=,,Inactive,=,1.00,Each,No,,,BATCH Mint Cilantro Chutney,1.00,OZ-fl,100.0,,0.1854,0.1854,5.8716,5.8716,,0.00,,,0.00,,0.00,
MI Cater2Me Goa Your Own Way Salad,1.00,Each,1.00,Each,1.00,,Inactive,=,,Inactive,=,1.00,Each,No,,,BATCH Beef Cooked,4.00,OZ-fl,100.0,,2.7439,2.7439,5.8716,5.8716,,0.00,,,0.00,,0.00,
MI Cater2Me Home Cooking,1.00,Each,1.00,Each,1.00,,Inactive,=,,Inactive,=,1.00,Each,No,,,EVERMADE Tamarind Ginger Chutney,0.80,OZ-wt,100.0,,0.1429,0.1429,5.3584,5.3584,,0.00,,,0.00,,0.00,
MI Cater2Me Home Cooking,1.00,Each,1.00,Each,1.00,,Inactive,=,,Inactive,=,1.00,Each,No,,,EVERMADE Tamarind Chili Sauce,4.00,OZ-fl,100.0,,0.6996,0.6996,5.3584,5.3584,,0.00,,,0.00,,0.00,
MI Cater2Me Home Cooking,1.00,Each,1.00,Each,1.00,,Inactive,=,,Inactive,=,1.00,Each,No,,,BATCH Spiced Chickpeas,3.10,OZ-wt,100.0,,0.1377,0.1377,5.3584,5.3584,,0.00,,,0.00,,0.00,
MI Cater2Me Home Cooking,1.00,Each,1.00,Each,1.00,,Inactive,=,,Inactive,=,1.00,Each,No,,,MI To Go Bowl Disposables - Online,1.00,Each,100.0,,0.6065,0.6065,5.3584,5.3584,,0.00,,,0.00,,0.00,
MI Cater2Me Home Cooking,1.00,Each,1.00,Each,1.00,,Inactive,=,,Inactive,=,1.00,Each,No,,,BATCH Shrimp Cooked,6.00,Each,100.0,,2.8610,2.8610,5.3584,5.3584,,0.00,,,0.00,,0.00,
MI Cater2Me Home Cooking,1.00,Each,1.00,Each,1.00,,Inactive,=,,Inactive,=,1.00,Each,No,,,BATCH Mango Salsa,0.50,OZ-wt,100.0,,0.3291,0.3291,5.3584,5.3584,,0.00,,,0.00,,0.00,
MI Cater2Me Home Cooking,1.00,Each,1.00,Each,1.00,,Inactive,=,,Inactive,=,1.00,Each,No,,,MOBYS Mango Coconut Yogurt,1.00,OZ-fl,100.0,,0.2295,0.2295,5.3584,5.3584,,0.00,,,0.00,,0.00,
MI Cater2Me Home Cooking,1.00,Each,1.00,Each,1.00,,Inactive,=,,Inactive,=,1.00,Each,No,,,BATCH South Indian Rice Noodles,6.50,OZ-wt,100.0,,0.3521,0.3521,5.3584,5.3584,,0.00,,,0.00,,0.00,
MI Cater2Me Home Cooking Salad,1.00,Each,1.00,Each,1.00,,Inactive,=,,Inactive,=,1.00,Each,No,,,EVERMADE Tamarind Ginger Chutney,0.80,OZ-wt,100.0,,0.1429,0.1429,5.7584,5.7584,,0.00,,,0.00,,0.00,
MI Cater2Me Home Cooking Salad,1.00,Each,1.00,Each,1.00,,Inactive,=,,Inactive,=,1.00,Each,No,,,EVERMADE Tamarind Chili Sauce,4.00,OZ-fl,100.0,,0.6996,0.6996,5.7584,5.7584,,0.00,,,0.00,,0.00,
MI Cater2Me Home Cooking Salad,1.00,Each,1.00,Each,1.00,,Inactive,=,,Inactive,=,1.00,Each,No,,,BATCH Spiced Chickpeas,3.10,OZ-wt,100.0,,0.1377,0.1377,5.7584,5.7584,,0.00,,,0.00,,0.00,
MI Cater2Me Home Cooking Salad,1.00,Each,1.00,Each,1.00,,Inactive,=,,Inactive,=,1.00,Each,No,,,"Lettuce, Arcadian",3.80,OZ-wt,100.0,,0.7521,0.7521,5.7584,5.7584,,0.00,,,0.00,,0.00,
MI Cater2Me Home Cooking Salad,1.00,Each,1.00,Each,1.00,,Inactive,=,,Inactive,=,1.00,Each,No,,,MI To Go Bowl Disposables - Online,1.00,Each,100.0,,0.6065,0.6065,5.7584,5.7584,,0.00,,,0.00,,0.00,
MI Cater2Me Home Cooking Salad,1.00,Each,1.00,Each,1.00,,Inactive,=,,Inactive,=,1.00,Each,No,,,BATCH Shrimp Cooked,6.00,Each,100.0,,2.8610,2.8610,5.7584,5.7584,,0.00,,,0.00,,0.00,
MI Cater2Me Home Cooking Salad,1.00,Each,1.00,Each,1.00,,Inactive,=,,Inactive,=,1.00,Each,No,,,BATCH Mango Salsa,0.50,OZ-wt,100.0,,0.3291,0.3291,5.7584,5.7584,,0.00,,,0.00,,0.00,
MI Cater2Me Home Cooking Salad,1.00,Each,1.00,Each,1.00,,Inactive,=,,Inactive,=,1.00,Each,No,,,MOBYS Mango Coconut Yogurt,1.00,OZ-fl,100.0,,0.2295,0.2295,5.7584,5.7584,,0.00,,,0.00,,0.00,
MI Cater2Me Open Sesame,1.00,Each,1.00,Each,1.00,,Inactive,=,,Inactive,=,1.00,Each,No,,,BATCH Lamb Kebab Meatballs Cooked,4.00,CT,100.0,,2.2442,2.2442,3.9398,3.9398,,0.00,,,0.00,,0.00,
MI Cater2Me Open Sesame,1.00,Each,1.00,Each,1.00,,Inactive,=,,Inactive,=,1.00,Each,No,,,BATCH Spiced Chickpeas,3.10,OZ-wt,100.0,,0.1377,0.1377,3.9398,3.9398,,0.00,,,0.00,,0.00,
MI Cater2Me Open Sesame,1.00,Each,1.00,Each,1.00,,Inactive,=,,Inactive,=,1.00,Each,No,,,EVERMADE Peanut Sesame Sauce,4.00,OZ-fl,100.0,,0.5310,0.5310,3.9398,3.9398,,0.00,,,0.00,,0.00,
MI Cater2Me Open Sesame,1.00,Each,1.00,Each,1.00,,Inactive,=,,Inactive,=,1.00,Each,No,,,MI To Go Bowl Disposables - Online,1.00,Each,100.0,,0.6065,0.6065,3.9398,3.9398,,0.00,,,0.00,,0.00,
MI Cater2Me Open Sesame,1.00,Each,1.00,Each,1.00,,Inactive,=,,Inactive,=,1.00,Each,No,,,BATCH Pickled Onions,0.40,OZ-wt,100.0,,0.0340,0.0340,3.9398,3.9398,,0.00,,,0.00,,0.00,
MI Cater2Me Open Sesame,1.00,Each,1.00,Each,1.00,,Inactive,=,,Inactive,=,1.00,Each,No,,,YIELD Cucumber Chopped,0.50,OZ-wt,100.0,,0.0161,0.0161,3.9398,3.9398,,0.00,,,0.00,,0.00,
MI Cater2Me Open Sesame,1.00,Each,1.00,Each,1.00,,Inactive,=,,Inactive,=,1.00,Each,No,,,BATCH Basmati Rice,7.30,OZ-wt,100.0,,0.1849,0.1849,3.9398,3.9398,,0.00,,,0.00,,0.00,
MI Cater2Me Open Sesame,1.00,Each,1.00,Each,1.00,,Inactive,=,,Inactive,=,1.00,Each,No,,,BATCH Mint Cilantro Chutney,1.00,OZ-fl,100.0,,0.1854,0.1854,3.9398,3.9398,,0.00,,,0.00,,0.00,
MI Cater2Me Open Sesame Salad,1.00,Each,1.00,Each,1.00,,Inactive,=,,Inactive,=,1.00,Each,No,,,BATCH Lamb Kebab Meatballs Cooked,4.00,CT,100.0,,2.2442,2.2442,4.5070,4.5070,,0.00,,,0.00,,0.00,
MI Cater2Me Open Sesame Salad,1.00,Each,1.00,Each,1.00,,Inactive,=,,Inactive,=,1.00,Each,No,,,BATCH Spiced Chickpeas,3.10,OZ-wt,100.0,,0.1377,0.1377,4.5070,4.5070,,0.00,,,0.00,,0.00,
MI Cater2Me Open Sesame Salad,1.00,Each,1.00,Each,1.00,,Inactive,=,,Inactive,=,1.00,Each,No,,,EVERMADE Peanut Sesame Sauce,4.00,OZ-fl,100.0,,0.5310,0.5310,4.5070,4.5070,,0.00,,,0.00,,0.00,
MI Cater2Me Open Sesame Salad,1.00,Each,1.00,Each,1.00,,Inactive,=,,Inactive,=,1.00,Each,No,,,"Lettuce, Arcadian",3.80,OZ-wt,100.0,,0.7521,0.7521,4.5070,4.5070,,0.00,,,0.00,,0.00,
MI Cater2Me Open Sesame Salad,1.00,Each,1.00,Each,1.00,,Inactive,=,,Inactive,=,1.00,Each,No,,,MI To Go Bowl Disposables - Online,1.00,Each,100.0,,0.6065,0.6065,4.5070,4.5070,,0.00,,,0.00,,0.00,
MI Cater2Me Open Sesame Salad,1.00,Each,1.00,Each,1.00,,Inactive,=,,Inactive,=,1.00,Each,No,,,BATCH Pickled Onions,0.40,OZ-wt,100.0,,0.0340,0.0340,4.5070,4.5070,,0.00,,,0.00,,0.00,
MI Cater2Me Open Sesame Salad,1.00,Each,1.00,Each,1.00,,Inactive,=,,Inactive,=,1.00,Each,No,,,YIELD Cucumber Chopped,0.50,OZ-wt,100.0,,0.0161,0.0161,4.5070,4.5070,,0.00,,,0.00,,0.00,
MI Cater2Me Open Sesame Salad,1.00,Each,1.00,Each,1.00,,Inactive,=,,Inactive,=,1.00,Each,No,,,BATCH Mint Cilantro Chutney,1.00,OZ-fl,100.0,,0.1854,0.1854,4.5070,4.5070,,0.00,,,0.00,,0.00,
MI Cater2Me Spicy Chili Chicken Bowl,1.00,Each,1.00,Each,1.00,,Inactive,=,,Inactive,=,1.00,Each,No,,,EVERMADE Coconut Ginger Sauce,4.00,OZ-fl,100.0,,0.7998,0.7998,2.9153,2.9153,,0.00,,,0.00,,0.00,
MI Cater2Me Spicy Chili Chicken Bowl,1.00,Each,1.00,Each,1.00,,Inactive,=,,Inactive,=,1.00,Each,No,,,MI To Go Bowl Disposables - Online,1.00,Each,100.0,,0.6065,0.6065,2.9153,2.9153,,0.00,,,0.00,,0.00,
MI Cater2Me Spicy Chili Chicken Bowl,1.00,Each,1.00,Each,1.00,,Inactive,=,,Inactive,=,1.00,Each,No,,,BATCH Kachumber Salad,0.50,OZ-wt,100.0,,0.0408,0.0408,2.9153,2.9153,,0.00,,,0.00,,0.00,
MI Cater2Me Spicy Chili Chicken Bowl,1.00,Each,1.00,Each,1.00,,Inactive,=,,Inactive,=,1.00,Each,No,,,BATCH Mango Salsa,0.50,OZ-wt,100.0,,0.3291,0.3291,2.9153,2.9153,,0.00,,,0.00,,0.00,
MI Cater2Me Spicy Chili Chicken Bowl,1.00,Each,1.00,Each,1.00,,Inactive,=,,Inactive,=,1.00,Each,No,,,BATCH Spiced Chickpeas,3.10,OZ-wt,100.0,,0.1377,0.1377,2.9153,2.9153,,0.00,,,0.00,,0.00,
MI Cater2Me Spicy Chili Chicken Bowl,1.00,Each,1.00,Each,1.00,,Inactive,=,,Inactive,=,1.00,Each,No,,,BATCH Spicy Chili Chicken Cooked,4.50,OZ-wt,100.0,,0.7275,0.7275,2.9153,2.9153,,0.00,,,0.00,,0.00,
MI Cater2Me Spicy Chili Chicken Bowl,1.00,Each,1.00,Each,1.00,,Inactive,=,,Inactive,=,1.00,Each,No,,,BATCH Basmati Rice,7.30,OZ-wt,100.0,,0.1849,0.1849,2.9153,2.9153,,0.00,,,0.00,,0.00,
MI Cater2Me Spicy Chili Chicken Bowl,1.00,Each,1.00,Each,1.00,,Inactive,=,,Inactive,=,1.00,Each,No,,,BATCH Toasted Cumin Yogurt,1.00,OZ-fl,100.0,,0.0890,0.0890,2.9153,2.9153,,0.00,,,0.00,,0.00,
MI Cater2Me Tikka Chance On Me,1.00,Each,1.00,Each,1.00,,Inactive,=,,Inactive,=,1.00,Each,No,,,EVERMADE Tomato Garlic Sauce,4.00,OZ-fl,100.0,,0.7524,0.7524,2.7355,2.7355,,0.00,,,0.00,,0.00,
MI Cater2Me Tikka Chance On Me,1.00,Each,1.00,Each,1.00,,Inactive,=,,Inactive,=,1.00,Each,No,,,MI To Go Bowl Disposables - Online,1.00,Each,100.0,,0.6065,0.6065,2.7355,2.7355,,0.00,,,0.00,,0.00,
MI Cater2Me Tikka Chance On Me,1.00,Each,1.00,Each,1.00,,Inactive,=,,Inactive,=,1.00,Each,No,,,BATCH Pickled Onions,0.50,OZ-wt,100.0,,0.0425,0.0425,2.7355,2.7355,,0.00,,,0.00,,0.00,
MI Cater2Me Tikka Chance On Me,1.00,Each,1.00,Each,1.00,,Inactive,=,,Inactive,=,1.00,Each,No,,,BATCH Kachumber Salad,0.50,OZ-wt,100.0,,0.0408,0.0408,2.7355,2.7355,,0.00,,,0.00,,0.00,
MI Cater2Me Tikka Chance On Me,1.00,Each,1.00,Each,1.00,,Inactive,=,,Inactive,=,1.00,Each,No,,,BATCH Sautéed Spinach,2.40,OZ-wt,100.0,,0.2545,0.2545,2.7355,2.7355,,0.00,,,0.00,,0.00,
MI Cater2Me Tikka Chance On Me,1.00,Each,1.00,Each,1.00,,Inactive,=,,Inactive,=,1.00,Each,No,,,BATCH Chicken Tikka Cooked New,4.00,OZ-wt,100.0,,0.5795,0.5795,2.7355,2.7355,,0.00,,,0.00,,0.00,
MI Cater2Me Tikka Chance On Me,1.00,Each,1.00,Each,1.00,,Inactive,=,,Inactive,=,1.00,Each,No,,,BATCH Basmati Rice,7.30,OZ-wt,100.0,,0.1849,0.1849,2.7355,2.7355,,0.00,,,0.00,,0.00,
MI Cater2Me Tikka Chance On Me,1.00,Each,1.00,Each,1.00,,Inactive,=,,Inactive,=,1.00,Each,No,,,BATCH Mint Cilantro Chutney,1.00,OZ-fl,100.0,,0.1854,0.1854,2.7355,2.7355,,0.00,,,0.00,,0.00,
MI Cater2Me Tikka Chance On Me,1.00,Each,1.00,Each,1.00,,Inactive,=,,Inactive,=,1.00,Each,No,,,BATCH Toasted Cumin Yogurt,1.00,OZ-fl,100.0,,0.0890,0.0890,2.7355,2.7355,,0.00,,,0.00,,0.00,
MI Cater2Me Tikka Chance On Me Salad,1.00,Each,1.00,Each,1.00,,Inactive,=,,Inactive,=,1.00,Each,No,,,EVERMADE Tomato Garlic Sauce,4.00,OZ-fl,100.0,,0.7524,0.7524,3.3027,3.3027,,0.00,,,0.00,,0.00,
MI Cater2Me Tikka Chance On Me Salad,1.00,Each,1.00,Each,1.00,,Inactive,=,,Inactive,=,1.00,Each,No,,,"Lettuce, Arcadian",3.80,OZ-wt,100.0,,0.7521,0.7521,3.3027,3.3027,,0.00,,,0.00,,0.00,
MI Cater2Me Tikka Chance On Me Salad,1.00,Each,1.00,Each,1.00,,Inactive,=,,Inactive,=,1.00,Each,No,,,MI To Go Bowl Disposables - Online,1.00,Each,100.0,,0.6065,0.6065,3.3027,3.3027,,0.00,,,0.00,,0.00,
MI Cater2Me Tikka Chance On Me Salad,1.00,Each,1.00,Each,1.00,,Inactive,=,,Inactive,=,1.00,Each,No,,,BATCH Pickled Onions,0.50,OZ-wt,100.0,,0.0425,0.0425,3.3027,3.3027,,0.00,,,0.00,,0.00,
MI Cater2Me Tikka Chance On Me Salad,1.00,Each,1.00,Each,1.00,,Inactive,=,,Inactive,=,1.00,Each,No,,,BATCH Kachumber Salad,0.50,OZ-wt,100.0,,0.0408,0.0408,3.3027,3.3027,,0.00,,,0.00,,0.00,
MI Cater2Me Tikka Chance On Me Salad,1.00,Each,1.00,Each,1.00,,Inactive,=,,Inactive,=,1.00,Each,No,,,BATCH Sautéed Spinach,2.40,OZ-wt,100.0,,0.2545,0.2545,3.3027,3.3027,,0.00,,,0.00,,0.00,
MI Cater2Me Tikka Chance On Me Salad,1.00,Each,1.00,Each,1.00,,Inactive,=,,Inactive,=,1.00,Each,No,,,BATCH Chicken Tikka Cooked New,4.00,OZ-wt,100.0,,0.5795,0.5795,3.3027,3.3027,,0.00,,,0.00,,0.00,
MI Cater2Me Tikka Chance On Me Salad,1.00,Each,1.00,Each,1.00,,Inactive,=,,Inactive,=,1.00,Each,No,,,BATCH Mint Cilantro Chutney,1.00,OZ-fl,100.0,,0.1854,0.1854,3.3027,3.3027,,0.00,,,0.00,,0.00,
MI Cater2Me Tikka Chance On Me Salad,1.00,Each,1.00,Each,1.00,,Inactive,=,,Inactive,=,1.00,Each,No,,,BATCH Toasted Cumin Yogurt,1.00,OZ-fl,100.0,,0.0890,0.0890,3.3027,3.3027,,0.00,,,0.00,,0.00,
MI Catering Aloo Gobhi Tray,1.00,Each,1.00,Each,1.00,,Inactive,=,,Inactive,=,1.00,Each,No,,,MI Catering Tray Disposables,1.00,Each,100.0,,1.0636,1.0636,14.0465,14.0465,,,,,,,,
MI Catering Aloo Gobhi Tray,1.00,Each,1.00,Each,1.00,,Inactive,=,,Inactive,=,1.00,Each,No,,,BATCH Cauliflower + Potato Cooked,1.81,kg,100.0,,12.9829,12.9829,14.0465,14.0465,,,,,,,,
MI Catering Budgeting Test,1.00,Each,1.00,Each,1.00,,Inactive,=,,Inactive,=,1.00,Each,No,,,BATCH Lamb Kebab Meatballs Cooked,300.00,Each,100.0,,168.3153,168.3153,"1,187.5155","1,187.5155",,,,,,,,
MI Catering Budgeting Test,1.00,Each,1.00,Each,1.00,,Inactive,=,,Inactive,=,1.00,Each,No,,,EVERMADE Sweet Tamarind,128.00,OZ-fl,100.0,,23.1791,23.1791,"1,187.5155","1,187.5155",,,,,,,,
MI Catering Budgeting Test,1.00,Each,1.00,Each,1.00,,Inactive,=,,Inactive,=,1.00,Each,No,,,EVERMADE Coconut Ginger Sauce,192.00,OZ-fl,100.0,,38.3921,38.3921,"1,187.5155","1,187.5155",,,,,,,,
MI Catering Budgeting Test,1.00,Each,1.00,Each,1.00,,Inactive,=,,Inactive,=,1.00,Each,No,,,EVERMADE Tamarind Chili Sauce,192.00,OZ-fl,100.0,,33.5829,33.5829,"1,187.5155","1,187.5155",,,,,,,,
MI Catering Budgeting Test,1.00,Each,1.00,Each,1.00,,Inactive,=,,Inactive,=,1.00,Each,No,,,EVERMADE Tomato Garlic Sauce,192.00,OZ-fl,100.0,,36.1133,36.1133,"1,187.5155","1,187.5155",,,,,,,,
MI Catering Budgeting Test,1.00,Each,1.00,Each,1.00,,Inactive,=,,Inactive,=,1.00,Each,No,,,"Bowl, 32oz",150.00,Each,100.0,,22.5000,22.5000,"1,187.5155","1,187.5155",,,,,,,,
MI Catering Budgeting Test,1.00,Each,1.00,Each,1.00,,Inactive,=,,Inactive,=,1.00,Each,No,,,BATCH Kachumber Salad,5.60,lb,100.0,,7.3165,7.3165,"1,187.5155","1,187.5155",,,,,,,,
MI Catering Budgeting Test,1.00,Each,1.00,Each,1.00,,Inactive,=,,Inactive,=,1.00,Each,No,,,BATCH Mango Salsa,5.60,lb,100.0,,58.9718,58.9718,"1,187.5155","1,187.5155",,,,,,,,
MI Catering Budgeting Test,1.00,Each,1.00,Each,1.00,,Inactive,=,,Inactive,=,1.00,Each,No,,,BATCH Pickled Onions,6.00,lb,100.0,,8.1513,8.1513,"1,187.5155","1,187.5155",,,,,,,,
MI Catering Budgeting Test,1.00,Each,1.00,Each,1.00,,Inactive,=,,Inactive,=,1.00,Each,No,,,"Lettuce, Arcadian",8.00,lb,100.0,,25.3333,25.3333,"1,187.5155","1,187.5155",,,,,,,,
MI Catering Budgeting Test,1.00,Each,1.00,Each,1.00,,Inactive,=,,Inactive,=,1.00,Each,No,,,BATCH Sautéed Spinach,18.80,lb,100.0,,31.8959,31.8959,"1,187.5155","1,187.5155",,,,,,,,
MI Catering Budgeting Test,1.00,Each,1.00,Each,1.00,,Inactive,=,,Inactive,=,1.00,Each,No,,,BATCH Eggplant Cooked,18.80,lb,100.0,,58.2781,58.2781,"1,187.5155","1,187.5155",,,,,,,,
MI Catering Budgeting Test,1.00,Each,1.00,Each,1.00,,Inactive,=,,Inactive,=,1.00,Each,No,,,BATCH Spiced Chickpeas,18.80,lb,100.0,,13.3641,13.3641,"1,187.5155","1,187.5155",,,,,,,,
MI Catering Budgeting Test,1.00,Each,1.00,Each,1.00,,Inactive,=,,Inactive,=,1.00,Each,No,,,BATCH Harvest Vegetables Cooked,25.30,lb,100.0,,112.6283,112.6283,"1,187.5155","1,187.5155",,,,,,,,
MI Catering Budgeting Test,1.00,Each,1.00,Each,1.00,,Inactive,=,,Inactive,=,1.00,Each,No,,,BATCH Chicken Tikka Cooked New,27.80,lb,100.0,,64.4424,64.4424,"1,187.5155","1,187.5155",,,,,,,,
MI Catering Budgeting Test,1.00,Each,1.00,Each,1.00,,Inactive,=,,Inactive,=,1.00,Each,No,,,BATCH Basmati Rice,36.40,lb,100.0,,14.7477,14.7477,"1,187.5155","1,187.5155",,,,,,,,
MI Catering Budgeting Test,1.00,Each,1.00,Each,1.00,,Inactive,=,,Inactive,=,1.00,Each,No,,,BATCH Lemon Turmeric Rice,36.40,lb,100.0,,17.8168,17.8168,"1,187.5155","1,187.5155",,,,,,,,
MI Catering Budgeting Test,1.00,Each,1.00,Each,1.00,,Inactive,=,,Inactive,=,1.00,Each,No,,,"Lid, Pan Full",8.00,Each,100.0,,7.0320,7.0320,"1,187.5155","1,187.5155",,,,,,,,
MI Catering Budgeting Test,1.00,Each,1.00,Each,1.00,,Inactive,=,,Inactive,=,1.00,Each,No,,,"Cont, Deli 32oz with Lid",10.00,Each,100.0,,3.4296,3.4296,"1,187.5155","1,187.5155",,,,,,,,
MI Catering Budgeting Test,1.00,Each,1.00,Each,1.00,,Inactive,=,,Inactive,=,1.00,Each,No,,,"Lid, Pan Third",12.00,Each,100.0,,4.7970,4.7970,"1,187.5155","1,187.5155",,,,,,,,
MI Catering Budgeting Test,1.00,Each,1.00,Each,1.00,,Inactive,=,,Inactive,=,1.00,Each,No,,,"Pan, Third",12.00,Each,100.0,,7.7970,7.7970,"1,187.5155","1,187.5155",,,,,,,,
MI Catering Budgeting Test,1.00,Each,1.00,Each,1.00,,Inactive,=,,Inactive,=,1.00,Each,No,,,"Pan, Half",18.00,Each,100.0,,9.8910,9.8910,"1,187.5155","1,187.5155",,,,,,,,
MI Catering Budgeting Test,1.00,Each,1.00,Each,1.00,,Inactive,=,,Inactive,=,1.00,Each,No,,,"Lid, Pan Half",18.00,Each,100.0,,6.5682,6.5682,"1,187.5155","1,187.5155",,,,,,,,
MI Catering Budgeting Test,1.00,Each,1.00,Each,1.00,,Inactive,=,,Inactive,=,1.00,Each,No,,,"Pan, Full",28.00,Each,100.0,,44.7720,44.7720,"1,187.5155","1,187.5155",,,,,,,,
MI Catering Budgeting Test,1.00,Each,1.00,Each,1.00,,Inactive,=,,Inactive,=,1.00,Each,No,,,MI Naan,40.00,Each,100.0,,37.2500,37.2500,"1,187.5155","1,187.5155",,,,,,,,
MI Catering Budgeting Test,1.00,Each,1.00,Each,1.00,,Inactive,=,,Inactive,=,1.00,Each,No,,,MI Garlic Naan,40.00,Each,100.0,,42.7220,42.7220,"1,187.5155","1,187.5155",,,,,,,,
MI Catering Budgeting Test,1.00,Each,1.00,Each,1.00,,Inactive,=,,Inactive,=,1.00,Each,No,,,"Fork, Plastic",150.00,Each,100.0,,5.2425,5.2425,"1,187.5155","1,187.5155",,,,,,,,
MI Catering Budgeting Test,1.00,Each,1.00,Each,1.00,,Inactive,=,,Inactive,=,1.00,Each,No,,,MI Indian Yogurt,150.00,Each,100.0,,142.1531,142.1531,"1,187.5155","1,187.5155",,,,,,,,
MI Catering Budgeting Test,1.00,Each,1.00,Each,1.00,,Inactive,=,,Inactive,=,1.00,Each,No,,,Samosa,200.00,Each,100.0,,59.8000,59.8000,"1,187.5155","1,187.5155",,,,,,,,
MI Catering Budgeting Test,1.00,Each,1.00,Each,1.00,,Inactive,=,,Inactive,=,1.00,Each,No,,,BATCH Masala Chai Cookies,200.00,Each,100.0,,29.6382,29.6382,"1,187.5155","1,187.5155",,,,,,,,
MI Catering Budgeting Test,1.00,Each,1.00,Each,1.00,,Inactive,=,,Inactive,=,1.00,Each,No,,,Napkins,300.00,Each,100.0,,2.4975,2.4975,"1,187.5155","1,187.5155",,,,,,,,
MI Catering Budgeting Test,1.00,Each,1.00,Each,1.00,,Inactive,=,,Inactive,=,1.00,Each,No,,,MOBYS Mango Coconut Yogurt,64.00,OZ-fl,100.0,,14.6894,14.6894,"1,187.5155","1,187.5155",,,,,,,,
MI Catering Budgeting Test,1.00,Each,1.00,Each,1.00,,Inactive,=,,Inactive,=,1.00,Each,No,,,MOBYS Coriander Chili Chutney,64.00,OZ-fl,100.0,,16.6474,16.6474,"1,187.5155","1,187.5155",,,,,,,,
MI Catering Budgeting Test,1.00,Each,1.00,Each,1.00,,Inactive,=,,Inactive,=,1.00,Each,No,,,BATCH Mint Cilantro Chutney,64.00,OZ-fl,100.0,,11.8643,11.8643,"1,187.5155","1,187.5155",,,,,,,,
MI Catering Budgeting Test,1.00,Each,1.00,Each,1.00,,Inactive,=,,Inactive,=,1.00,Each,No,,,BATCH Toasted Cumin Yogurt,64.00,OZ-fl,100.0,,5.6954,5.6954,"1,187.5155","1,187.5155",,,,,,,,
MI Catering Butter Chicken Tray,1.00,Each,1.00,Each,1.00,,Inactive,=,,Inactive,=,1.00,Each,No,,,MI Catering Tray Disposables,1.00,Each,100.0,,1.0636,1.0636,14.3620,14.3620,,,,,,,,
MI Catering Butter Chicken Tray,1.00,Each,1.00,Each,1.00,,Inactive,=,,Inactive,=,1.00,Each,No,,,BATCH Chicken Tikka Cooked New,1.13,kg,100.0,,5.7748,5.7748,14.3620,14.3620,,,,,,,,
MI Catering Butter Chicken Tray,1.00,Each,1.00,Each,1.00,,Inactive,=,,Inactive,=,1.00,Each,No,,,EVERMADE Tomato Garlic Sauce,40.00,OZ-fl,100.0,,7.5236,7.5236,14.3620,14.3620,,,,,,,,
MI Catering Chicken Curry Tray,1.00,Each,1.00,Each,1.00,,Inactive,=,,Inactive,=,1.00,Each,No,,,MI Catering Tray Disposables,1.00,Each,100.0,,1.0636,1.0636,13.8348,13.8348,,,,,,,,
MI Catering Chicken Curry Tray,1.00,Each,1.00,Each,1.00,,Inactive,=,,Inactive,=,1.00,Each,No,,,EVERMADE Tamarind Chili Sauce,40.00,OZ-fl,100.0,,6.9964,6.9964,13.8348,13.8348,,,,,,,,
MI Catering Chicken Curry Tray,1.00,Each,1.00,Each,1.00,,Inactive,=,,Inactive,=,1.00,Each,No,,,BATCH Chicken Tikka Cooked New,1.13,kg,100.0,,5.7748,5.7748,13.8348,13.8348,,,,,,,,
MI Catering Chicken Tikka Masala Tray,1.00,Each,1.00,Each,1.00,,Inactive,=,,Inactive,=,1.00,Each,No,,,MI Catering Tray Disposables,1.00,Each,100.0,,1.0636,1.0636,14.1987,14.1987,,,,,,,,
MI Catering Chicken Tikka Masala Tray,1.00,Each,1.00,Each,1.00,,Inactive,=,,Inactive,=,1.00,Each,No,,,BATCH Tikka Masala Sauce,40.00,OZ-fl,100.0,,7.3603,7.3603,14.1987,14.1987,,,,,,,,
MI Catering Chicken Tikka Masala Tray,1.00,Each,1.00,Each,1.00,,Inactive,=,,Inactive,=,1.00,Each,No,,,BATCH Chicken Tikka Cooked New,1.13,kg,100.0,,5.7748,5.7748,14.1987,14.1987,,,,,,,,
MI Catering Coconut Vegetable Curry Tray,1.00,Each,1.00,Each,1.00,,Inactive,=,,Inactive,=,1.00,Each,No,,,MI Catering Tray Disposables,1.00,Each,100.0,,1.0636,1.0636,21.9188,21.9188,,,,,,,,
MI Catering Coconut Vegetable Curry Tray,1.00,Each,1.00,Each,1.00,,Inactive,=,,Inactive,=,1.00,Each,No,,,BATCH Harvest Vegetables Cooked,1.31,kg,100.0,,12.8568,12.8568,21.9188,21.9188,,,,,,,,
MI Catering Coconut Vegetable Curry Tray,1.00,Each,1.00,Each,1.00,,Inactive,=,,Inactive,=,1.00,Each,No,,,EVERMADE Coconut Ginger Sauce,40.00,OZ-fl,100.0,,7.9984,7.9984,21.9188,21.9188,,,,,,,,
MI Catering Disposables,1.00,Each,1.00,Each,1.00,,Inactive,=,,Inactive,=,1.00,Each,No,,,Napkins,1.00,Each,100.0,,0.0083,0.0083,0.1832,0.1832,,,,,,,,
MI Catering Disposables,1.00,Each,1.00,Each,1.00,,Inactive,=,,Inactive,=,1.00,Each,No,,,"Fork, Plastic",1.00,Each,100.0,,0.0350,0.0350,0.1832,0.1832,,,,,,,,
MI Catering Disposables,1.00,Each,1.00,Each,1.00,,Inactive,=,,Inactive,=,1.00,Each,No,,,"Bowl, 16oz",1.00,Each,100.0,,0.1399,0.1399,0.1832,0.1832,,,,,,,,
MI Catering Lamb Kofta Korma Tray,1.00,Each,1.00,Each,1.00,,Inactive,=,,Inactive,=,1.00,Each,No,,,MI Catering Tray Disposables,1.00,Each,100.0,,1.0636,1.0636,27.7533,27.7533,,,,,,,,
MI Catering Lamb Kofta Korma Tray,1.00,Each,1.00,Each,1.00,,Inactive,=,,Inactive,=,1.00,Each,No,,,BATCH Lamb Kebab Meatballs Cooked,40.00,CT,100.0,,22.4420,22.4420,27.7533,27.7533,,,,,,,,
MI Catering Lamb Kofta Korma Tray,1.00,Each,1.00,Each,1.00,,Inactive,=,,Inactive,=,1.00,Each,No,,,EVERMADE Peanut Sesame Sauce,32.00,OZ-fl,100.0,,4.2477,4.2477,27.7533,27.7533,,,,,,,,
MI Catering Paneer Butter Masala Tray,1.00,Each,1.00,Each,1.00,,Inactive,=,,Inactive,=,1.00,Each,No,,,MI Catering Tray Disposables,1.00,Each,100.0,,1.0636,1.0636,18.7676,18.7676,,,,,,,,
MI Catering Paneer Butter Masala Tray,1.00,Each,1.00,Each,1.00,,Inactive,=,,Inactive,=,1.00,Each,No,,,BATCH Tandoori Paneer Cooked,40.00,Each,100.0,,10.1804,10.1804,18.7676,18.7676,,,,,,,,
MI Catering Paneer Butter Masala Tray,1.00,Each,1.00,Each,1.00,,Inactive,=,,Inactive,=,1.00,Each,No,,,EVERMADE Tomato Garlic Sauce,40.00,OZ-fl,100.0,,7.5236,7.5236,18.7676,18.7676,,,,,,,,
MI Catering Paneer Tikka Masala Tray,1.00,Each,1.00,Each,1.00,,Inactive,=,,Inactive,=,1.00,Each,No,,,MI Catering Tray Disposables,1.00,Each,100.0,,1.0636,1.0636,18.6043,18.6043,,,,,,,,
MI Catering Paneer Tikka Masala Tray,1.00,Each,1.00,Each,1.00,,Inactive,=,,Inactive,=,1.00,Each,No,,,BATCH Tikka Masala Sauce,40.00,OZ-fl,100.0,,7.3603,7.3603,18.6043,18.6043,,,,,,,,
MI Catering Paneer Tikka Masala Tray,1.00,Each,1.00,Each,1.00,,Inactive,=,,Inactive,=,1.00,Each,No,,,BATCH Tandoori Paneer Cooked,40.00,Each,100.0,,10.1804,10.1804,18.6043,18.6043,,,,,,,,
MI Catering Saag Chole Tray,1.00,Each,1.00,Each,1.00,,Inactive,=,,Inactive,=,1.00,Each,No,,,MI Catering Tray Disposables,1.00,Each,100.0,,1.0636,1.0636,5.2472,5.2472,,,,,,,,
MI Catering Saag Chole Tray,1.00,Each,1.00,Each,1.00,,Inactive,=,,Inactive,=,1.00,Each,No,,,BATCH Chickpeas Cooked,0.91,kg,100.0,,0.7799,0.7799,5.2472,5.2472,,,,,,,,
MI Catering Saag Chole Tray,1.00,Each,1.00,Each,1.00,,Inactive,=,,Inactive,=,1.00,Each,No,,,BATCH Sautéed Spinach,0.91,kg,100.0,,3.4037,3.4037,5.2472,5.2472,,,,,,,,
MI Catering Saag Paneer Tray,1.00,Each,1.00,Each,1.00,,Inactive,=,,Inactive,=,1.00,Each,No,,,MI Catering Tray Disposables,1.00,Each,100.0,,1.0636,1.0636,17.1911,17.1911,,,,,,,,
MI Catering Saag Paneer Tray,1.00,Each,1.00,Each,1.00,,Inactive,=,,Inactive,=,1.00,Each,No,,,BATCH Sautéed Spinach,0.91,kg,100.0,,3.4037,3.4037,17.1911,17.1911,,,,,,,,
MI Catering Saag Paneer Tray,1.00,Each,1.00,Each,1.00,,Inactive,=,,Inactive,=,1.00,Each,No,,,BATCH Sautéed Spinach,0.68,kg,100.0,,2.5434,2.5434,17.1911,17.1911,,,,,,,,
MI Catering Saag Paneer Tray,1.00,Each,1.00,Each,1.00,,Inactive,=,,Inactive,=,1.00,Each,No,,,BATCH Tandoori Paneer Cooked,40.00,Each,100.0,,10.1804,10.1804,17.1911,17.1911,,,,,,,,
MI Catering Tray Disposables,1.00,Each,1.00,Each,1.00,,Inactive,=,,Inactive,=,1.00,Each,No,,,"Catering, Spoon",1.00,Each,100.0,,0.1492,0.1492,1.0636,1.0636,,,,,,,,
MI Catering Tray Disposables,1.00,Each,1.00,Each,1.00,,Inactive,=,,Inactive,=,1.00,Each,No,,,"Pan, Half",1.00,Each,100.0,,0.5495,0.5495,1.0636,1.0636,,,,,,,,
MI Catering Tray Disposables,1.00,Each,1.00,Each,1.00,,Inactive,=,,Inactive,=,1.00,Each,No,,,"Lid, Pan Half",1.00,Each,100.0,,0.3649,0.3649,1.0636,1.0636,,,,,,,,
MI Catering Utensils,1.00,Each,1.00,Each,1.00,,Inactive,=,,Inactive,=,1.00,Each,No,,,Napkins,3.00,Each,100.0,,0.0250,0.0250,0.0950,0.0950,,,,,,,,
MI Catering Utensils,1.00,Each,1.00,Each,1.00,,Inactive,=,,Inactive,=,1.00,Each,No,,,"Knife, Plastic",1.00,Each,100.0,,0.0350,0.0350,0.0950,0.0950,,,,,,,,
MI Catering Utensils,1.00,Each,1.00,Each,1.00,,Inactive,=,,Inactive,=,1.00,Each,No,,,"Fork, Plastic",1.00,Each,100.0,,0.0350,0.0350,0.0950,0.0950,,,,,,,,
MI Caul Me Maybe - In House,1.00,Each,1.00,Each,1.00,,Inactive,=,,Inactive,=,1.00,Each,No,,,EVERMADE Peanut Sesame Sauce,4.00,OZ-fl,100.0,,0.5310,0.5310,2.7254,2.7254,,0.00,,,0.00,,0.00,
MI Caul Me Maybe - In House,1.00,Each,1.00,Each,1.00,,Inactive,=,,Inactive,=,1.00,Each,No,,,MOBYS Coriander Chili Chutney,1.00,OZ-wt,100.0,,0.2262,0.2262,2.7254,2.7254,,0.00,,,0.00,,0.00,
MI Caul Me Maybe - In House,1.00,Each,1.00,Each,1.00,,Inactive,=,,Inactive,=,1.00,Each,No,,,MI To Go Bowl Disposables - In House,1.00,Each,100.0,,0.4878,0.4878,2.7254,2.7254,,0.00,,,0.00,,0.00,
MI Caul Me Maybe - In House,1.00,Each,1.00,Each,1.00,,Inactive,=,,Inactive,=,1.00,Each,No,,,YIELD Cucumber Chopped,0.50,OZ-wt,100.0,,0.0161,0.0161,2.7254,2.7254,,0.00,,,0.00,,0.00,
MI Caul Me Maybe - In House,1.00,Each,1.00,Each,1.00,,Inactive,=,,Inactive,=,1.00,Each,No,,,BATCH Lemon Turmeric Rice,7.30,OZ-wt,100.0,,0.2233,0.2233,2.7254,2.7254,,0.00,,,0.00,,0.00,
MI Caul Me Maybe - In House,1.00,Each,1.00,Each,1.00,,Inactive,=,,Inactive,=,1.00,Each,No,,,BATCH Tofu Cauliflower Cooked,4.00,OZ-fl,100.0,,0.8804,0.8804,2.7254,2.7254,,0.00,,,0.00,,0.00,
MI Caul Me Maybe - In House,1.00,Each,1.00,Each,1.00,,Inactive,=,,Inactive,=,1.00,Each,No,,,BATCH Sautéed Spinach,2.40,OZ-wt,100.0,,0.2545,0.2545,2.7254,2.7254,,0.00,,,0.00,,0.00,
MI Caul Me Maybe - In House,1.00,Each,1.00,Each,1.00,,Inactive,=,,Inactive,=,1.00,Each,No,,,"Seed, Sunflower",0.05,OZ-wt,100.0,,0.0094,0.0094,2.7254,2.7254,,0.00,,,0.00,,0.00,
MI Caul Me Maybe - In House,1.00,Each,1.00,Each,1.00,,Inactive,=,,Inactive,=,1.00,Each,No,,,BATCH Masala Beets,0.50,OZ-wt,100.0,,0.0967,0.0967,2.7254,2.7254,,0.00,,,0.00,,0.00,
MI Caul Me Maybe - Online,1.00,Each,1.00,Each,1.00,,Inactive,=,,Inactive,=,1.00,Each,No,,,MI To Go Bowl Disposables - Online,1.00,Each,100.0,,0.6065,0.6065,0.6065,0.6065,,0.00,,,0.00,,0.00,
MI Cauliflower + Potato,1.00,Each,1.00,Each,1.00,,Inactive,=,,Inactive,=,1.00,Each,No,,,BATCH Cauliflower + Potato Cooked,4.00,OZ-wt,100.0,,0.8134,0.8134,0.8134,0.8134,,0.00,,,0.00,,0.00,
MI Cauliflower + Potato - Catering - Additional Item,1.00,Each,1.00,Each,1.00,,Inactive,=,,Inactive,=,1.00,Each,No,,,BATCH Cauliflower + Potato Cooked,50.00,OZ-wt,100.0,,10.1674,10.1674,11.2170,11.2170,,0.00,,,0.00,,0.00,
MI Cauliflower + Potato - Catering - Additional Item,1.00,Each,1.00,Each,1.00,,Inactive,=,,Inactive,=,1.00,Each,No,,,"Pan, Third",1.00,Each,100.0,,0.6498,0.6498,11.2170,11.2170,,0.00,,,0.00,,0.00,
MI Cauliflower + Potato - Catering - Additional Item,1.00,Each,1.00,Each,1.00,,Inactive,=,,Inactive,=,1.00,Each,No,,,"Lid, Pan Third",1.00,Each,100.0,,0.3998,0.3998,11.2170,11.2170,,0.00,,,0.00,,0.00,
MI Cauliflower + Potato - Classic,1.00,Each,1.00,Each,1.00,,Inactive,=,,Inactive,=,1.00,Each,No,,,BATCH Cauliflower + Potato Cooked,2.14,OZ-wt,100.0,,0.4352,0.4352,0.4352,0.4352,,0.00,,,0.00,,0.00,
MI Cauliflower + Potato - Desi Deluxe,1.00,Each,1.00,Each,1.00,,Inactive,=,,Inactive,=,1.00,Each,No,,,BATCH Cauliflower + Potato Cooked,2.00,OZ-wt,100.0,,0.4067,0.4067,0.4067,0.4067,,0.00,,,0.00,,0.00,
MI Cauliflower + Potato - Kids,1.00,Each,1.00,Each,1.00,,Inactive,=,,Inactive,=,1.00,Each,No,,,BATCH Cauliflower + Potato Cooked,2.00,OZ-wt,100.0,,0.4067,0.4067,0.4067,0.4067,,0.00,,,0.00,,0.00,
MI Cauliflower + Potato - Party Pack,1.00,Each,1.00,Each,1.00,,Inactive,=,,Inactive,=,1.00,Each,No,,,BATCH Cauliflower + Potato Cooked,2.50,OZ-wt,100.0,,0.5084,0.5084,0.5084,0.5084,,0.00,,,0.00,,0.00,
MI Cauliflower + Potato - Side,1.00,Each,1.00,Each,1.00,,Inactive,=,,Inactive,=,1.00,Each,No,,,BATCH Cauliflower + Potato Cooked,5.00,OZ-wt,100.0,,1.0167,1.0167,1.1367,1.1367,,0.00,,,0.00,,0.00,
MI Cauliflower + Potato - Side,1.00,Each,1.00,Each,1.00,,Inactive,=,,Inactive,=,1.00,Each,No,,,"Lid, Cup Soup",1.00,Each,100.0,,0.0550,0.0550,1.1367,1.1367,,0.00,,,0.00,,0.00,
MI Cauliflower + Potato - Side,1.00,Each,1.00,Each,1.00,,Inactive,=,,Inactive,=,1.00,Each,No,,,"Cup, Soup",1.00,Each,100.0,,0.0650,0.0650,1.1367,1.1367,,0.00,,,0.00,,0.00,
MI Charred Eggplant,1.00,Each,1.00,Each,1.00,,Inactive,=,,Inactive,=,1.00,Each,No,,,BATCH Eggplant Cooked,1.50,OZ-wt,100.0,,0.2906,0.2906,0.2906,0.2906,,0.00,,,0.00,,0.00,
MI Charred Eggplant - Catering - Additional Item,1.00,Each,1.00,Each,1.00,,Inactive,=,,Inactive,=,1.00,Each,No,,,"Pan, Third",1.00,Each,100.0,,0.6498,0.6498,8.3150,8.3150,,0.00,,,0.00,,0.00,
MI Charred Eggplant - Catering - Additional Item,1.00,Each,1.00,Each,1.00,,Inactive,=,,Inactive,=,1.00,Each,No,,,"Lid, Pan Third",1.00,Each,100.0,,0.3998,0.3998,8.3150,8.3150,,0.00,,,0.00,,0.00,
MI Charred Eggplant - Catering - Additional Item,1.00,Each,1.00,Each,1.00,,Inactive,=,,Inactive,=,1.00,Each,No,,,BATCH Eggplant Cooked,37.50,OZ-wt,100.0,,7.2654,7.2654,8.3150,8.3150,,0.00,,,0.00,,0.00,
MI Charred Eggplant - Classic,1.00,Each,1.00,Each,1.00,,Inactive,=,,Inactive,=,1.00,Each,No,,,BATCH Eggplant Cooked,1.07,OZ-wt,100.0,,0.2073,0.2073,0.2073,0.2073,,0.00,,,0.00,,0.00,
MI Charred Eggplant - Desi Deluxe,1.00,Each,1.00,Each,1.00,,Inactive,=,,Inactive,=,1.00,Each,No,,,BATCH Eggplant Cooked,1.00,OZ-wt,100.0,,0.1937,0.1937,0.1937,0.1937,,0.00,,,0.00,,0.00,
MI Charred Eggplant - Party Pack,1.00,Each,1.00,Each,1.00,,Inactive,=,,Inactive,=,1.00,Each,No,,,BATCH Eggplant Cooked,1.25,OZ-wt,100.0,,0.2422,0.2422,0.2422,0.2422,,0.00,,,0.00,,0.00,
MI Charred Eggplant - Side,1.00,Each,1.00,Each,1.00,,Inactive,=,,Inactive,=,1.00,Each,No,,,"Lid, Cup Soup",1.00,Each,100.0,,0.0550,0.0550,0.8950,0.8950,,0.00,,,0.00,,0.00,
MI Charred Eggplant - Side,1.00,Each,1.00,Each,1.00,,Inactive,=,,Inactive,=,1.00,Each,No,,,"Cup, Soup",1.00,Each,100.0,,0.0650,0.0650,0.8950,0.8950,,0.00,,,0.00,,0.00,
MI Charred Eggplant - Side,1.00,Each,1.00,Each,1.00,,Inactive,=,,Inactive,=,1.00,Each,No,,,BATCH Eggplant Cooked,4.00,OZ-wt,100.0,,0.7750,0.7750,0.8950,0.8950,,0.00,,,0.00,,0.00,
MI Chicken Tikka,1.00,Each,1.00,Each,1.00,,Inactive,=,,Inactive,=,1.00,Each,No,,,BATCH Chicken Tikka Cooked New,4.00,OZ-wt,100.0,,0.5795,0.5795,0.5795,0.5795,,0.00,,,0.00,,0.00,
MI Chicken Tikka - Catering - Additional Item,1.00,Each,1.00,Each,1.00,,Inactive,=,,Inactive,=,1.00,Each,No,,,"Pan, Third",1.00,Each,100.0,,0.6498,0.6498,9.0179,9.0179,,0.00,,,0.00,,0.00,
MI Chicken Tikka - Catering - Additional Item,1.00,Each,1.00,Each,1.00,,Inactive,=,,Inactive,=,1.00,Each,No,,,"Lid, Pan Third",1.00,Each,100.0,,0.3998,0.3998,9.0179,9.0179,,0.00,,,0.00,,0.00,
MI Chicken Tikka - Catering - Additional Item,1.00,Each,1.00,Each,1.00,,Inactive,=,,Inactive,=,1.00,Each,No,,,BATCH Chicken Tikka Cooked New,55.00,OZ-wt,100.0,,7.9683,7.9683,9.0179,9.0179,,0.00,,,0.00,,0.00,
MI Chicken Tikka - Classic,1.00,Each,1.00,Each,1.00,,Inactive,=,,Inactive,=,1.00,Each,No,,,BATCH Chicken Tikka Cooked New,2.41,OZ-wt,100.0,,0.3492,0.3492,0.3492,0.3492,,0.00,,,0.00,,0.00,
MI Chicken Tikka - Desi Deluxe,1.00,Each,1.00,Each,1.00,,Inactive,=,,Inactive,=,1.00,Each,No,,,BATCH Chicken Tikka Cooked New,2.29,OZ-wt,100.0,,0.3318,0.3318,0.3318,0.3318,,0.00,,,0.00,,0.00,
MI Chicken Tikka - Kids,1.00,Each,1.00,Each,1.00,,Inactive,=,,Inactive,=,1.00,Each,No,,,BATCH Chicken Tikka Cooked New,2.00,OZ-wt,100.0,,0.2898,0.2898,0.2898,0.2898,,0.00,,,0.00,,0.00,
MI Chicken Tikka - Party Pack,1.00,Each,1.00,Each,1.00,,Inactive,=,,Inactive,=,1.00,Each,No,,,BATCH Chicken Tikka Cooked New,2.75,OZ-wt,100.0,,0.3984,0.3984,0.3984,0.3984,,0.00,,,0.00,,0.00,
MI Chicken Tikka + Avocado Salad - Catering,1.00,Each,1.00,Each,1.00,,Inactive,=,,Inactive,=,1.00,Each,No,,,BATCH Roasted Lentils,0.05,OZ-wt,100.0,,0.0078,0.0078,2.9110,2.9110,,0.00,,,0.00,,0.00,
MI Chicken Tikka + Avocado Salad - Catering,1.00,Each,1.00,Each,1.00,,Inactive,=,,Inactive,=,1.00,Each,No,,,MI To Go Bowl Disposables - Online,1.00,Each,100.0,,0.6065,0.6065,2.9110,2.9110,,0.00,,,0.00,,0.00,
MI Chicken Tikka + Avocado Salad - Catering,1.00,Each,1.00,Each,1.00,,Inactive,=,,Inactive,=,1.00,Each,No,,,BATCH Toasted Cumin Yogurt,1.00,OZ-fl,100.0,,0.0890,0.0890,2.9110,2.9110,,0.00,,,0.00,,0.00,
MI Chicken Tikka + Avocado Salad - Catering,1.00,Each,1.00,Each,1.00,,Inactive,=,,Inactive,=,1.00,Each,No,,,BATCH Kokum Vinaigrette,1.00,OZ-fl,100.0,,0.0814,0.0814,2.9110,2.9110,,0.00,,,0.00,,0.00,
MI Chicken Tikka + Avocado Salad - Catering,1.00,Each,1.00,Each,1.00,,Inactive,=,,Inactive,=,1.00,Each,No,,,Avocado,0.50,Each,100.0,,0.3568,0.3568,2.9110,2.9110,,0.00,,,0.00,,0.00,
MI Chicken Tikka + Avocado Salad - Catering,1.00,Each,1.00,Each,1.00,,Inactive,=,,Inactive,=,1.00,Each,No,,,BATCH Carrot Slaw,0.50,OZ-wt,100.0,,0.0454,0.0454,2.9110,2.9110,,0.00,,,0.00,,0.00,
MI Chicken Tikka + Avocado Salad - Catering,1.00,Each,1.00,Each,1.00,,Inactive,=,,Inactive,=,1.00,Each,No,,,BATCH Kachumber Salad,0.50,OZ-wt,100.0,,0.0408,0.0408,2.9110,2.9110,,0.00,,,0.00,,0.00,
MI Chicken Tikka + Avocado Salad - Catering,1.00,Each,1.00,Each,1.00,,Inactive,=,,Inactive,=,1.00,Each,No,,,BATCH Harvest Vegetables Cooked,1.65,OZ-wt,100.0,,0.4591,0.4591,2.9110,2.9110,,0.00,,,0.00,,0.00,
MI Chicken Tikka + Avocado Salad - Catering,1.00,Each,1.00,Each,1.00,,Inactive,=,,Inactive,=,1.00,Each,No,,,BATCH Chicken Tikka Cooked New,4.00,OZ-wt,100.0,,0.5795,0.5795,2.9110,2.9110,,0.00,,,0.00,,0.00,
MI Chicken Tikka + Avocado Salad - Catering,1.00,Each,1.00,Each,1.00,,Inactive,=,,Inactive,=,1.00,Each,No,,,Arugula,0.75,OZ-wt,100.0,,0.1992,0.1992,2.9110,2.9110,,0.00,,,0.00,,0.00,
MI Chicken Tikka + Avocado Salad - Catering,1.00,Each,1.00,Each,1.00,,Inactive,=,,Inactive,=,1.00,Each,No,,,YIELD Romaine Chopped,2.85,OZ-wt,100.0,,0.4455,0.4455,2.9110,2.9110,,0.00,,,0.00,,0.00,
MI Chicken Tikka + Avocado Salad - In House,1.00,Each,1.00,Each,1.00,,Inactive,=,,Inactive,=,1.00,Each,No,,,BATCH Roasted Lentils,0.05,OZ-wt,100.0,,0.0078,0.0078,2.7923,2.7923,,0.00,,,0.00,,0.00,
MI Chicken Tikka + Avocado Salad - In House,1.00,Each,1.00,Each,1.00,,Inactive,=,,Inactive,=,1.00,Each,No,,,BATCH Toasted Cumin Yogurt,1.00,OZ-fl,100.0,,0.0890,0.0890,2.7923,2.7923,,0.00,,,0.00,,0.00,
MI Chicken Tikka + Avocado Salad - In House,1.00,Each,1.00,Each,1.00,,Inactive,=,,Inactive,=,1.00,Each,No,,,BATCH Kokum Vinaigrette,1.00,OZ-fl,100.0,,0.0814,0.0814,2.7923,2.7923,,0.00,,,0.00,,0.00,
MI Chicken Tikka + Avocado Salad - In House,1.00,Each,1.00,Each,1.00,,Inactive,=,,Inactive,=,1.00,Each,No,,,Avocado,0.50,Each,100.0,,0.3568,0.3568,2.7923,2.7923,,0.00,,,0.00,,0.00,
MI Chicken Tikka + Avocado Salad - In House,1.00,Each,1.00,Each,1.00,,Inactive,=,,Inactive,=,1.00,Each,No,,,BATCH Carrot Slaw,0.50,OZ-wt,100.0,,0.0454,0.0454,2.7923,2.7923,,0.00,,,0.00,,0.00,
MI Chicken Tikka + Avocado Salad - In House,1.00,Each,1.00,Each,1.00,,Inactive,=,,Inactive,=,1.00,Each,No,,,BATCH Kachumber Salad,0.50,OZ-wt,100.0,,0.0408,0.0408,2.7923,2.7923,,0.00,,,0.00,,0.00,
MI Chicken Tikka + Avocado Salad - In House,1.00,Each,1.00,Each,1.00,,Inactive,=,,Inactive,=,1.00,Each,No,,,BATCH Harvest Vegetables Cooked,1.65,OZ-wt,100.0,,0.4591,0.4591,2.7923,2.7923,,0.00,,,0.00,,0.00,
MI Chicken Tikka + Avocado Salad - In House,1.00,Each,1.00,Each,1.00,,Inactive,=,,Inactive,=,1.00,Each,No,,,BATCH Chicken Tikka Cooked New,4.00,OZ-wt,100.0,,0.5795,0.5795,2.7923,2.7923,,0.00,,,0.00,,0.00,
MI Chicken Tikka + Avocado Salad - In House,1.00,Each,1.00,Each,1.00,,Inactive,=,,Inactive,=,1.00,Each,No,,,Arugula,0.75,OZ-wt,100.0,,0.1992,0.1992,2.7923,2.7923,,0.00,,,0.00,,0.00,
MI Chicken Tikka + Avocado Salad - In House,1.00,Each,1.00,Each,1.00,,Inactive,=,,Inactive,=,1.00,Each,No,,,YIELD Romaine Chopped,2.85,OZ-wt,100.0,,0.4455,0.4455,2.7923,2.7923,,0.00,,,0.00,,0.00,
MI Chicken Tikka + Avocado Salad - In House,1.00,Each,1.00,Each,1.00,,Inactive,=,,Inactive,=,1.00,Each,No,,,MI To Go Bowl Disposables - In House,1.00,Each,100.0,,0.4878,0.4878,2.7923,2.7923,,0.00,,,0.00,,0.00,
MI Chicken Tikka + Avocado Salad - Online,1.00,Each,1.00,Each,1.00,,Inactive,=,,Inactive,=,1.00,Each,No,,,MI To Go Bowl Disposables - Online,1.00,Each,100.0,,0.6065,0.6065,0.6065,0.6065,,0.00,,,0.00,,0.00,
MI Chicken Tikka Bowl - In House,1.00,Each,1.00,Each,1.00,,Inactive,=,,Inactive,=,1.00,Each,No,,,BATCH Chicken Tikka Cooked New,4.00,OZ-wt,100.0,,0.5795,0.5795,2.6168,2.6168,,0.00,0 D 0 H 0 M,,0.00,,0.00,
MI Chicken Tikka Bowl - In House,1.00,Each,1.00,Each,1.00,,Inactive,=,,Inactive,=,1.00,Each,No,,,EVERMADE Tomato Garlic Sauce,4.00,OZ-fl,100.0,,0.7524,0.7524,2.6168,2.6168,,0.00,0 D 0 H 0 M,,0.00,,0.00,
MI Chicken Tikka Bowl - In House,1.00,Each,1.00,Each,1.00,,Inactive,=,,Inactive,=,1.00,Each,No,,,BATCH Sautéed Spinach,2.40,OZ-wt,100.0,,0.2545,0.2545,2.6168,2.6168,,0.00,0 D 0 H 0 M,,0.00,,0.00,
MI Chicken Tikka Bowl - In House,1.00,Each,1.00,Each,1.00,,Inactive,=,,Inactive,=,1.00,Each,No,,,BATCH Pickled Onions,0.50,OZ-wt,100.0,,0.0425,0.0425,2.6168,2.6168,,0.00,0 D 0 H 0 M,,0.00,,0.00,
MI Chicken Tikka Bowl - In House,1.00,Each,1.00,Each,1.00,,Inactive,=,,Inactive,=,1.00,Each,No,,,BATCH Kachumber Salad,0.50,OZ-wt,100.0,,0.0408,0.0408,2.6168,2.6168,,0.00,0 D 0 H 0 M,,0.00,,0.00,
MI Chicken Tikka Bowl - In House,1.00,Each,1.00,Each,1.00,,Inactive,=,,Inactive,=,1.00,Each,No,,,BATCH Mint Cilantro Chutney,1.00,OZ-fl,100.0,,0.1854,0.1854,2.6168,2.6168,,0.00,0 D 0 H 0 M,,0.00,,0.00,
MI Chicken Tikka Bowl - In House,1.00,Each,1.00,Each,1.00,,Inactive,=,,Inactive,=,1.00,Each,No,,,BATCH Toasted Cumin Yogurt,1.00,OZ-fl,100.0,,0.0890,0.0890,2.6168,2.6168,,0.00,0 D 0 H 0 M,,0.00,,0.00,
MI Chicken Tikka Bowl - In House,1.00,Each,1.00,Each,1.00,,Inactive,=,,Inactive,=,1.00,Each,No,,,BATCH Basmati Rice,7.30,OZ-wt,100.0,,0.1849,0.1849,2.6168,2.6168,,0.00,0 D 0 H 0 M,,0.00,,0.00,
MI Chicken Tikka Bowl - In House,1.00,Each,1.00,Each,1.00,,Inactive,=,,Inactive,=,1.00,Each,No,,,MI To Go Bowl Disposables - In House,1.00,Each,100.0,,0.4878,0.4878,2.6168,2.6168,,0.00,0 D 0 H 0 M,,0.00,,0.00,
MI Chicken Tikka Bowl - Online,1.00,Each,1.00,Each,1.00,,Inactive,=,,Inactive,=,1.00,Each,No,,,MI To Go Bowl Disposables - Online,1.00,Each,100.0,,0.6065,0.6065,0.6065,0.6065,,0.00,,,0.00,,0.00,
MI Chicken Tikka Burrito - In House,1.00,Each,1.00,Each,1.00,,Inactive,=,,Inactive,=,1.00,Each,No,,,EVERMADE Tomato Garlic Sauce,2.00,OZ-fl,100.0,,0.3762,0.3762,2.9115,2.9115,,0.00,,,0.00,,0.00,
MI Chicken Tikka Burrito - In House,1.00,Each,1.00,Each,1.00,,Inactive,=,,Inactive,=,1.00,Each,No,,,"Bread, Wrap 12""",1.00,Wrap-3.7oz-wt,100.0,,0.7074,0.7074,2.9115,2.9115,,0.00,,,0.00,,0.00,
MI Chicken Tikka Burrito - In House,1.00,Each,1.00,Each,1.00,,Inactive,=,,Inactive,=,1.00,Each,No,,,MI To Go Burrito Disposables - In House,1.00,Each,100.0,,0.2073,0.2073,2.9115,2.9115,,0.00,,,0.00,,0.00,
MI Chicken Tikka Burrito - In House,1.00,Each,1.00,Each,1.00,,Inactive,=,,Inactive,=,1.00,Each,No,,,BATCH Shredded Paneer,1.00,OZ-wt,100.0,,0.2073,0.2073,2.9115,2.9115,,0.00,,,0.00,,0.00,
MI Chicken Tikka Burrito - In House,1.00,Each,1.00,Each,1.00,,Inactive,=,,Inactive,=,1.00,Each,No,,,YIELD Romaine Chopped,1.00,OZ-wt,100.0,,0.1563,0.1563,2.9115,2.9115,,0.00,,,0.00,,0.00,
MI Chicken Tikka Burrito - In House,1.00,Each,1.00,Each,1.00,,Inactive,=,,Inactive,=,1.00,Each,No,,,BATCH Masala Yogurt,0.95,OZ-wt,100.0,,0.1542,0.1542,2.9115,2.9115,,0.00,,,0.00,,0.00,
MI Chicken Tikka Burrito - In House,1.00,Each,1.00,Each,1.00,,Inactive,=,,Inactive,=,1.00,Each,No,,,BATCH Spiced Chickpeas,2.25,OZ-wt,100.0,,0.1000,0.1000,2.9115,2.9115,,0.00,,,0.00,,0.00,
MI Chicken Tikka Burrito - In House,1.00,Each,1.00,Each,1.00,,Inactive,=,,Inactive,=,1.00,Each,No,,,BATCH Lemon Turmeric Rice,5.00,OZ-wt,100.0,,0.1530,0.1530,2.9115,2.9115,,0.00,,,0.00,,0.00,
MI Chicken Tikka Burrito - In House,1.00,Each,1.00,Each,1.00,,Inactive,=,,Inactive,=,1.00,Each,No,,,BATCH Chicken Tikka Cooked New,4.00,OZ-wt,100.0,,0.5795,0.5795,2.9115,2.9115,,0.00,,,0.00,,0.00,
MI Chicken Tikka Burrito - In House,1.00,Each,1.00,Each,1.00,,Inactive,=,,Inactive,=,1.00,Each,No,,,BATCH Mint Cilantro Chutney,1.00,OZ-fl,100.0,,0.1854,0.1854,2.9115,2.9115,,0.00,,,0.00,,0.00,
MI Chicken Tikka Burrito - In House,1.00,Each,1.00,Each,1.00,,Inactive,=,,Inactive,=,1.00,Each,No,,,BATCH Pickled Onions,1.00,OZ-wt,100.0,,0.0849,0.0849,2.9115,2.9115,,0.00,,,0.00,,0.00,
MI Chicken Tikka Burrito - Online,1.00,Each,1.00,Each,1.00,,Inactive,=,,Inactive,=,1.00,Each,No,,,"Bread, Wrap 12""",1.00,Wrap-3.7oz-wt,100.0,,0.7074,0.7074,1.1177,1.1177,,0.00,,,0.00,,0.00,
MI Chicken Tikka Burrito - Online,1.00,Each,1.00,Each,1.00,,Inactive,=,,Inactive,=,1.00,Each,No,,,MI To Go Burrito Disposables - Online,1.00,Each,100.0,,0.4103,0.4103,1.1177,1.1177,,0.00,,,0.00,,0.00,
MI Chicken Tikka Masala Bowl - OLD,1.00,Each,1.00,Each,1.00,,Inactive,=,,Inactive,=,1.00,Each,No,,,EVERMADE Tomato Garlic Sauce,8.00,OZ-fl,100.0,,1.5047,1.5047,3.2726,3.2726,,0.00,,,0.00,,0.00,
MI Chicken Tikka Masala Bowl - OLD,1.00,Each,1.00,Each,1.00,,Inactive,=,,Inactive,=,1.00,Each,No,,,BATCH Kachumber Salad,0.50,OZ-wt,100.0,,0.0408,0.0408,3.2726,3.2726,,0.00,,,0.00,,0.00,
MI Chicken Tikka Masala Bowl - OLD,1.00,Each,1.00,Each,1.00,,Inactive,=,,Inactive,=,1.00,Each,No,,,BATCH Basmati Rice,7.30,OZ-wt,100.0,,0.1849,0.1849,3.2726,3.2726,,0.00,,,0.00,,0.00,
MI Chicken Tikka Masala Bowl - OLD,1.00,Each,1.00,Each,1.00,,Inactive,=,,Inactive,=,1.00,Each,No,,,BATCH Chicken Tikka Cooked New,6.00,OZ-wt,100.0,,0.8693,0.8693,3.2726,3.2726,,0.00,,,0.00,,0.00,
MI Chicken Tikka Masala Bowl - OLD,1.00,Each,1.00,Each,1.00,,Inactive,=,,Inactive,=,1.00,Each,No,,,"Lid, Bowl Rectangle 32oz Fiber",1.00,Each,100.0,,0.1650,0.1650,3.2726,3.2726,,0.00,,,0.00,,0.00,
MI Chicken Tikka Masala Bowl - OLD,1.00,Each,1.00,Each,1.00,,Inactive,=,,Inactive,=,1.00,Each,No,,,"Bowl, Rectangle 32oz",1.00,Each,100.0,,0.1624,0.1624,3.2726,3.2726,,0.00,,,0.00,,0.00,
MI Chicken Tikka Masala Bowl - OLD,1.00,Each,1.00,Each,1.00,,Inactive,=,,Inactive,=,1.00,Each,No,,,"Bag, RASA Paper",1.00,Each,100.0,,0.2900,0.2900,3.2726,3.2726,,0.00,,,0.00,,0.00,
MI Chicken Tikka Masala Bowl - OLD,1.00,Each,1.00,Each,1.00,,Inactive,=,,Inactive,=,1.00,Each,No,,,"Fork, Plastic",1.00,Each,100.0,,0.0350,0.0350,3.2726,3.2726,,0.00,,,0.00,,0.00,
MI Chicken Tikka Masala Bowl - OLD,1.00,Each,1.00,Each,1.00,,Inactive,=,,Inactive,=,1.00,Each,No,,,Napkins,2.00,Each,100.0,,0.0167,0.0167,3.2726,3.2726,,0.00,,,0.00,,0.00,
MI Chicken Tikka Masala Bowl - OLD,1.00,Each,1.00,Each,1.00,,Inactive,=,,Inactive,=,1.00,Each,No,,,YIELD Cilantro Chopped,0.01,OZ-wt,100.0,,0.0038,0.0038,3.2726,3.2726,,0.00,,,0.00,,0.00,
MI Chickpea Noodles,1.00,Each,1.00,Each,1.00,,Inactive,=,,Inactive,=,1.00,Each,No,,,Thin Sev,0.05,OZ-wt,100.0,,0.0091,0.0091,0.0091,0.0091,,0.00,,,0.00,,0.00,
MI Chili Lime Vinaigrette - Portion Cup,1.00,Each,1.00,Each,1.00,,Inactive,=,,Inactive,=,1.00,Each,No,,,BATCH House Vinaigrette,1.50,OZ-fl,100.0,,0.1438,0.1438,0.1668,0.1668,,,,,,,,
MI Chili Lime Vinaigrette - Portion Cup,1.00,Each,1.00,Each,1.00,,Inactive,=,,Inactive,=,1.00,Each,No,,,"Lid, Cup Portion 1.5/2oz",1.00,Each,100.0,,0.0104,0.0104,0.1668,0.1668,,,,,,,,
MI Chili Lime Vinaigrette - Portion Cup,1.00,Each,1.00,Each,1.00,,Inactive,=,,Inactive,=,1.00,Each,No,,,"Cup, Portion 1.5oz",1.00,Each,100.0,,0.0126,0.0126,0.1668,0.1668,,,,,,,,
MI Chili Lime Vinaigrette Dressing,1.00,Each,1.00,Each,1.00,,Inactive,=,,Inactive,=,1.00,Each,No,,,BATCH House Vinaigrette,1.00,OZ-fl,100.0,,0.0959,0.0959,0.0959,0.0959,,0.00,,,0.00,,0.00,
MI Chips + Chutney,1.00,Each,1.00,Each,1.00,,Inactive,=,,Inactive,=,1.00,Each,No,,,EVERMADE Sweet Tamarind,1.50,OZ-fl,100.0,,0.2716,0.2716,0.8342,0.8342,,0.00,,,0.00,,0.00,
MI Chips + Chutney,1.00,Each,1.00,Each,1.00,,Inactive,=,,Inactive,=,1.00,Each,No,,,Papad Lentil Chips,2.50,Each,100.0,,0.2082,0.2082,0.8342,0.8342,,0.00,,,0.00,,0.00,
MI Chips + Chutney,1.00,Each,1.00,Each,1.00,,Inactive,=,,Inactive,=,1.00,Each,No,,,Napkins,1.00,Each,100.0,,0.0083,0.0083,0.8342,0.8342,,0.00,,,0.00,,0.00,
MI Chips + Chutney,1.00,Each,1.00,Each,1.00,,Inactive,=,,Inactive,=,1.00,Each,No,,,"Lid, Cup Portion 1.5/2oz",2.00,Each,100.0,,0.0208,0.0208,0.8342,0.8342,,0.00,,,0.00,,0.00,
MI Chips + Chutney,1.00,Each,1.00,Each,1.00,,Inactive,=,,Inactive,=,1.00,Each,No,,,"Cup, Portion 1.5oz",2.00,Each,100.0,,0.0252,0.0252,0.8342,0.8342,,0.00,,,0.00,,0.00,
MI Chips + Chutney,1.00,Each,1.00,Each,1.00,,Inactive,=,,Inactive,=,1.00,Each,No,,,BATCH Mint Cilantro Chutney,1.50,OZ-fl,100.0,,0.2781,0.2781,0.8342,0.8342,,0.00,,,0.00,,0.00,
MI Chips + Chutney,1.00,Each,1.00,Each,1.00,,Inactive,=,,Inactive,=,1.00,Each,No,,,"Bag, Samosa 2#",1.00,Each,100.0,,0.0220,0.0220,0.8342,0.8342,,0.00,,,0.00,,0.00,
MI Chopped Cilantro,1.00,Each,1.00,Each,1.00,,Inactive,=,,Inactive,=,1.00,Each,No,,,YIELD Cilantro Chopped,0.50,OZ-fl,100.0,,0.0306,0.0306,0.0306,0.0306,,0.00,,,0.00,,0.00,
MI Coconut Curry Shrimp Bowl - In House,1.00,Each,1.00,Each,1.00,,Inactive,=,,Inactive,=,1.00,Each,No,,,EVERMADE Tamarind Chili Sauce,4.00,OZ-fl,100.0,,0.6996,0.6996,5.2397,5.2397,,0.00,,,0.00,,0.00,
MI Coconut Curry Shrimp Bowl - In House,1.00,Each,1.00,Each,1.00,,Inactive,=,,Inactive,=,1.00,Each,No,,,EVERMADE Tamarind Ginger Chutney,0.80,OZ-wt,100.0,,0.1429,0.1429,5.2397,5.2397,,0.00,,,0.00,,0.00,
MI Coconut Curry Shrimp Bowl - In House,1.00,Each,1.00,Each,1.00,,Inactive,=,,Inactive,=,1.00,Each,No,,,BATCH Spiced Chickpeas,3.10,OZ-wt,100.0,,0.1377,0.1377,5.2397,5.2397,,0.00,,,0.00,,0.00,
MI Coconut Curry Shrimp Bowl - In House,1.00,Each,1.00,Each,1.00,,Inactive,=,,Inactive,=,1.00,Each,No,,,MOBYS Mango Coconut Yogurt,1.00,OZ-fl,100.0,,0.2295,0.2295,5.2397,5.2397,,0.00,,,0.00,,0.00,
MI Coconut Curry Shrimp Bowl - In House,1.00,Each,1.00,Each,1.00,,Inactive,=,,Inactive,=,1.00,Each,No,,,MI To Go Bowl Disposables - In House,1.00,Each,100.0,,0.4878,0.4878,5.2397,5.2397,,0.00,,,0.00,,0.00,
MI Coconut Curry Shrimp Bowl - In House,1.00,Each,1.00,Each,1.00,,Inactive,=,,Inactive,=,1.00,Each,No,,,BATCH South Indian Rice Noodles,6.50,OZ-wt,100.0,,0.3521,0.3521,5.2397,5.2397,,0.00,,,0.00,,0.00,
MI Coconut Curry Shrimp Bowl - In House,1.00,Each,1.00,Each,1.00,,Inactive,=,,Inactive,=,1.00,Each,No,,,BATCH Shrimp Cooked,6.00,Each,100.0,,2.8610,2.8610,5.2397,5.2397,,0.00,,,0.00,,0.00,
MI Coconut Curry Shrimp Bowl - In House,1.00,Each,1.00,Each,1.00,,Inactive,=,,Inactive,=,1.00,Each,No,,,BATCH Mango Salsa,0.50,OZ-wt,100.0,,0.3291,0.3291,5.2397,5.2397,,0.00,,,0.00,,0.00,
MI Coconut Curry Shrimp Bowl - Online,1.00,Each,1.00,Each,1.00,,Inactive,=,,Inactive,=,1.00,Each,No,,,MI To Go Bowl Disposables - Online,1.00,Each,100.0,,0.6065,0.6065,0.6065,0.6065,,0.00,,,0.00,,0.00,
MI Coconut Ginger - Catering - Additional Item,1.00,Each,1.00,Each,1.00,,Inactive,=,,Inactive,=,1.00,Each,No,,,EVERMADE Coconut Ginger Sauce,32.00,OZ-fl,100.0,,6.3987,6.3987,6.7417,6.7417,,0.00,,,0.00,,0.00,
MI Coconut Ginger - Catering - Additional Item,1.00,Each,1.00,Each,1.00,,Inactive,=,,Inactive,=,1.00,Each,No,,,"Cont, Deli 32oz with Lid",1.00,Each,100.0,,0.3430,0.3430,6.7417,6.7417,,0.00,,,0.00,,0.00,
MI Coconut Ginger - Classic,1.00,Each,1.00,Each,1.00,,Inactive,=,,Inactive,=,1.00,Each,No,,,EVERMADE Coconut Ginger Sauce,1.07,OZ-fl,100.0,,0.2140,0.2140,0.2140,0.2140,,0.00,,,0.00,,0.00,
MI Coconut Ginger - Desi Deluxe,1.00,Each,1.00,Each,1.00,,Inactive,=,,Inactive,=,1.00,Each,No,,,EVERMADE Coconut Ginger Sauce,1.00,OZ-fl,100.0,,0.2000,0.2000,0.2000,0.2000,,0.00,,,0.00,,0.00,
MI Coconut Ginger - Party Pack,1.00,Each,1.00,Each,1.00,,Inactive,=,,Inactive,=,1.00,Each,No,,,EVERMADE Coconut Ginger Sauce,1.25,OZ-fl,100.0,,0.2499,0.2499,0.2499,0.2499,,0.00,,,0.00,,0.00,
MI Coconut Ginger Sauce,1.00,Each,1.00,Each,1.00,,Inactive,=,,Inactive,=,1.00,Each,No,,,EVERMADE Coconut Ginger Sauce,4.00,OZ-fl,100.0,,0.7998,0.7998,0.7998,0.7998,,0.00,,,0.00,,0.00,
MI Combo Naan Basket Large,1.00,Each,1.00,Each,1.00,,Inactive,=,,Inactive,=,1.00,Each,No,,,NEST Roasted Garlic Butter,6.00,Tablespoon,100.0,,0.5472,0.5472,12.7718,12.7718,,0.00,,,0.00,,0.00,
MI Combo Naan Basket Large,1.00,Each,1.00,Each,1.00,,Inactive,=,,Inactive,=,1.00,Each,No,,,Naan - Stonefire,12.00,CT,100.0,,11.1750,11.1750,12.7718,12.7718,,0.00,,,0.00,,0.00,
MI Combo Naan Basket Large,1.00,Each,1.00,Each,1.00,,Inactive,=,,Inactive,=,1.00,Each,No,,,"Lid, Pan Third",1.00,Each,100.0,,0.3998,0.3998,12.7718,12.7718,,0.00,,,0.00,,0.00,
MI Combo Naan Basket Large,1.00,Each,1.00,Each,1.00,,Inactive,=,,Inactive,=,1.00,Each,No,,,"Pan, Third",1.00,Each,100.0,,0.6498,0.6498,12.7718,12.7718,,0.00,,,0.00,,0.00,
MI Combo Naan Basket Small,1.00,Each,1.00,Each,1.00,,Inactive,=,,Inactive,=,1.00,Each,No,,,NEST Roasted Garlic Butter,3.00,Tablespoon,100.0,,0.2736,0.2736,6.9107,6.9107,,0.00,,,0.00,,0.00,
MI Combo Naan Basket Small,1.00,Each,1.00,Each,1.00,,Inactive,=,,Inactive,=,1.00,Each,No,,,Naan - Stonefire,6.00,CT,100.0,,5.5875,5.5875,6.9107,6.9107,,0.00,,,0.00,,0.00,
MI Combo Naan Basket Small,1.00,Each,1.00,Each,1.00,,Inactive,=,,Inactive,=,1.00,Each,No,,,"Lid, Pan Third",1.00,Each,100.0,,0.3998,0.3998,6.9107,6.9107,,0.00,,,0.00,,0.00,
MI Combo Naan Basket Small,1.00,Each,1.00,Each,1.00,,Inactive,=,,Inactive,=,1.00,Each,No,,,"Pan, Third",1.00,Each,100.0,,0.6498,0.6498,6.9107,6.9107,,0.00,,,0.00,,0.00,
MI Coriander Chili Chutney,1.00,Each,1.00,Each,1.00,,Inactive,=,,Inactive,=,1.00,Each,No,,,MOBYS Coriander Chili Chutney,1.00,OZ-wt,100.0,,0.2262,0.2262,0.2262,0.2262,,0.00,,,0.00,,0.00,
MI Coriander Chili Chutney - Classic,1.00,Each,1.00,Each,1.00,,Inactive,=,,Inactive,=,1.00,Each,No,,,MOBYS Coriander Chili Chutney,0.43,OZ-fl,100.0,,0.1118,0.1118,0.1118,0.1118,,0.00,,,0.00,,0.00,
MI Coriander Chili Chutney - Desi Deluxe,1.00,Each,1.00,Each,1.00,,Inactive,=,,Inactive,=,1.00,Each,No,,,MOBYS Coriander Chili Chutney,0.48,OZ-fl,100.0,,0.1249,0.1249,0.1249,0.1249,,0.00,,,0.00,,0.00,
MI Coriander Chili Chutney - Party Pack,1.00,Each,1.00,Each,1.00,,Inactive,=,,Inactive,=,1.00,Each,No,,,MOBYS Coriander Chili Chutney,0.50,OZ-fl,100.0,,0.1301,0.1301,0.1301,0.1301,,0.00,,,0.00,,0.00,
MI Coriander Chili Chutney - Portion Cup,1.00,Each,1.00,Each,1.00,,Inactive,=,,Inactive,=,1.00,Each,No,,,MOBYS Coriander Chili Chutney,1.50,OZ-fl,100.0,,0.3902,0.3902,0.4132,0.4132,,,,,,,,
MI Coriander Chili Chutney - Portion Cup,1.00,Each,1.00,Each,1.00,,Inactive,=,,Inactive,=,1.00,Each,No,,,"Lid, Cup Portion 1.5/2oz",1.00,Each,100.0,,0.0104,0.0104,0.4132,0.4132,,,,,,,,
MI Coriander Chili Chutney - Portion Cup,1.00,Each,1.00,Each,1.00,,Inactive,=,,Inactive,=,1.00,Each,No,,,"Cup, Portion 1.5oz",1.00,Each,100.0,,0.0126,0.0126,0.4132,0.4132,,,,,,,,
MI Cotton and Reed Rum Shot,1.00,Each,1.00,Each,1.00,,Inactive,=,,Inactive,=,1.00,Each,No,,,"Rum, Cotton and Reed",2.00,OZ-fl,100.0,,1.2612,1.2612,1.2612,1.2612,,,,,,,,
MI CP Aloo Gobhi - Half Portion,1.00,Each,1.00,Each,1.00,,Inactive,=,,Inactive,=,1.00,Each,No,,,BATCH Cauliflower + Potato Cooked,4.00,OZ-wt,100.0,,0.8134,0.8134,0.8172,0.8172,,0.00,,,0.00,,0.00,
MI CP Aloo Gobhi - Half Portion,1.00,Each,1.00,Each,1.00,,Inactive,=,,Inactive,=,1.00,Each,No,,,YIELD Cilantro Chopped,0.01,OZ-wt,100.0,,0.0038,0.0038,0.8172,0.8172,,0.00,,,0.00,,0.00,
MI CP Aloo Gobhi - Side,1.00,Each,1.00,Each,1.00,,Inactive,=,,Inactive,=,1.00,Each,No,,,"Lid, Cup Soup",1.00,Each,100.0,,0.0550,0.0550,1.3439,1.3439,,0.00,,,0.00,,0.00,
MI CP Aloo Gobhi - Side,1.00,Each,1.00,Each,1.00,,Inactive,=,,Inactive,=,1.00,Each,No,,,"Cup, Soup",1.00,Each,100.0,,0.0650,0.0650,1.3439,1.3439,,0.00,,,0.00,,0.00,
MI CP Aloo Gobhi - Side,1.00,Each,1.00,Each,1.00,,Inactive,=,,Inactive,=,1.00,Each,No,,,BATCH Cauliflower + Potato Cooked,6.00,OZ-wt,100.0,,1.2201,1.2201,1.3439,1.3439,,0.00,,,0.00,,0.00,
MI CP Aloo Gobhi - Side,1.00,Each,1.00,Each,1.00,,Inactive,=,,Inactive,=,1.00,Each,No,,,YIELD Cilantro Chopped,0.01,OZ-wt,100.0,,0.0038,0.0038,1.3439,1.3439,,0.00,,,0.00,,0.00,
MI CP Aloo Gobhi Plate - In House,1.00,Each,1.00,Each,1.00,,Inactive,=,,Inactive,=,1.00,Each,No,,,MI To Go Plate Disposables - In House,1.00,Each,100.0,,0.4533,0.4533,2.2865,2.2865,,0.00,,,0.00,,0.00,
MI CP Aloo Gobhi Plate - In House,1.00,Each,1.00,Each,1.00,,Inactive,=,,Inactive,=,1.00,Each,No,,,BATCH Cauliflower + Potato Cooked,8.00,OZ-wt,100.0,,1.6268,1.6268,2.2865,2.2865,,0.00,,,0.00,,0.00,
MI CP Aloo Gobhi Plate - In House,1.00,Each,1.00,Each,1.00,,Inactive,=,,Inactive,=,1.00,Each,No,,,YIELD Cilantro Chopped,0.01,OZ-wt,100.0,,0.0038,0.0038,2.2865,2.2865,,0.00,,,0.00,,0.00,
MI CP Aloo Gobhi Plate - In House,1.00,Each,1.00,Each,1.00,,Inactive,=,,Inactive,=,1.00,Each,No,,,BATCH Basmati Rice,8.00,OZ-wt,100.0,,0.2026,0.2026,2.2865,2.2865,,0.00,,,0.00,,0.00,
MI CP Aloo Gobhi Plate - Online,1.00,Each,1.00,Each,1.00,,Inactive,=,,Inactive,=,1.00,Each,No,,,MI To Go Plate Disposables - Online,1.00,Each,100.0,,0.5467,0.5467,2.1773,2.1773,,0.00,,,0.00,,0.00,
MI CP Aloo Gobhi Plate - Online,1.00,Each,1.00,Each,1.00,,Inactive,=,,Inactive,=,1.00,Each,No,,,BATCH Cauliflower + Potato Cooked,8.00,OZ-wt,100.0,,1.6268,1.6268,2.1773,2.1773,,0.00,,,0.00,,0.00,
MI CP Aloo Gobhi Plate - Online,1.00,Each,1.00,Each,1.00,,Inactive,=,,Inactive,=,1.00,Each,No,,,YIELD Cilantro Chopped,0.01,OZ-wt,100.0,,0.0038,0.0038,2.1773,2.1773,,0.00,,,0.00,,0.00,
MI CP Butter Chicken - Half Portion,1.00,Each,1.00,Each,1.00,,Inactive,=,,Inactive,=,1.00,Each,No,,,NEST Cardamom Ground,0.05,Gram,100.0,,0.0028,0.0028,1.1907,1.1907,,0.00,,,0.00,,0.00,
MI CP Butter Chicken - Half Portion,1.00,Each,1.00,Each,1.00,,Inactive,=,,Inactive,=,1.00,Each,No,,,NEST Toasted Fenugreek Powder,0.05,Gram,100.0,,0.0009,0.0009,1.1907,1.1907,,0.00,,,0.00,,0.00,
MI CP Butter Chicken - Half Portion,1.00,Each,1.00,Each,1.00,,Inactive,=,,Inactive,=,1.00,Each,No,,,EVERMADE Tomato Garlic Sauce,4.00,OZ-fl,100.0,,0.7524,0.7524,1.1907,1.1907,,0.00,,,0.00,,0.00,
MI CP Butter Chicken - Half Portion,1.00,Each,1.00,Each,1.00,,Inactive,=,,Inactive,=,1.00,Each,No,,,BATCH Chicken Tikka Cooked New,3.00,OZ-wt,100.0,,0.4346,0.4346,1.1907,1.1907,,0.00,,,0.00,,0.00,
MI CP Butter Chicken - Side,1.00,Each,1.00,Each,1.00,,Inactive,=,,Inactive,=,1.00,Each,No,,,"Lid, Cup Soup",1.00,Each,100.0,,0.0550,0.0550,1.4556,1.4556,,0.00,,,0.00,,0.00,
MI CP Butter Chicken - Side,1.00,Each,1.00,Each,1.00,,Inactive,=,,Inactive,=,1.00,Each,No,,,"Cup, Soup",1.00,Each,100.0,,0.0650,0.0650,1.4556,1.4556,,0.00,,,0.00,,0.00,
MI CP Butter Chicken - Side,1.00,Each,1.00,Each,1.00,,Inactive,=,,Inactive,=,1.00,Each,No,,,NEST Cardamom Ground,0.05,Gram,100.0,,0.0028,0.0028,1.4556,1.4556,,0.00,,,0.00,,0.00,
MI CP Butter Chicken - Side,1.00,Each,1.00,Each,1.00,,Inactive,=,,Inactive,=,1.00,Each,No,,,NEST Toasted Fenugreek Powder,0.05,Gram,100.0,,0.0009,0.0009,1.4556,1.4556,,0.00,,,0.00,,0.00,
MI CP Butter Chicken - Side,1.00,Each,1.00,Each,1.00,,Inactive,=,,Inactive,=,1.00,Each,No,,,EVERMADE Tomato Garlic Sauce,4.00,OZ-fl,100.0,,0.7524,0.7524,1.4556,1.4556,,0.00,,,0.00,,0.00,
MI CP Butter Chicken - Side,1.00,Each,1.00,Each,1.00,,Inactive,=,,Inactive,=,1.00,Each,No,,,BATCH Chicken Tikka Cooked New,4.00,OZ-wt,100.0,,0.5795,0.5795,1.4556,1.4556,,0.00,,,0.00,,0.00,
MI CP Butter Chicken Plate - In House,1.00,Each,1.00,Each,1.00,,Inactive,=,,Inactive,=,1.00,Each,No,,,MI To Go Plate Disposables - In House,1.00,Each,100.0,,0.4533,0.4533,3.0336,3.0336,,0.00,,,0.00,,0.00,
MI CP Butter Chicken Plate - In House,1.00,Each,1.00,Each,1.00,,Inactive,=,,Inactive,=,1.00,Each,No,,,NEST Cardamom Ground,0.05,Gram,100.0,,0.0028,0.0028,3.0336,3.0336,,0.00,,,0.00,,0.00,
MI CP Butter Chicken Plate - In House,1.00,Each,1.00,Each,1.00,,Inactive,=,,Inactive,=,1.00,Each,No,,,NEST Toasted Fenugreek Powder,0.05,Gram,100.0,,0.0009,0.0009,3.0336,3.0336,,0.00,,,0.00,,0.00,
MI CP Butter Chicken Plate - In House,1.00,Each,1.00,Each,1.00,,Inactive,=,,Inactive,=,1.00,Each,No,,,EVERMADE Tomato Garlic Sauce,8.00,OZ-fl,100.0,,1.5047,1.5047,3.0336,3.0336,,0.00,,,0.00,,0.00,
MI CP Butter Chicken Plate - In House,1.00,Each,1.00,Each,1.00,,Inactive,=,,Inactive,=,1.00,Each,No,,,BATCH Basmati Rice,8.00,OZ-wt,100.0,,0.2026,0.2026,3.0336,3.0336,,0.00,,,0.00,,0.00,
MI CP Butter Chicken Plate - In House,1.00,Each,1.00,Each,1.00,,Inactive,=,,Inactive,=,1.00,Each,No,,,BATCH Chicken Tikka Cooked New,6.00,OZ-wt,100.0,,0.8693,0.8693,3.0336,3.0336,,0.00,,,0.00,,0.00,
MI CP Butter Chicken Plate - Online,1.00,Each,1.00,Each,1.00,,Inactive,=,,Inactive,=,1.00,Each,No,,,MI To Go Plate Disposables - Online,1.00,Each,100.0,,0.5467,0.5467,2.9244,2.9244,,0.00,,,0.00,,0.00,
MI CP Butter Chicken Plate - Online,1.00,Each,1.00,Each,1.00,,Inactive,=,,Inactive,=,1.00,Each,No,,,NEST Cardamom Ground,0.05,Gram,100.0,,0.0028,0.0028,2.9244,2.9244,,0.00,,,0.00,,0.00,
MI CP Butter Chicken Plate - Online,1.00,Each,1.00,Each,1.00,,Inactive,=,,Inactive,=,1.00,Each,No,,,NEST Toasted Fenugreek Powder,0.05,Gram,100.0,,0.0009,0.0009,2.9244,2.9244,,0.00,,,0.00,,0.00,
MI CP Butter Chicken Plate - Online,1.00,Each,1.00,Each,1.00,,Inactive,=,,Inactive,=,1.00,Each,No,,,EVERMADE Tomato Garlic Sauce,8.00,OZ-fl,100.0,,1.5047,1.5047,2.9244,2.9244,,0.00,,,0.00,,0.00,
MI CP Butter Chicken Plate - Online,1.00,Each,1.00,Each,1.00,,Inactive,=,,Inactive,=,1.00,Each,No,,,BATCH Chicken Tikka Cooked New,6.00,OZ-wt,100.0,,0.8693,0.8693,2.9244,2.9244,,0.00,,,0.00,,0.00,
MI CP Chicken Curry - Half Portion,1.00,Each,1.00,Each,1.00,,Inactive,=,,Inactive,=,1.00,Each,No,,,EVERMADE Tamarind Chili Sauce,4.00,OZ-fl,100.0,,0.6996,0.6996,1.1380,1.1380,,0.00,,,0.00,,0.00,
MI CP Chicken Curry - Half Portion,1.00,Each,1.00,Each,1.00,,Inactive,=,,Inactive,=,1.00,Each,No,,,BATCH Chicken Tikka Cooked New,3.00,OZ-wt,100.0,,0.4346,0.4346,1.1380,1.1380,,0.00,,,0.00,,0.00,
MI CP Chicken Curry - Half Portion,1.00,Each,1.00,Each,1.00,,Inactive,=,,Inactive,=,1.00,Each,No,,,YIELD Cilantro Chopped,0.01,OZ-wt,100.0,,0.0038,0.0038,1.1380,1.1380,,0.00,,,0.00,,0.00,
MI CP Chicken Curry - Side,1.00,Each,1.00,Each,1.00,,Inactive,=,,Inactive,=,1.00,Each,No,,,EVERMADE Tamarind Chili Sauce,4.00,OZ-fl,100.0,,0.6996,0.6996,1.4029,1.4029,,0.00,,,0.00,,0.00,
MI CP Chicken Curry - Side,1.00,Each,1.00,Each,1.00,,Inactive,=,,Inactive,=,1.00,Each,No,,,"Lid, Cup Soup",1.00,Each,100.0,,0.0550,0.0550,1.4029,1.4029,,0.00,,,0.00,,0.00,
MI CP Chicken Curry - Side,1.00,Each,1.00,Each,1.00,,Inactive,=,,Inactive,=,1.00,Each,No,,,"Cup, Soup",1.00,Each,100.0,,0.0650,0.0650,1.4029,1.4029,,0.00,,,0.00,,0.00,
MI CP Chicken Curry - Side,1.00,Each,1.00,Each,1.00,,Inactive,=,,Inactive,=,1.00,Each,No,,,BATCH Chicken Tikka Cooked New,4.00,OZ-wt,100.0,,0.5795,0.5795,1.4029,1.4029,,0.00,,,0.00,,0.00,
MI CP Chicken Curry - Side,1.00,Each,1.00,Each,1.00,,Inactive,=,,Inactive,=,1.00,Each,No,,,YIELD Cilantro Chopped,0.01,OZ-wt,100.0,,0.0038,0.0038,1.4029,1.4029,,0.00,,,0.00,,0.00,
MI CP Chicken Curry Plate - In House,1.00,Each,1.00,Each,1.00,,Inactive,=,,Inactive,=,1.00,Each,No,,,EVERMADE Tamarind Chili Sauce,8.00,OZ-fl,100.0,,1.3993,1.3993,2.9283,2.9283,,0.00,,,0.00,,0.00,
MI CP Chicken Curry Plate - In House,1.00,Each,1.00,Each,1.00,,Inactive,=,,Inactive,=,1.00,Each,No,,,MI To Go Plate Disposables - In House,1.00,Each,100.0,,0.4533,0.4533,2.9283,2.9283,,0.00,,,0.00,,0.00,
MI CP Chicken Curry Plate - In House,1.00,Each,1.00,Each,1.00,,Inactive,=,,Inactive,=,1.00,Each,No,,,BATCH Basmati Rice,8.00,OZ-wt,100.0,,0.2026,0.2026,2.9283,2.9283,,0.00,,,0.00,,0.00,
MI CP Chicken Curry Plate - In House,1.00,Each,1.00,Each,1.00,,Inactive,=,,Inactive,=,1.00,Each,No,,,BATCH Chicken Tikka Cooked New,6.00,OZ-wt,100.0,,0.8693,0.8693,2.9283,2.9283,,0.00,,,0.00,,0.00,
MI CP Chicken Curry Plate - In House,1.00,Each,1.00,Each,1.00,,Inactive,=,,Inactive,=,1.00,Each,No,,,YIELD Cilantro Chopped,0.01,OZ-wt,100.0,,0.0038,0.0038,2.9283,2.9283,,0.00,,,0.00,,0.00,
MI CP Chicken Curry Plate - Online,1.00,Each,1.00,Each,1.00,,Inactive,=,,Inactive,=,1.00,Each,No,,,EVERMADE Tamarind Chili Sauce,8.00,OZ-fl,100.0,,1.3993,1.3993,2.8191,2.8191,,0.00,,,0.00,,0.00,
MI CP Chicken Curry Plate - Online,1.00,Each,1.00,Each,1.00,,Inactive,=,,Inactive,=,1.00,Each,No,,,MI To Go Plate Disposables - Online,1.00,Each,100.0,,0.5467,0.5467,2.8191,2.8191,,0.00,,,0.00,,0.00,
MI CP Chicken Curry Plate - Online,1.00,Each,1.00,Each,1.00,,Inactive,=,,Inactive,=,1.00,Each,No,,,BATCH Chicken Tikka Cooked New,6.00,OZ-wt,100.0,,0.8693,0.8693,2.8191,2.8191,,0.00,,,0.00,,0.00,
MI CP Chicken Curry Plate - Online,1.00,Each,1.00,Each,1.00,,Inactive,=,,Inactive,=,1.00,Each,No,,,YIELD Cilantro Chopped,0.01,OZ-wt,100.0,,0.0038,0.0038,2.8191,2.8191,,0.00,,,0.00,,0.00,
MI CP Chicken Tikka Masala - Half Portion,1.00,Each,1.00,Each,1.00,,Inactive,=,,Inactive,=,1.00,Each,No,,,BATCH Tikka Masala Sauce,4.00,OZ-fl,100.0,,0.7360,0.7360,1.1744,1.1744,,0.00,,,0.00,,0.00,
MI CP Chicken Tikka Masala - Half Portion,1.00,Each,1.00,Each,1.00,,Inactive,=,,Inactive,=,1.00,Each,No,,,BATCH Chicken Tikka Cooked New,3.00,OZ-wt,100.0,,0.4346,0.4346,1.1744,1.1744,,0.00,,,0.00,,0.00,
MI CP Chicken Tikka Masala - Half Portion,1.00,Each,1.00,Each,1.00,,Inactive,=,,Inactive,=,1.00,Each,No,,,YIELD Cilantro Chopped,0.01,OZ-wt,100.0,,0.0038,0.0038,1.1744,1.1744,,0.00,,,0.00,,0.00,
MI CP Chicken Tikka Masala - Side,1.00,Each,1.00,Each,1.00,,Inactive,=,,Inactive,=,1.00,Each,No,,,"Lid, Cup Soup",1.00,Each,100.0,,0.0550,0.0550,1.4393,1.4393,,0.00,,,0.00,,0.00,
MI CP Chicken Tikka Masala - Side,1.00,Each,1.00,Each,1.00,,Inactive,=,,Inactive,=,1.00,Each,No,,,"Cup, Soup",1.00,Each,100.0,,0.0650,0.0650,1.4393,1.4393,,0.00,,,0.00,,0.00,
MI CP Chicken Tikka Masala - Side,1.00,Each,1.00,Each,1.00,,Inactive,=,,Inactive,=,1.00,Each,No,,,BATCH Tikka Masala Sauce,4.00,OZ-fl,100.0,,0.7360,0.7360,1.4393,1.4393,,0.00,,,0.00,,0.00,
MI CP Chicken Tikka Masala - Side,1.00,Each,1.00,Each,1.00,,Inactive,=,,Inactive,=,1.00,Each,No,,,BATCH Chicken Tikka Cooked New,4.00,OZ-wt,100.0,,0.5795,0.5795,1.4393,1.4393,,0.00,,,0.00,,0.00,
MI CP Chicken Tikka Masala - Side,1.00,Each,1.00,Each,1.00,,Inactive,=,,Inactive,=,1.00,Each,No,,,YIELD Cilantro Chopped,0.01,OZ-wt,100.0,,0.0038,0.0038,1.4393,1.4393,,0.00,,,0.00,,0.00,
MI CP Chicken Tikka Masala Plate - In House,1.00,Each,1.00,Each,1.00,,Inactive,=,,Inactive,=,1.00,Each,No,,,MI To Go Plate Disposables - In House,1.00,Each,100.0,,0.4533,0.4533,3.0011,3.0011,,0.00,,,0.00,,0.00,
MI CP Chicken Tikka Masala Plate - In House,1.00,Each,1.00,Each,1.00,,Inactive,=,,Inactive,=,1.00,Each,No,,,BATCH Tikka Masala Sauce,8.00,OZ-fl,100.0,,1.4721,1.4721,3.0011,3.0011,,0.00,,,0.00,,0.00,
MI CP Chicken Tikka Masala Plate - In House,1.00,Each,1.00,Each,1.00,,Inactive,=,,Inactive,=,1.00,Each,No,,,BATCH Basmati Rice,8.00,OZ-wt,100.0,,0.2026,0.2026,3.0011,3.0011,,0.00,,,0.00,,0.00,
MI CP Chicken Tikka Masala Plate - In House,1.00,Each,1.00,Each,1.00,,Inactive,=,,Inactive,=,1.00,Each,No,,,BATCH Chicken Tikka Cooked New,6.00,OZ-wt,100.0,,0.8693,0.8693,3.0011,3.0011,,0.00,,,0.00,,0.00,
MI CP Chicken Tikka Masala Plate - In House,1.00,Each,1.00,Each,1.00,,Inactive,=,,Inactive,=,1.00,Each,No,,,YIELD Cilantro Chopped,0.01,OZ-wt,100.0,,0.0038,0.0038,3.0011,3.0011,,0.00,,,0.00,,0.00,
MI CP Chicken Tikka Masala Plate - Online,1.00,Each,1.00,Each,1.00,,Inactive,=,,Inactive,=,1.00,Each,No,,,MI To Go Plate Disposables - Online,1.00,Each,100.0,,0.5467,0.5467,2.8919,2.8919,,0.00,,,0.00,,0.00,
MI CP Chicken Tikka Masala Plate - Online,1.00,Each,1.00,Each,1.00,,Inactive,=,,Inactive,=,1.00,Each,No,,,BATCH Tikka Masala Sauce,8.00,OZ-fl,100.0,,1.4721,1.4721,2.8919,2.8919,,0.00,,,0.00,,0.00,
MI CP Chicken Tikka Masala Plate - Online,1.00,Each,1.00,Each,1.00,,Inactive,=,,Inactive,=,1.00,Each,No,,,BATCH Chicken Tikka Cooked New,6.00,OZ-wt,100.0,,0.8693,0.8693,2.8919,2.8919,,0.00,,,0.00,,0.00,
MI CP Chicken Tikka Masala Plate - Online,1.00,Each,1.00,Each,1.00,,Inactive,=,,Inactive,=,1.00,Each,No,,,YIELD Cilantro Chopped,0.01,OZ-wt,100.0,,0.0038,0.0038,2.8919,2.8919,,0.00,,,0.00,,0.00,
MI CP Coconut Veggie Curry - Half Portion,1.00,Each,1.00,Each,1.00,,Inactive,=,,Inactive,=,1.00,Each,No,,,BATCH Harvest Vegetables Cooked,3.00,OZ-wt,100.0,,0.8347,0.8347,1.6383,1.6383,,0.00,,,0.00,,0.00,
MI CP Coconut Veggie Curry - Half Portion,1.00,Each,1.00,Each,1.00,,Inactive,=,,Inactive,=,1.00,Each,No,,,EVERMADE Coconut Ginger Sauce,4.00,OZ-fl,100.0,,0.7998,0.7998,1.6383,1.6383,,0.00,,,0.00,,0.00,
MI CP Coconut Veggie Curry - Half Portion,1.00,Each,1.00,Each,1.00,,Inactive,=,,Inactive,=,1.00,Each,No,,,YIELD Cilantro Chopped,0.01,OZ-wt,100.0,,0.0038,0.0038,1.6383,1.6383,,0.00,,,0.00,,0.00,
MI CP Coconut Veggie Curry - Side,1.00,Each,1.00,Each,1.00,,Inactive,=,,Inactive,=,1.00,Each,No,,,BATCH Harvest Vegetables Cooked,4.00,OZ-wt,100.0,,1.1129,1.1129,2.0365,2.0365,,0.00,,,0.00,,0.00,
MI CP Coconut Veggie Curry - Side,1.00,Each,1.00,Each,1.00,,Inactive,=,,Inactive,=,1.00,Each,No,,,EVERMADE Coconut Ginger Sauce,4.00,OZ-fl,100.0,,0.7998,0.7998,2.0365,2.0365,,0.00,,,0.00,,0.00,
MI CP Coconut Veggie Curry - Side,1.00,Each,1.00,Each,1.00,,Inactive,=,,Inactive,=,1.00,Each,No,,,"Lid, Cup Soup",1.00,Each,100.0,,0.0550,0.0550,2.0365,2.0365,,0.00,,,0.00,,0.00,
MI CP Coconut Veggie Curry - Side,1.00,Each,1.00,Each,1.00,,Inactive,=,,Inactive,=,1.00,Each,No,,,"Cup, Soup",1.00,Each,100.0,,0.0650,0.0650,2.0365,2.0365,,0.00,,,0.00,,0.00,
MI CP Coconut Veggie Curry - Side,1.00,Each,1.00,Each,1.00,,Inactive,=,,Inactive,=,1.00,Each,No,,,YIELD Cilantro Chopped,0.01,OZ-wt,100.0,,0.0038,0.0038,2.0365,2.0365,,0.00,,,0.00,,0.00,
MI CP Coconut Veggie Curry Plate - In House,1.00,Each,1.00,Each,1.00,,Inactive,=,,Inactive,=,1.00,Each,No,,,BATCH Harvest Vegetables Cooked,6.00,OZ-wt,100.0,,1.6694,1.6694,3.9288,3.9288,,0.00,,,0.00,,0.00,
MI CP Coconut Veggie Curry Plate - In House,1.00,Each,1.00,Each,1.00,,Inactive,=,,Inactive,=,1.00,Each,No,,,EVERMADE Coconut Ginger Sauce,8.00,OZ-fl,100.0,,1.5997,1.5997,3.9288,3.9288,,0.00,,,0.00,,0.00,
MI CP Coconut Veggie Curry Plate - In House,1.00,Each,1.00,Each,1.00,,Inactive,=,,Inactive,=,1.00,Each,No,,,MI To Go Plate Disposables - In House,1.00,Each,100.0,,0.4533,0.4533,3.9288,3.9288,,0.00,,,0.00,,0.00,
MI CP Coconut Veggie Curry Plate - In House,1.00,Each,1.00,Each,1.00,,Inactive,=,,Inactive,=,1.00,Each,No,,,BATCH Basmati Rice,8.00,OZ-wt,100.0,,0.2026,0.2026,3.9288,3.9288,,0.00,,,0.00,,0.00,
MI CP Coconut Veggie Curry Plate - In House,1.00,Each,1.00,Each,1.00,,Inactive,=,,Inactive,=,1.00,Each,No,,,YIELD Cilantro Chopped,0.01,OZ-wt,100.0,,0.0038,0.0038,3.9288,3.9288,,0.00,,,0.00,,0.00,
MI CP Coconut Veggie Curry Plate - Online,1.00,Each,1.00,Each,1.00,,Inactive,=,,Inactive,=,1.00,Each,No,,,BATCH Harvest Vegetables Cooked,6.00,OZ-wt,100.0,,1.6694,1.6694,3.8196,3.8196,,0.00,,,0.00,,0.00,
MI CP Coconut Veggie Curry Plate - Online,1.00,Each,1.00,Each,1.00,,Inactive,=,,Inactive,=,1.00,Each,No,,,EVERMADE Coconut Ginger Sauce,8.00,OZ-fl,100.0,,1.5997,1.5997,3.8196,3.8196,,0.00,,,0.00,,0.00,
MI CP Coconut Veggie Curry Plate - Online,1.00,Each,1.00,Each,1.00,,Inactive,=,,Inactive,=,1.00,Each,No,,,MI To Go Plate Disposables - Online,1.00,Each,100.0,,0.5467,0.5467,3.8196,3.8196,,0.00,,,0.00,,0.00,
MI CP Coconut Veggie Curry Plate - Online,1.00,Each,1.00,Each,1.00,,Inactive,=,,Inactive,=,1.00,Each,No,,,YIELD Cilantro Chopped,0.01,OZ-wt,100.0,,0.0038,0.0038,3.8196,3.8196,,0.00,,,0.00,,0.00,
MI CP Lamb Kofta Korma - Half Portion,1.00,Each,1.00,Each,1.00,,Inactive,=,,Inactive,=,1.00,Each,No,,,BATCH Lamb Kebab Meatballs Cooked,3.00,Each,100.0,,1.6832,1.6832,2.2180,2.2180,,0.00,,,0.00,,0.00,
MI CP Lamb Kofta Korma - Half Portion,1.00,Each,1.00,Each,1.00,,Inactive,=,,Inactive,=,1.00,Each,No,,,EVERMADE Peanut Sesame Sauce,4.00,OZ-fl,100.0,,0.5310,0.5310,2.2180,2.2180,,0.00,,,0.00,,0.00,
MI CP Lamb Kofta Korma - Half Portion,1.00,Each,1.00,Each,1.00,,Inactive,=,,Inactive,=,1.00,Each,No,,,YIELD Cilantro Chopped,0.01,OZ-wt,100.0,,0.0038,0.0038,2.2180,2.2180,,0.00,,,0.00,,0.00,
MI CP Lamb Kofta Korma - Side,1.00,Each,1.00,Each,1.00,,Inactive,=,,Inactive,=,1.00,Each,No,,,"Lid, Cup Soup",1.00,Each,100.0,,0.0550,0.0550,2.3380,2.3380,,0.00,,,0.00,,0.00,
MI CP Lamb Kofta Korma - Side,1.00,Each,1.00,Each,1.00,,Inactive,=,,Inactive,=,1.00,Each,No,,,"Cup, Soup",1.00,Each,100.0,,0.0650,0.0650,2.3380,2.3380,,0.00,,,0.00,,0.00,
MI CP Lamb Kofta Korma - Side,1.00,Each,1.00,Each,1.00,,Inactive,=,,Inactive,=,1.00,Each,No,,,BATCH Lamb Kebab Meatballs Cooked,3.00,Each,100.0,,1.6832,1.6832,2.3380,2.3380,,0.00,,,0.00,,0.00,
MI CP Lamb Kofta Korma - Side,1.00,Each,1.00,Each,1.00,,Inactive,=,,Inactive,=,1.00,Each,No,,,EVERMADE Peanut Sesame Sauce,4.00,OZ-fl,100.0,,0.5310,0.5310,2.3380,2.3380,,0.00,,,0.00,,0.00,
MI CP Lamb Kofta Korma - Side,1.00,Each,1.00,Each,1.00,,Inactive,=,,Inactive,=,1.00,Each,No,,,YIELD Cilantro Chopped,0.01,OZ-wt,100.0,,0.0038,0.0038,2.3380,2.3380,,0.00,,,0.00,,0.00,
MI CP Lamb Kofta Korma Plate - In House,1.00,Each,1.00,Each,1.00,,Inactive,=,,Inactive,=,1.00,Each,No,,,BATCH Lamb Kebab Meatballs Cooked,5.00,Each,100.0,,2.8053,2.8053,4.5269,4.5269,,0.00,,,0.00,,0.00,
MI CP Lamb Kofta Korma Plate - In House,1.00,Each,1.00,Each,1.00,,Inactive,=,,Inactive,=,1.00,Each,No,,,EVERMADE Peanut Sesame Sauce,8.00,OZ-fl,100.0,,1.0619,1.0619,4.5269,4.5269,,0.00,,,0.00,,0.00,
MI CP Lamb Kofta Korma Plate - In House,1.00,Each,1.00,Each,1.00,,Inactive,=,,Inactive,=,1.00,Each,No,,,MI To Go Plate Disposables - In House,1.00,Each,100.0,,0.4533,0.4533,4.5269,4.5269,,0.00,,,0.00,,0.00,
MI CP Lamb Kofta Korma Plate - In House,1.00,Each,1.00,Each,1.00,,Inactive,=,,Inactive,=,1.00,Each,No,,,BATCH Basmati Rice,8.00,OZ-wt,100.0,,0.2026,0.2026,4.5269,4.5269,,0.00,,,0.00,,0.00,
MI CP Lamb Kofta Korma Plate - In House,1.00,Each,1.00,Each,1.00,,Inactive,=,,Inactive,=,1.00,Each,No,,,YIELD Cilantro Chopped,0.01,OZ-wt,100.0,,0.0038,0.0038,4.5269,4.5269,,0.00,,,0.00,,0.00,
MI CP Lamb Kofta Korma Plate - Online,1.00,Each,1.00,Each,1.00,,Inactive,=,,Inactive,=,1.00,Each,No,,,MI To Go Plate Disposables - Online,1.00,Each,100.0,,0.5467,0.5467,4.4177,4.4177,,0.00,,,0.00,,0.00,
MI CP Lamb Kofta Korma Plate - Online,1.00,Each,1.00,Each,1.00,,Inactive,=,,Inactive,=,1.00,Each,No,,,BATCH Lamb Kebab Meatballs Cooked,5.00,Each,100.0,,2.8053,2.8053,4.4177,4.4177,,0.00,,,0.00,,0.00,
MI CP Lamb Kofta Korma Plate - Online,1.00,Each,1.00,Each,1.00,,Inactive,=,,Inactive,=,1.00,Each,No,,,EVERMADE Peanut Sesame Sauce,8.00,OZ-fl,100.0,,1.0619,1.0619,4.4177,4.4177,,0.00,,,0.00,,0.00,
MI CP Lamb Kofta Korma Plate - Online,1.00,Each,1.00,Each,1.00,,Inactive,=,,Inactive,=,1.00,Each,No,,,YIELD Cilantro Chopped,0.01,OZ-wt,100.0,,0.0038,0.0038,4.4177,4.4177,,0.00,,,0.00,,0.00,
MI CP Paneer Butter Masala - Half Portion,1.00,Each,1.00,Each,1.00,,Inactive,=,,Inactive,=,1.00,Each,No,,,BATCH Tandoori Paneer Cooked,3.00,Each,100.0,,0.7635,0.7635,1.5196,1.5196,,0.00,,,0.00,,0.00,
MI CP Paneer Butter Masala - Half Portion,1.00,Each,1.00,Each,1.00,,Inactive,=,,Inactive,=,1.00,Each,No,,,NEST Cardamom Ground,0.05,Gram,100.0,,0.0028,0.0028,1.5196,1.5196,,0.00,,,0.00,,0.00,
MI CP Paneer Butter Masala - Half Portion,1.00,Each,1.00,Each,1.00,,Inactive,=,,Inactive,=,1.00,Each,No,,,NEST Toasted Fenugreek Powder,0.05,Gram,100.0,,0.0009,0.0009,1.5196,1.5196,,0.00,,,0.00,,0.00,
MI CP Paneer Butter Masala - Half Portion,1.00,Each,1.00,Each,1.00,,Inactive,=,,Inactive,=,1.00,Each,No,,,EVERMADE Tomato Garlic Sauce,4.00,OZ-fl,100.0,,0.7524,0.7524,1.5196,1.5196,,0.00,,,0.00,,0.00,
MI CP Paneer Butter Masala - Side,1.00,Each,1.00,Each,1.00,,Inactive,=,,Inactive,=,1.00,Each,No,,,"Lid, Cup Soup",1.00,Each,100.0,,0.0550,0.0550,1.8941,1.8941,,0.00,,,0.00,,0.00,
MI CP Paneer Butter Masala - Side,1.00,Each,1.00,Each,1.00,,Inactive,=,,Inactive,=,1.00,Each,No,,,"Cup, Soup",1.00,Each,100.0,,0.0650,0.0650,1.8941,1.8941,,0.00,,,0.00,,0.00,
MI CP Paneer Butter Masala - Side,1.00,Each,1.00,Each,1.00,,Inactive,=,,Inactive,=,1.00,Each,No,,,BATCH Tandoori Paneer Cooked,4.00,Each,100.0,,1.0180,1.0180,1.8941,1.8941,,0.00,,,0.00,,0.00,
MI CP Paneer Butter Masala - Side,1.00,Each,1.00,Each,1.00,,Inactive,=,,Inactive,=,1.00,Each,No,,,NEST Cardamom Ground,0.05,Gram,100.0,,0.0028,0.0028,1.8941,1.8941,,0.00,,,0.00,,0.00,
MI CP Paneer Butter Masala - Side,1.00,Each,1.00,Each,1.00,,Inactive,=,,Inactive,=,1.00,Each,No,,,NEST Toasted Fenugreek Powder,0.05,Gram,100.0,,0.0009,0.0009,1.8941,1.8941,,0.00,,,0.00,,0.00,
MI CP Paneer Butter Masala - Side,1.00,Each,1.00,Each,1.00,,Inactive,=,,Inactive,=,1.00,Each,No,,,EVERMADE Tomato Garlic Sauce,4.00,OZ-fl,100.0,,0.7524,0.7524,1.8941,1.8941,,0.00,,,0.00,,0.00,
MI CP Paneer Butter Masala Plate - In House,1.00,Each,1.00,Each,1.00,,Inactive,=,,Inactive,=,1.00,Each,No,,,MI To Go Plate Disposables - In House,1.00,Each,100.0,,0.4533,0.4533,3.6914,3.6914,,0.00,,,0.00,,0.00,
MI CP Paneer Butter Masala Plate - In House,1.00,Each,1.00,Each,1.00,,Inactive,=,,Inactive,=,1.00,Each,No,,,BATCH Tandoori Paneer Cooked,6.00,Each,100.0,,1.5271,1.5271,3.6914,3.6914,,0.00,,,0.00,,0.00,
MI CP Paneer Butter Masala Plate - In House,1.00,Each,1.00,Each,1.00,,Inactive,=,,Inactive,=,1.00,Each,No,,,NEST Cardamom Ground,0.05,Gram,100.0,,0.0028,0.0028,3.6914,3.6914,,0.00,,,0.00,,0.00,
MI CP Paneer Butter Masala Plate - In House,1.00,Each,1.00,Each,1.00,,Inactive,=,,Inactive,=,1.00,Each,No,,,NEST Toasted Fenugreek Powder,0.05,Gram,100.0,,0.0009,0.0009,3.6914,3.6914,,0.00,,,0.00,,0.00,
MI CP Paneer Butter Masala Plate - In House,1.00,Each,1.00,Each,1.00,,Inactive,=,,Inactive,=,1.00,Each,No,,,EVERMADE Tomato Garlic Sauce,8.00,OZ-fl,100.0,,1.5047,1.5047,3.6914,3.6914,,0.00,,,0.00,,0.00,
MI CP Paneer Butter Masala Plate - In House,1.00,Each,1.00,Each,1.00,,Inactive,=,,Inactive,=,1.00,Each,No,,,BATCH Basmati Rice,8.00,OZ-wt,100.0,,0.2026,0.2026,3.6914,3.6914,,0.00,,,0.00,,0.00,
MI CP Paneer Butter Masala Plate - Online,1.00,Each,1.00,Each,1.00,,Inactive,=,,Inactive,=,1.00,Each,No,,,MI To Go Plate Disposables - Online,1.00,Each,100.0,,0.5467,0.5467,3.5822,3.5822,,0.00,,,0.00,,0.00,
MI CP Paneer Butter Masala Plate - Online,1.00,Each,1.00,Each,1.00,,Inactive,=,,Inactive,=,1.00,Each,No,,,BATCH Tandoori Paneer Cooked,6.00,Each,100.0,,1.5271,1.5271,3.5822,3.5822,,0.00,,,0.00,,0.00,
MI CP Paneer Butter Masala Plate - Online,1.00,Each,1.00,Each,1.00,,Inactive,=,,Inactive,=,1.00,Each,No,,,NEST Cardamom Ground,0.05,Gram,100.0,,0.0028,0.0028,3.5822,3.5822,,0.00,,,0.00,,0.00,
MI CP Paneer Butter Masala Plate - Online,1.00,Each,1.00,Each,1.00,,Inactive,=,,Inactive,=,1.00,Each,No,,,NEST Toasted Fenugreek Powder,0.05,Gram,100.0,,0.0009,0.0009,3.5822,3.5822,,0.00,,,0.00,,0.00,
MI CP Paneer Butter Masala Plate - Online,1.00,Each,1.00,Each,1.00,,Inactive,=,,Inactive,=,1.00,Each,No,,,EVERMADE Tomato Garlic Sauce,8.00,OZ-fl,100.0,,1.5047,1.5047,3.5822,3.5822,,0.00,,,0.00,,0.00,
MI CP Paneer Tikka Masala - Half Portion,1.00,Each,1.00,Each,1.00,,Inactive,=,,Inactive,=,1.00,Each,No,,,YIELD Cilantro Chopped,0.01,OZ-wt,100.0,,0.0038,0.0038,1.5033,1.5033,,0.00,,,0.00,,0.00,
MI CP Paneer Tikka Masala - Half Portion,1.00,Each,1.00,Each,1.00,,Inactive,=,,Inactive,=,1.00,Each,No,,,BATCH Tikka Masala Sauce,4.00,OZ-fl,100.0,,0.7360,0.7360,1.5033,1.5033,,0.00,,,0.00,,0.00,
MI CP Paneer Tikka Masala - Half Portion,1.00,Each,1.00,Each,1.00,,Inactive,=,,Inactive,=,1.00,Each,No,,,BATCH Tandoori Paneer Cooked,3.00,Each,100.0,,0.7635,0.7635,1.5033,1.5033,,0.00,,,0.00,,0.00,
MI CP Paneer Tikka Masala - Side,1.00,Each,1.00,Each,1.00,,Inactive,=,,Inactive,=,1.00,Each,No,,,YIELD Cilantro Chopped,0.01,OZ-wt,100.0,,0.0038,0.0038,1.8778,1.8778,,0.00,,,0.00,,0.00,
MI CP Paneer Tikka Masala - Side,1.00,Each,1.00,Each,1.00,,Inactive,=,,Inactive,=,1.00,Each,No,,,BATCH Tikka Masala Sauce,4.00,OZ-fl,100.0,,0.7360,0.7360,1.8778,1.8778,,0.00,,,0.00,,0.00,
MI CP Paneer Tikka Masala - Side,1.00,Each,1.00,Each,1.00,,Inactive,=,,Inactive,=,1.00,Each,No,,,"Lid, Cup Soup",1.00,Each,100.0,,0.0550,0.0550,1.8778,1.8778,,0.00,,,0.00,,0.00,
MI CP Paneer Tikka Masala - Side,1.00,Each,1.00,Each,1.00,,Inactive,=,,Inactive,=,1.00,Each,No,,,"Cup, Soup",1.00,Each,100.0,,0.0650,0.0650,1.8778,1.8778,,0.00,,,0.00,,0.00,
MI CP Paneer Tikka Masala - Side,1.00,Each,1.00,Each,1.00,,Inactive,=,,Inactive,=,1.00,Each,No,,,BATCH Tandoori Paneer Cooked,4.00,Each,100.0,,1.0180,1.0180,1.8778,1.8778,,0.00,,,0.00,,0.00,
MI CP Paneer Tikka Masala Plate - In House,1.00,Each,1.00,Each,1.00,,Inactive,=,,Inactive,=,1.00,Each,No,,,YIELD Cilantro Chopped,0.01,OZ-wt,100.0,,0.0038,0.0038,3.6589,3.6589,,0.00,,,0.00,,0.00,
MI CP Paneer Tikka Masala Plate - In House,1.00,Each,1.00,Each,1.00,,Inactive,=,,Inactive,=,1.00,Each,No,,,BATCH Tikka Masala Sauce,8.00,OZ-fl,100.0,,1.4721,1.4721,3.6589,3.6589,,0.00,,,0.00,,0.00,
MI CP Paneer Tikka Masala Plate - In House,1.00,Each,1.00,Each,1.00,,Inactive,=,,Inactive,=,1.00,Each,No,,,MI To Go Plate Disposables - In House,1.00,Each,100.0,,0.4533,0.4533,3.6589,3.6589,,0.00,,,0.00,,0.00,
MI CP Paneer Tikka Masala Plate - In House,1.00,Each,1.00,Each,1.00,,Inactive,=,,Inactive,=,1.00,Each,No,,,BATCH Tandoori Paneer Cooked,6.00,Each,100.0,,1.5271,1.5271,3.6589,3.6589,,0.00,,,0.00,,0.00,
MI CP Paneer Tikka Masala Plate - In House,1.00,Each,1.00,Each,1.00,,Inactive,=,,Inactive,=,1.00,Each,No,,,BATCH Basmati Rice,8.00,OZ-wt,100.0,,0.2026,0.2026,3.6589,3.6589,,0.00,,,0.00,,0.00,
MI CP Paneer Tikka Masala Plate - Online,1.00,Each,1.00,Each,1.00,,Inactive,=,,Inactive,=,1.00,Each,No,,,YIELD Cilantro Chopped,0.01,OZ-wt,100.0,,0.0038,0.0038,3.5497,3.5497,,0.00,,,0.00,,0.00,
MI CP Paneer Tikka Masala Plate - Online,1.00,Each,1.00,Each,1.00,,Inactive,=,,Inactive,=,1.00,Each,No,,,BATCH Tikka Masala Sauce,8.00,OZ-fl,100.0,,1.4721,1.4721,3.5497,3.5497,,0.00,,,0.00,,0.00,
MI CP Paneer Tikka Masala Plate - Online,1.00,Each,1.00,Each,1.00,,Inactive,=,,Inactive,=,1.00,Each,No,,,MI To Go Plate Disposables - Online,1.00,Each,100.0,,0.5467,0.5467,3.5497,3.5497,,0.00,,,0.00,,0.00,
MI CP Paneer Tikka Masala Plate - Online,1.00,Each,1.00,Each,1.00,,Inactive,=,,Inactive,=,1.00,Each,No,,,BATCH Tandoori Paneer Cooked,6.00,Each,100.0,,1.5271,1.5271,3.5497,3.5497,,0.00,,,0.00,,0.00,
MI CP Pick 2 Plate - In House,1.00,Each,1.00,Each,1.00,,Inactive,=,,Inactive,=,1.00,Each,No,,,BATCH Basmati Rice,8.00,OZ-wt,100.0,,0.2026,0.2026,0.8865,0.8865,,0.00,,,0.00,,0.00,
MI CP Pick 2 Plate - In House,1.00,Each,1.00,Each,1.00,,Inactive,=,,Inactive,=,1.00,Each,No,,,MI To Go Pick 2 Plate Disposables - In House,1.00,Each,100.0,,0.6839,0.6839,0.8865,0.8865,,0.00,,,0.00,,0.00,
MI CP Pick 2 Plate - Online,1.00,Each,1.00,Each,1.00,,Inactive,=,,Inactive,=,1.00,Each,No,,,MI To Go Pick 2 Plate Disposables - Online,1.00,Each,100.0,,0.7773,0.7773,0.7773,0.7773,,0.00,,,0.00,,0.00,
MI CP Saag Chole - Half Portion,1.00,Each,1.00,Each,1.00,,Inactive,=,,Inactive,=,1.00,Each,No,,,BATCH Spiced Chickpeas,3.00,OZ-fl,100.0,,0.1866,0.1866,0.5284,0.5284,,0.00,,,0.00,,0.00,
MI CP Saag Chole - Half Portion,1.00,Each,1.00,Each,1.00,,Inactive,=,,Inactive,=,1.00,Each,No,,,YIELD Cilantro Chopped,0.01,OZ-wt,100.0,,0.0038,0.0038,0.5284,0.5284,,0.00,,,0.00,,0.00,
MI CP Saag Chole - Half Portion,1.00,Each,1.00,Each,1.00,,Inactive,=,,Inactive,=,1.00,Each,No,,,BATCH Sautéed Spinach,3.00,OZ-fl,100.0,,0.3380,0.3380,0.5284,0.5284,,0.00,,,0.00,,0.00,
MI CP Saag Chole - Side,1.00,Each,1.00,Each,1.00,,Inactive,=,,Inactive,=,1.00,Each,No,,,BATCH Spiced Chickpeas,3.00,OZ-fl,100.0,,0.1866,0.1866,0.6484,0.6484,,0.00,,,0.00,,0.00,
MI CP Saag Chole - Side,1.00,Each,1.00,Each,1.00,,Inactive,=,,Inactive,=,1.00,Each,No,,,YIELD Cilantro Chopped,0.01,OZ-wt,100.0,,0.0038,0.0038,0.6484,0.6484,,0.00,,,0.00,,0.00,
MI CP Saag Chole - Side,1.00,Each,1.00,Each,1.00,,Inactive,=,,Inactive,=,1.00,Each,No,,,"Lid, Cup Soup",1.00,Each,100.0,,0.0550,0.0550,0.6484,0.6484,,0.00,,,0.00,,0.00,
MI CP Saag Chole - Side,1.00,Each,1.00,Each,1.00,,Inactive,=,,Inactive,=,1.00,Each,No,,,"Cup, Soup",1.00,Each,100.0,,0.0650,0.0650,0.6484,0.6484,,0.00,,,0.00,,0.00,
MI CP Saag Chole - Side,1.00,Each,1.00,Each,1.00,,Inactive,=,,Inactive,=,1.00,Each,No,,,BATCH Sautéed Spinach,3.00,OZ-fl,100.0,,0.3380,0.3380,0.6484,0.6484,,0.00,,,0.00,,0.00,
MI CP Saag Chole Plate - In House,1.00,Each,1.00,Each,1.00,,Inactive,=,,Inactive,=,1.00,Each,No,,,BATCH Spiced Chickpeas,4.00,OZ-fl,100.0,,0.2488,0.2488,1.3592,1.3592,,0.00,,,0.00,,0.00,
MI CP Saag Chole Plate - In House,1.00,Each,1.00,Each,1.00,,Inactive,=,,Inactive,=,1.00,Each,No,,,YIELD Cilantro Chopped,0.01,OZ-wt,100.0,,0.0038,0.0038,1.3592,1.3592,,0.00,,,0.00,,0.00,
MI CP Saag Chole Plate - In House,1.00,Each,1.00,Each,1.00,,Inactive,=,,Inactive,=,1.00,Each,No,,,MI To Go Plate Disposables - In House,1.00,Each,100.0,,0.4533,0.4533,1.3592,1.3592,,0.00,,,0.00,,0.00,
MI CP Saag Chole Plate - In House,1.00,Each,1.00,Each,1.00,,Inactive,=,,Inactive,=,1.00,Each,No,,,BATCH Sautéed Spinach,4.00,OZ-fl,100.0,,0.4507,0.4507,1.3592,1.3592,,0.00,,,0.00,,0.00,
MI CP Saag Chole Plate - In House,1.00,Each,1.00,Each,1.00,,Inactive,=,,Inactive,=,1.00,Each,No,,,BATCH Basmati Rice,8.00,OZ-wt,100.0,,0.2026,0.2026,1.3592,1.3592,,0.00,,,0.00,,0.00,
MI CP Saag Chole Plate - Online,1.00,Each,1.00,Each,1.00,,Inactive,=,,Inactive,=,1.00,Each,No,,,BATCH Spiced Chickpeas,4.00,OZ-fl,100.0,,0.2488,0.2488,1.2500,1.2500,,0.00,,,0.00,,0.00,
MI CP Saag Chole Plate - Online,1.00,Each,1.00,Each,1.00,,Inactive,=,,Inactive,=,1.00,Each,No,,,YIELD Cilantro Chopped,0.01,OZ-wt,100.0,,0.0038,0.0038,1.2500,1.2500,,0.00,,,0.00,,0.00,
MI CP Saag Chole Plate - Online,1.00,Each,1.00,Each,1.00,,Inactive,=,,Inactive,=,1.00,Each,No,,,MI To Go Plate Disposables - Online,1.00,Each,100.0,,0.5467,0.5467,1.2500,1.2500,,0.00,,,0.00,,0.00,
MI CP Saag Chole Plate - Online,1.00,Each,1.00,Each,1.00,,Inactive,=,,Inactive,=,1.00,Each,No,,,BATCH Sautéed Spinach,4.00,OZ-fl,100.0,,0.4507,0.4507,1.2500,1.2500,,0.00,,,0.00,,0.00,
MI CP Saag Paneer - Half Portion,1.00,Each,1.00,Each,1.00,,Inactive,=,,Inactive,=,1.00,Each,No,,,NEST Toasted Fenugreek Powder,0.50,Gram,100.0,,0.0090,0.0090,1.2232,1.2232,,0.00,,,0.00,,0.00,
MI CP Saag Paneer - Half Portion,1.00,Each,1.00,Each,1.00,,Inactive,=,,Inactive,=,1.00,Each,No,,,BATCH Sautéed Spinach,4.00,OZ-fl,100.0,,0.4507,0.4507,1.2232,1.2232,,0.00,,,0.00,,0.00,
MI CP Saag Paneer - Half Portion,1.00,Each,1.00,Each,1.00,,Inactive,=,,Inactive,=,1.00,Each,No,,,BATCH Tandoori Paneer Cooked,3.00,Each,100.0,,0.7635,0.7635,1.2232,1.2232,,0.00,,,0.00,,0.00,
MI CP Saag Paneer - Side,1.00,Each,1.00,Each,1.00,,Inactive,=,,Inactive,=,1.00,Each,No,,,"Lid, Cup Soup",1.00,Each,100.0,,0.0550,0.0550,1.5977,1.5977,,0.00,,,0.00,,0.00,
MI CP Saag Paneer - Side,1.00,Each,1.00,Each,1.00,,Inactive,=,,Inactive,=,1.00,Each,No,,,"Cup, Soup",1.00,Each,100.0,,0.0650,0.0650,1.5977,1.5977,,0.00,,,0.00,,0.00,
MI CP Saag Paneer - Side,1.00,Each,1.00,Each,1.00,,Inactive,=,,Inactive,=,1.00,Each,No,,,NEST Toasted Fenugreek Powder,0.50,Gram,100.0,,0.0090,0.0090,1.5977,1.5977,,0.00,,,0.00,,0.00,
MI CP Saag Paneer - Side,1.00,Each,1.00,Each,1.00,,Inactive,=,,Inactive,=,1.00,Each,No,,,BATCH Sautéed Spinach,4.00,OZ-fl,100.0,,0.4507,0.4507,1.5977,1.5977,,0.00,,,0.00,,0.00,
MI CP Saag Paneer - Side,1.00,Each,1.00,Each,1.00,,Inactive,=,,Inactive,=,1.00,Each,No,,,BATCH Tandoori Paneer Cooked,4.00,Each,100.0,,1.0180,1.0180,1.5977,1.5977,,0.00,,,0.00,,0.00,
MI CP Saag Paneer Plate - In House,1.00,Each,1.00,Each,1.00,,Inactive,=,,Inactive,=,1.00,Each,No,,,MI To Go Plate Disposables - In House,1.00,Each,100.0,,0.4533,0.4533,2.8680,2.8680,,0.00,,,0.00,,0.00,
MI CP Saag Paneer Plate - In House,1.00,Each,1.00,Each,1.00,,Inactive,=,,Inactive,=,1.00,Each,No,,,NEST Toasted Fenugreek Powder,0.50,Gram,100.0,,0.0090,0.0090,2.8680,2.8680,,0.00,,,0.00,,0.00,
MI CP Saag Paneer Plate - In House,1.00,Each,1.00,Each,1.00,,Inactive,=,,Inactive,=,1.00,Each,No,,,BATCH Sautéed Spinach,6.00,OZ-fl,100.0,,0.6760,0.6760,2.8680,2.8680,,0.00,,,0.00,,0.00,
MI CP Saag Paneer Plate - In House,1.00,Each,1.00,Each,1.00,,Inactive,=,,Inactive,=,1.00,Each,No,,,BATCH Tandoori Paneer Cooked,6.00,Each,100.0,,1.5271,1.5271,2.8680,2.8680,,0.00,,,0.00,,0.00,
MI CP Saag Paneer Plate - In House,1.00,Each,1.00,Each,1.00,,Inactive,=,,Inactive,=,1.00,Each,No,,,BATCH Basmati Rice,8.00,OZ-wt,100.0,,0.2026,0.2026,2.8680,2.8680,,0.00,,,0.00,,0.00,
MI CP Saag Paneer Plate - Online,1.00,Each,1.00,Each,1.00,,Inactive,=,,Inactive,=,1.00,Each,No,,,MI To Go Plate Disposables - Online,1.00,Each,100.0,,0.5467,0.5467,2.7588,2.7588,,0.00,,,0.00,,0.00,
MI CP Saag Paneer Plate - Online,1.00,Each,1.00,Each,1.00,,Inactive,=,,Inactive,=,1.00,Each,No,,,NEST Toasted Fenugreek Powder,0.50,Gram,100.0,,0.0090,0.0090,2.7588,2.7588,,0.00,,,0.00,,0.00,
MI CP Saag Paneer Plate - Online,1.00,Each,1.00,Each,1.00,,Inactive,=,,Inactive,=,1.00,Each,No,,,BATCH Sautéed Spinach,6.00,OZ-fl,100.0,,0.6760,0.6760,2.7588,2.7588,,0.00,,,0.00,,0.00,
MI CP Saag Paneer Plate - Online,1.00,Each,1.00,Each,1.00,,Inactive,=,,Inactive,=,1.00,Each,No,,,BATCH Tandoori Paneer Cooked,6.00,Each,100.0,,1.5271,1.5271,2.7588,2.7588,,0.00,,,0.00,,0.00,
MI Cranberry Chutney,1.00,Each,1.00,Each,1.00,,Inactive,=,,Inactive,=,1.00,Each,No,,,BATCH Cranberry Chutney,1.00,OZ-fl,100.0,,0.0897,0.0897,0.0897,0.0897,,0.00,,,0.00,,0.00,
MI Cucumber Cubes,1.00,Each,1.00,Each,1.00,,Inactive,=,,Inactive,=,1.00,Each,No,,,YIELD Cucumber Chopped,0.50,OZ-wt,100.0,,0.0161,0.0161,0.0161,0.0161,,0.00,,,0.00,,0.00,
MI Cucumber Cubes - Classic,1.00,Each,1.00,Each,1.00,,Inactive,=,,Inactive,=,1.00,Each,No,,,YIELD Cucumber Chopped,0.60,OZ-wt,100.0,,0.0193,0.0193,0.0193,0.0193,,0.00,,,0.00,,0.00,
MI Cucumber Cubes - Desi Deluxe,1.00,Each,1.00,Each,1.00,,Inactive,=,,Inactive,=,1.00,Each,No,,,YIELD Cucumber Chopped,0.56,OZ-wt,100.0,,0.0180,0.0180,0.0180,0.0180,,0.00,,,0.00,,0.00,
MI Cucumber Cubes - Party Pack,1.00,Each,1.00,Each,1.00,,Inactive,=,,Inactive,=,1.00,Each,No,,,YIELD Cucumber Chopped,0.70,OZ-wt,100.0,,0.0225,0.0225,0.0225,0.0225,,0.00,,,0.00,,0.00,
MI Cucumber Raita,1.00,Each,1.00,Each,1.00,,Inactive,=,,Inactive,=,1.00,Each,No,,,MI To Go Side Disposables,1.00,Each,100.0,,0.0927,0.0927,0.4869,0.4869,,0.00,,,0.00,,0.00,
MI Cucumber Raita,1.00,Each,1.00,Each,1.00,,Inactive,=,,Inactive,=,1.00,Each,No,,,BATCH Raita Cucumber,1.00,Cont-5oz-fl,100.0,,0.3942,0.3942,0.4869,0.4869,,0.00,,,0.00,,0.00,
MI DC Brau Pilsner 1 can,1.00,Each,1.00,Each,1.00,,Inactive,=,,Inactive,=,1.00,Each,No,,,"Beer, DC Brau Pilsner",1.00,Can-12oz-fl,100.0,,1.5979,1.5979,1.5979,1.5979,,0.00,,,0.00,,0.00,
MI DC Brau Pilsner 6 pack,1.00,Each,1.00,Each,1.00,,Inactive,=,,Inactive,=,1.00,Each,No,,,"Beer, DC Brau Pilsner",6.00,Can-12oz-fl,100.0,,9.5875,9.5875,9.5875,9.5875,,0.00,,,0.00,,0.00,
MI DCSW Chicken Tikka Bowl,1.00,Each,1.00,Each,1.00,,Inactive,=,,Inactive,=,1.00,Each,No,,,YIELD Cucumber Chopped,0.50,OZ-wt,100.0,,0.0161,0.0161,2.2784,2.2784,,0.00,,,0.00,,0.00,
MI DCSW Chicken Tikka Bowl,1.00,Each,1.00,Each,1.00,,Inactive,=,,Inactive,=,1.00,Each,No,,,"Cont, Black Plastic Round 32oz with Lid",1.00,Each,100.0,,0.2330,0.2330,2.2784,2.2784,,0.00,,,0.00,,0.00,
MI DCSW Chicken Tikka Bowl,1.00,Each,1.00,Each,1.00,,Inactive,=,,Inactive,=,1.00,Each,No,,,BATCH Tikka Masala Sauce,4.00,OZ-fl,100.0,,0.7360,0.7360,2.2784,2.2784,,0.00,,,0.00,,0.00,
MI DCSW Chicken Tikka Bowl,1.00,Each,1.00,Each,1.00,,Inactive,=,,Inactive,=,1.00,Each,No,,,BATCH Sautéed Spinach,2.40,OZ-wt,100.0,,0.2545,0.2545,2.2784,2.2784,,0.00,,,0.00,,0.00,
MI DCSW Chicken Tikka Bowl,1.00,Each,1.00,Each,1.00,,Inactive,=,,Inactive,=,1.00,Each,No,,,BATCH Mint Cilantro Chutney,1.00,OZ-fl,100.0,,0.1854,0.1854,2.2784,2.2784,,0.00,,,0.00,,0.00,
MI DCSW Chicken Tikka Bowl,1.00,Each,1.00,Each,1.00,,Inactive,=,,Inactive,=,1.00,Each,No,,,BATCH Toasted Cumin Yogurt,1.00,OZ-fl,100.0,,0.0890,0.0890,2.2784,2.2784,,0.00,,,0.00,,0.00,
MI DCSW Chicken Tikka Bowl,1.00,Each,1.00,Each,1.00,,Inactive,=,,Inactive,=,1.00,Each,No,,,BATCH Basmati Rice,7.30,OZ-wt,100.0,,0.1849,0.1849,2.2784,2.2784,,0.00,,,0.00,,0.00,
MI DCSW Chicken Tikka Bowl,1.00,Each,1.00,Each,1.00,,Inactive,=,,Inactive,=,1.00,Each,No,,,BATCH Chicken Tikka Cooked New,4.00,OZ-wt,100.0,,0.5795,0.5795,2.2784,2.2784,,0.00,,,0.00,,0.00,
MI DCSW Paneer Tikka Bowl,1.00,Each,1.00,Each,1.00,,Inactive,=,,Inactive,=,1.00,Each,No,,,EVERMADE Sweet Tamarind,1.00,OZ-fl,100.0,,0.1811,0.1811,3.0636,3.0636,,0.00,,,0.00,,0.00,
MI DCSW Paneer Tikka Bowl,1.00,Each,1.00,Each,1.00,,Inactive,=,,Inactive,=,1.00,Each,No,,,BATCH Tandoori Paneer Cooked,5.00,Each,100.0,,1.2726,1.2726,3.0636,3.0636,,0.00,,,0.00,,0.00,
MI DCSW Paneer Tikka Bowl,1.00,Each,1.00,Each,1.00,,Inactive,=,,Inactive,=,1.00,Each,No,,,YIELD Cucumber Chopped,0.50,OZ-wt,100.0,,0.0161,0.0161,3.0636,3.0636,,0.00,,,0.00,,0.00,
MI DCSW Paneer Tikka Bowl,1.00,Each,1.00,Each,1.00,,Inactive,=,,Inactive,=,1.00,Each,No,,,"Cont, Black Plastic Round 32oz with Lid",1.00,Each,100.0,,0.2330,0.2330,3.0636,3.0636,,0.00,,,0.00,,0.00,
MI DCSW Paneer Tikka Bowl,1.00,Each,1.00,Each,1.00,,Inactive,=,,Inactive,=,1.00,Each,No,,,BATCH Tikka Masala Sauce,4.00,OZ-fl,100.0,,0.7360,0.7360,3.0636,3.0636,,0.00,,,0.00,,0.00,
MI DCSW Paneer Tikka Bowl,1.00,Each,1.00,Each,1.00,,Inactive,=,,Inactive,=,1.00,Each,No,,,BATCH Sautéed Spinach,2.40,OZ-wt,100.0,,0.2545,0.2545,3.0636,3.0636,,0.00,,,0.00,,0.00,
MI DCSW Paneer Tikka Bowl,1.00,Each,1.00,Each,1.00,,Inactive,=,,Inactive,=,1.00,Each,No,,,BATCH Mint Cilantro Chutney,1.00,OZ-fl,100.0,,0.1854,0.1854,3.0636,3.0636,,0.00,,,0.00,,0.00,
MI DCSW Paneer Tikka Bowl,1.00,Each,1.00,Each,1.00,,Inactive,=,,Inactive,=,1.00,Each,No,,,BATCH Basmati Rice,7.30,OZ-wt,100.0,,0.1849,0.1849,3.0636,3.0636,,0.00,,,0.00,,0.00,
MI DCSW Roasted Veggies Bowl,1.00,Each,1.00,Each,1.00,,Inactive,=,,Inactive,=,1.00,Each,No,,,EVERMADE Coconut Ginger Sauce,4.00,OZ-fl,100.0,,0.7998,0.7998,2.7032,2.7032,,0.00,,,0.00,,0.00,
MI DCSW Roasted Veggies Bowl,1.00,Each,1.00,Each,1.00,,Inactive,=,,Inactive,=,1.00,Each,No,,,EVERMADE Tamarind Ginger Chutney,1.00,OZ-fl,100.0,,0.2188,0.2188,2.7032,2.7032,,0.00,,,0.00,,0.00,
MI DCSW Roasted Veggies Bowl,1.00,Each,1.00,Each,1.00,,Inactive,=,,Inactive,=,1.00,Each,No,,,BATCH Harvest Vegetables Cooked,4.00,OZ-wt,100.0,,1.1129,1.1129,2.7032,2.7032,,0.00,,,0.00,,0.00,
MI DCSW Roasted Veggies Bowl,1.00,Each,1.00,Each,1.00,,Inactive,=,,Inactive,=,1.00,Each,No,,,BATCH Spiced Chickpeas,3.10,OZ-wt,100.0,,0.1377,0.1377,2.7032,2.7032,,0.00,,,0.00,,0.00,
MI DCSW Roasted Veggies Bowl,1.00,Each,1.00,Each,1.00,,Inactive,=,,Inactive,=,1.00,Each,No,,,YIELD Cucumber Chopped,0.50,OZ-wt,100.0,,0.0161,0.0161,2.7032,2.7032,,0.00,,,0.00,,0.00,
MI DCSW Roasted Veggies Bowl,1.00,Each,1.00,Each,1.00,,Inactive,=,,Inactive,=,1.00,Each,No,,,"Cont, Black Plastic Round 32oz with Lid",1.00,Each,100.0,,0.2330,0.2330,2.7032,2.7032,,0.00,,,0.00,,0.00,
MI DCSW Roasted Veggies Bowl,1.00,Each,1.00,Each,1.00,,Inactive,=,,Inactive,=,1.00,Each,No,,,BATCH Basmati Rice,7.30,OZ-wt,100.0,,0.1849,0.1849,2.7032,2.7032,,0.00,,,0.00,,0.00,
MI DCSW Spicy Chicken Bowl,1.00,Each,1.00,Each,1.00,,Inactive,=,,Inactive,=,1.00,Each,No,,,EVERMADE Coconut Ginger Sauce,4.00,OZ-fl,100.0,,0.7998,0.7998,2.1072,2.1072,,0.00,,,0.00,,0.00,
MI DCSW Spicy Chicken Bowl,1.00,Each,1.00,Each,1.00,,Inactive,=,,Inactive,=,1.00,Each,No,,,BATCH Spicy Chili Chicken Cooked,4.00,OZ-wt,100.0,,0.6467,0.6467,2.1072,2.1072,,0.00,,,0.00,,0.00,
MI DCSW Spicy Chicken Bowl,1.00,Each,1.00,Each,1.00,,Inactive,=,,Inactive,=,1.00,Each,No,,,BATCH Spiced Chickpeas,3.10,OZ-wt,100.0,,0.1377,0.1377,2.1072,2.1072,,0.00,,,0.00,,0.00,
MI DCSW Spicy Chicken Bowl,1.00,Each,1.00,Each,1.00,,Inactive,=,,Inactive,=,1.00,Each,No,,,YIELD Cucumber Chopped,0.50,OZ-wt,100.0,,0.0161,0.0161,2.1072,2.1072,,0.00,,,0.00,,0.00,
MI DCSW Spicy Chicken Bowl,1.00,Each,1.00,Each,1.00,,Inactive,=,,Inactive,=,1.00,Each,No,,,"Cont, Black Plastic Round 32oz with Lid",1.00,Each,100.0,,0.2330,0.2330,2.1072,2.1072,,0.00,,,0.00,,0.00,
MI DCSW Spicy Chicken Bowl,1.00,Each,1.00,Each,1.00,,Inactive,=,,Inactive,=,1.00,Each,No,,,BATCH Toasted Cumin Yogurt,1.00,OZ-fl,100.0,,0.0890,0.0890,2.1072,2.1072,,0.00,,,0.00,,0.00,
MI DCSW Spicy Chicken Bowl,1.00,Each,1.00,Each,1.00,,Inactive,=,,Inactive,=,1.00,Each,No,,,BATCH Basmati Rice,7.30,OZ-wt,100.0,,0.1849,0.1849,2.1072,2.1072,,0.00,,,0.00,,0.00,
MI Eat Your Veggies - In House,1.00,Each,1.00,Each,1.00,,Inactive,=,,Inactive,=,1.00,Each,No,,,EVERMADE Coconut Ginger Sauce,4.00,OZ-fl,100.0,,0.7998,0.7998,2.7546,2.7546,,,,,,,,
MI Eat Your Veggies - In House,1.00,Each,1.00,Each,1.00,,Inactive,=,,Inactive,=,1.00,Each,No,,,EVERMADE Tamarind Ginger Chutney,0.80,OZ-wt,100.0,,0.1429,0.1429,2.7546,2.7546,,,,,,,,
MI Eat Your Veggies - In House,1.00,Each,1.00,Each,1.00,,Inactive,=,,Inactive,=,1.00,Each,No,,,MI To Go Bowl Disposables - In House,1.00,Each,100.0,,0.4878,0.4878,2.7546,2.7546,,,,,,,,
MI Eat Your Veggies - In House,1.00,Each,1.00,Each,1.00,,Inactive,=,,Inactive,=,1.00,Each,No,,,BATCH Spiced Chickpeas,3.10,OZ-wt,100.0,,0.1377,0.1377,2.7546,2.7546,,,,,,,,
MI Eat Your Veggies - In House,1.00,Each,1.00,Each,1.00,,Inactive,=,,Inactive,=,1.00,Each,No,,,BATCH Sautéed Spinach,2.40,OZ-wt,100.0,,0.2545,0.2545,2.7546,2.7546,,,,,,,,
MI Eat Your Veggies - In House,1.00,Each,1.00,Each,1.00,,Inactive,=,,Inactive,=,1.00,Each,No,,,BATCH Basmati Rice,7.30,OZ-wt,100.0,,0.1849,0.1849,2.7546,2.7546,,,,,,,,
MI Eat Your Veggies - In House,1.00,Each,1.00,Each,1.00,,Inactive,=,,Inactive,=,1.00,Each,No,,,BATCH Eggplant Cooked,1.50,OZ-wt,100.0,,0.2906,0.2906,2.7546,2.7546,,,,,,,,
MI Eat Your Veggies - In House,1.00,Each,1.00,Each,1.00,,Inactive,=,,Inactive,=,1.00,Each,No,,,BATCH Pickled Onions,0.50,OZ-wt,100.0,,0.0425,0.0425,2.7546,2.7546,,,,,,,,
MI Eat Your Veggies - In House,1.00,Each,1.00,Each,1.00,,Inactive,=,,Inactive,=,1.00,Each,No,,,BATCH Carrot Slaw,0.50,OZ-wt,100.0,,0.0454,0.0454,2.7546,2.7546,,,,,,,,
MI Eat Your Veggies - In House,1.00,Each,1.00,Each,1.00,,Inactive,=,,Inactive,=,1.00,Each,No,,,BATCH Indian Street Corn,0.50,OZ-wt,100.0,,0.0117,0.0117,2.7546,2.7546,,,,,,,,
MI Eat Your Veggies - In House,1.00,Each,1.00,Each,1.00,,Inactive,=,,Inactive,=,1.00,Each,No,,,Avocado,0.50,Each,100.0,,0.3568,0.3568,2.7546,2.7546,,,,,,,,
MI Eat Your Veggies - Online,1.00,Each,1.00,Each,1.00,,Inactive,=,,Inactive,=,1.00,Each,No,,,MI To Go Bowl Disposables - Online,1.00,Each,100.0,,0.6065,0.6065,0.6065,0.6065,,0.00,,,0.00,,0.00,
MI EF Tours Reserved Seating,1.00,Each,1.00,Each,1.00,,Inactive,=,,Inactive,=,1.00,Each,No,,,MI Turmeric Ginger Lemonade,1.00,Each,100.0,,0.5251,0.5251,3.2060,3.2060,,,,,,,,
MI EF Tours Reserved Seating,1.00,Each,1.00,Each,1.00,,Inactive,=,,Inactive,=,1.00,Each,No,,,MI Masala Chai Cookies,1.00,Each,100.0,,0.3164,0.3164,3.2060,3.2060,,,,,,,,
MI EF Tours Reserved Seating,1.00,Each,1.00,Each,1.00,,Inactive,=,,Inactive,=,1.00,Each,No,,,MI Harvest Veggies,0.11,Each,100.0,,0.1010,0.1010,3.2060,3.2060,,,,,,,,
MI EF Tours Reserved Seating,1.00,Each,1.00,Each,1.00,,Inactive,=,,Inactive,=,1.00,Each,No,,,MI Chicken Tikka,0.89,Each,100.0,,0.5158,0.5158,3.2060,3.2060,,,,,,,,
MI EF Tours Reserved Seating,1.00,Each,1.00,Each,1.00,,Inactive,=,,Inactive,=,1.00,Each,No,,,MI Masala Quinoa,0.06,Each,100.0,,0.0191,0.0191,3.2060,3.2060,,,,,,,,
MI EF Tours Reserved Seating,1.00,Each,1.00,Each,1.00,,Inactive,=,,Inactive,=,1.00,Each,No,,,MI 1/2 South Indian Rice Noodles,0.06,Each,100.0,,0.0106,0.0106,3.2060,3.2060,,,,,,,,
MI EF Tours Reserved Seating,1.00,Each,1.00,Each,1.00,,Inactive,=,,Inactive,=,1.00,Each,No,,,MI 1/2 Basmati Rice,0.08,Each,100.0,,0.0074,0.0074,3.2060,3.2060,,,,,,,,
MI EF Tours Reserved Seating,1.00,Each,1.00,Each,1.00,,Inactive,=,,Inactive,=,1.00,Each,No,,,MI 1/2 Masala Quinoa,0.08,Each,100.0,,0.0127,0.0127,3.2060,3.2060,,,,,,,,
MI EF Tours Reserved Seating,1.00,Each,1.00,Each,1.00,,Inactive,=,,Inactive,=,1.00,Each,No,,,MI South Indian Rice Noodles,0.09,Each,100.0,,0.0317,0.0317,3.2060,3.2060,,,,,,,,
MI EF Tours Reserved Seating,1.00,Each,1.00,Each,1.00,,Inactive,=,,Inactive,=,1.00,Each,No,,,MI 1/2 Lemon Turmeric Rice,0.13,Each,100.0,,0.0145,0.0145,3.2060,3.2060,,,,,,,,
MI EF Tours Reserved Seating,1.00,Each,1.00,Each,1.00,,Inactive,=,,Inactive,=,1.00,Each,No,,,MI Lemon Turmeric Rice,0.22,Each,100.0,,0.0538,0.0538,3.2060,3.2060,,,,,,,,
MI EF Tours Reserved Seating,1.00,Each,1.00,Each,1.00,,Inactive,=,,Inactive,=,1.00,Each,No,,,MI Basmati Rice,0.28,Each,100.0,,0.0567,0.0567,3.2060,3.2060,,,,,,,,
MI EF Tours Reserved Seating,1.00,Each,1.00,Each,1.00,,Inactive,=,,Inactive,=,1.00,Each,No,,,MI Kokum Vinaigrette Dressing,0.04,Each,100.0,,0.0033,0.0033,3.2060,3.2060,,,,,,,,
MI EF Tours Reserved Seating,1.00,Each,1.00,Each,1.00,,Inactive,=,,Inactive,=,1.00,Each,No,,,MI Chili Lime Vinaigrette Dressing,0.11,Each,100.0,,0.0105,0.0105,3.2060,3.2060,,,,,,,,
MI EF Tours Reserved Seating,1.00,Each,1.00,Each,1.00,,Inactive,=,,Inactive,=,1.00,Each,No,,,MI Tamarind Ginger Chutney,0.20,Each,100.0,,0.0286,0.0286,3.2060,3.2060,,,,,,,,
MI EF Tours Reserved Seating,1.00,Each,1.00,Each,1.00,,Inactive,=,,Inactive,=,1.00,Each,No,,,MI Mint Cilantro Chutney,0.29,Each,100.0,,0.0538,0.0538,3.2060,3.2060,,,,,,,,
MI EF Tours Reserved Seating,1.00,Each,1.00,Each,1.00,,Inactive,=,,Inactive,=,1.00,Each,No,,,MI Toasted Cumin Yogurt,0.29,Each,100.0,,0.0258,0.0258,3.2060,3.2060,,,,,,,,
MI EF Tours Reserved Seating,1.00,Each,1.00,Each,1.00,,Inactive,=,,Inactive,=,1.00,Each,No,,,MI Shredded Romaine,0.02,Each,100.0,,0.0023,0.0023,3.2060,3.2060,,,,,,,,
MI EF Tours Reserved Seating,1.00,Each,1.00,Each,1.00,,Inactive,=,,Inactive,=,1.00,Each,No,,,MI Chickpea Noodles,0.03,Each,100.0,,0.0003,0.0003,3.2060,3.2060,,,,,,,,
MI EF Tours Reserved Seating,1.00,Each,1.00,Each,1.00,,Inactive,=,,Inactive,=,1.00,Each,No,,,MI Lentil Chips,0.03,Each,100.0,,0.0012,0.0012,3.2060,3.2060,,,,,,,,
MI EF Tours Reserved Seating,1.00,Each,1.00,Each,1.00,,Inactive,=,,Inactive,=,1.00,Each,No,,,MI Shredded Paneer,0.07,Each,100.0,,0.0145,0.0145,3.2060,3.2060,,,,,,,,
MI EF Tours Reserved Seating,1.00,Each,1.00,Each,1.00,,Inactive,=,,Inactive,=,1.00,Each,No,,,MI Roasted Lentils,0.08,Each,100.0,,0.0006,0.0006,3.2060,3.2060,,,,,,,,
MI EF Tours Reserved Seating,1.00,Each,1.00,Each,1.00,,Inactive,=,,Inactive,=,1.00,Each,No,,,MI Chopped Cilantro,0.09,Each,100.0,,0.0028,0.0028,3.2060,3.2060,,,,,,,,
MI EF Tours Reserved Seating,1.00,Each,1.00,Each,1.00,,Inactive,=,,Inactive,=,1.00,Each,No,,,MI Mango Salsa,0.09,Each,100.0,,0.0296,0.0296,3.2060,3.2060,,,,,,,,
MI EF Tours Reserved Seating,1.00,Each,1.00,Each,1.00,,Inactive,=,,Inactive,=,1.00,Each,No,,,MI Kachumber Salad,0.09,Each,100.0,,0.0037,0.0037,3.2060,3.2060,,,,,,,,
MI EF Tours Reserved Seating,1.00,Each,1.00,Each,1.00,,Inactive,=,,Inactive,=,1.00,Each,No,,,MI Carrot Slaw,0.10,Each,100.0,,0.0045,0.0045,3.2060,3.2060,,,,,,,,
MI EF Tours Reserved Seating,1.00,Each,1.00,Each,1.00,,Inactive,=,,Inactive,=,1.00,Each,No,,,MI Cucumber Cubes,0.12,Each,100.0,,0.0019,0.0019,3.2060,3.2060,,,,,,,,
MI EF Tours Reserved Seating,1.00,Each,1.00,Each,1.00,,Inactive,=,,Inactive,=,1.00,Each,No,,,MI Pickled Onions,0.12,Each,100.0,,0.0075,0.0075,3.2060,3.2060,,,,,,,,
MI EF Tours Reserved Seating,1.00,Each,1.00,Each,1.00,,Inactive,=,,Inactive,=,1.00,Each,No,,,MI Indian Street Corn,0.14,Each,100.0,,0.0016,0.0016,3.2060,3.2060,,,,,,,,
MI EF Tours Reserved Seating,1.00,Each,1.00,Each,1.00,,Inactive,=,,Inactive,=,1.00,Each,No,,,MI Sautéed Spinach,0.43,Each,100.0,,0.1094,0.1094,3.2060,3.2060,,,,,,,,
MI EF Tours Reserved Seating,1.00,Each,1.00,Each,1.00,,Inactive,=,,Inactive,=,1.00,Each,No,,,MI Spiced Chickpeas,0.54,Each,100.0,,0.0744,0.0744,3.2060,3.2060,,,,,,,,
MI EF Tours Reserved Seating,1.00,Each,1.00,Each,1.00,,Inactive,=,,Inactive,=,1.00,Each,No,,,MI Peanut Sesame Sauce,0.11,Each,100.0,,0.0584,0.0584,3.2060,3.2060,,,,,,,,
MI EF Tours Reserved Seating,1.00,Each,1.00,Each,1.00,,Inactive,=,,Inactive,=,1.00,Each,No,,,MI Coconut Ginger Sauce,0.14,Each,100.0,,0.1120,0.1120,3.2060,3.2060,,,,,,,,
MI EF Tours Reserved Seating,1.00,Each,1.00,Each,1.00,,Inactive,=,,Inactive,=,1.00,Each,No,,,MI Tamarind Chili Sauce,0.16,Each,100.0,,0.1119,0.1119,3.2060,3.2060,,,,,,,,
MI EF Tours Reserved Seating,1.00,Each,1.00,Each,1.00,,Inactive,=,,Inactive,=,1.00,Each,No,,,MI Tikka Masala Sauce,0.24,Each,100.0,,0.1766,0.1766,3.2060,3.2060,,,,,,,,
MI EF Tours Reserved Seating,1.00,Each,1.00,Each,1.00,,Inactive,=,,Inactive,=,1.00,Each,No,,,MI Tomato Garlic Sauce,0.29,Each,100.0,,0.2182,0.2182,3.2060,3.2060,,,,,,,,
MI EF Tours Reserved Seating,1.00,Each,1.00,Each,1.00,,Inactive,=,,Inactive,=,1.00,Each,No,,,MI To Go Bowl Disposables - In House,1.00,Each,100.0,,0.4878,0.4878,3.2060,3.2060,,,,,,,,
MI Eurest BYO Bowl,1.00,Each,1.00,Each,1.00,,Inactive,=,,Inactive,=,1.00,Each,No,,,BATCH Harvest Vegetables Cooked,0.44,OZ-wt,100.0,,0.1224,0.1224,2.8395,2.8395,,0.00,,,0.00,,0.00,
MI Eurest BYO Bowl,1.00,Each,1.00,Each,1.00,,Inactive,=,,Inactive,=,1.00,Each,No,,,BATCH Masala Yogurt,0.05,OZ-wt,100.0,,0.0081,0.0081,2.8395,2.8395,,0.00,,,0.00,,0.00,
MI Eurest BYO Bowl,1.00,Each,1.00,Each,1.00,,Inactive,=,,Inactive,=,1.00,Each,No,,,"Bread, Wrap 12""",0.05,Wrap-3.7oz-wt,100.0,,0.0354,0.0354,2.8395,2.8395,,0.00,,,0.00,,0.00,
MI Eurest BYO Bowl,1.00,Each,1.00,Each,1.00,,Inactive,=,,Inactive,=,1.00,Each,No,,,BATCH House Vinaigrette,0.50,OZ-fl,100.0,,0.0479,0.0479,2.8395,2.8395,,0.00,,,0.00,,0.00,
MI Eurest BYO Bowl,1.00,Each,1.00,Each,1.00,,Inactive,=,,Inactive,=,1.00,Each,No,,,EVERMADE Tamarind Ginger Chutney,0.50,OZ-fl,100.0,,0.1094,0.1094,2.8395,2.8395,,0.00,,,0.00,,0.00,
MI Eurest BYO Bowl,1.00,Each,1.00,Each,1.00,,Inactive,=,,Inactive,=,1.00,Each,No,,,BATCH Toasted Cumin Yogurt,0.50,OZ-fl,100.0,,0.0445,0.0445,2.8395,2.8395,,0.00,,,0.00,,0.00,
MI Eurest BYO Bowl,1.00,Each,1.00,Each,1.00,,Inactive,=,,Inactive,=,1.00,Each,No,,,BATCH Mint Cilantro Chutney,0.50,OZ-fl,100.0,,0.0927,0.0927,2.8395,2.8395,,0.00,,,0.00,,0.00,
MI Eurest BYO Bowl,1.00,Each,1.00,Each,1.00,,Inactive,=,,Inactive,=,1.00,Each,No,,,BATCH Indian Street Corn,0.80,OZ-fl,100.0,,0.0226,0.0226,2.8395,2.8395,,0.00,,,0.00,,0.00,
MI Eurest BYO Bowl,1.00,Each,1.00,Each,1.00,,Inactive,=,,Inactive,=,1.00,Each,No,,,BATCH Pickled Onions,0.50,OZ-fl,100.0,,0.0313,0.0313,2.8395,2.8395,,0.00,,,0.00,,0.00,
MI Eurest BYO Bowl,1.00,Each,1.00,Each,1.00,,Inactive,=,,Inactive,=,1.00,Each,No,,,BATCH Carrot Slaw,0.50,OZ-fl,100.0,,0.0267,0.0267,2.8395,2.8395,,0.00,,,0.00,,0.00,
MI Eurest BYO Bowl,1.00,Each,1.00,Each,1.00,,Inactive,=,,Inactive,=,1.00,Each,No,,,BATCH Kachumber Salad,0.80,OZ-fl,100.0,,0.0441,0.0441,2.8395,2.8395,,0.00,,,0.00,,0.00,
MI Eurest BYO Bowl,1.00,Each,1.00,Each,1.00,,Inactive,=,,Inactive,=,1.00,Each,No,,,BATCH Spiced Chickpeas,1.50,OZ-fl,100.0,,0.0933,0.0933,2.8395,2.8395,,0.00,,,0.00,,0.00,
MI Eurest BYO Bowl,1.00,Each,1.00,Each,1.00,,Inactive,=,,Inactive,=,1.00,Each,No,,,BATCH Sautéed Spinach,1.50,OZ-fl,100.0,,0.1690,0.1690,2.8395,2.8395,,0.00,,,0.00,,0.00,
MI Eurest BYO Bowl,1.00,Each,1.00,Each,1.00,,Inactive,=,,Inactive,=,1.00,Each,No,,,EVERMADE Tamarind Chili Sauce,0.88,OZ-fl,100.0,,0.1539,0.1539,2.8395,2.8395,,0.00,,,0.00,,0.00,
MI Eurest BYO Bowl,1.00,Each,1.00,Each,1.00,,Inactive,=,,Inactive,=,1.00,Each,No,,,EVERMADE Tomato Garlic Sauce,2.63,OZ-fl,100.0,,0.4947,0.4947,2.8395,2.8395,,0.00,,,0.00,,0.00,
MI Eurest BYO Bowl,1.00,Each,1.00,Each,1.00,,Inactive,=,,Inactive,=,1.00,Each,No,,,BATCH Chicken Tikka Cooked New,4.63,OZ-wt,100.0,,0.6708,0.6708,2.8395,2.8395,,0.00,,,0.00,,0.00,
MI Eurest BYO Bowl,1.00,Each,1.00,Each,1.00,,Inactive,=,,Inactive,=,1.00,Each,No,,,BATCH Lemon Turmeric Rice,7.30,OZ-wt,100.0,,0.2233,0.2233,2.8395,2.8395,,0.00,,,0.00,,0.00,
MI Eurest BYO Bowl,1.00,Each,1.00,Each,1.00,,Inactive,=,,Inactive,=,1.00,Each,No,,,MI To Go Bowl Disposables - Offsite Pop-Up,1.00,Each,100.0,,0.3165,0.3165,2.8395,2.8395,,0.00,,,0.00,,0.00,
MI Eurest BYO Bowl,1.00,Each,1.00,Each,1.00,,Inactive,=,,Inactive,=,1.00,Each,No,,,YIELD Romaine Chopped,0.85,OZ-wt,100.0,,0.1329,0.1329,2.8395,2.8395,,0.00,,,0.00,,0.00,
MI Eurest BYO Double Protein Bowl,1.00,Each,1.00,Each,1.00,,Inactive,=,,Inactive,=,1.00,Each,No,,,BATCH Chicken Tikka Cooked New,2.50,OZ-wt,100.0,,0.3622,0.3622,3.7039,3.7039,,0.00,0 D 0 H 0 M,,0.00,,0.00,
MI Eurest BYO Double Protein Bowl,1.00,Each,1.00,Each,1.00,,Inactive,=,,Inactive,=,1.00,Each,No,,,BATCH Chicken Tikka Cooked New,2.50,OZ-wt,100.0,,0.3622,0.3622,3.7039,3.7039,,0.00,0 D 0 H 0 M,,0.00,,0.00,
MI Eurest BYO Double Protein Bowl,1.00,Each,1.00,Each,1.00,,Inactive,=,,Inactive,=,1.00,Each,No,,,BATCH Harvest Vegetables Cooked,0.24,OZ-wt,100.0,,0.0668,0.0668,3.7039,3.7039,,0.00,0 D 0 H 0 M,,0.00,,0.00,
MI Eurest BYO Double Protein Bowl,1.00,Each,1.00,Each,1.00,,Inactive,=,,Inactive,=,1.00,Each,No,,,BATCH Tandoori Paneer Cooked,0.30,Each,100.0,,0.0764,0.0764,3.7039,3.7039,,0.00,0 D 0 H 0 M,,0.00,,0.00,
MI Eurest BYO Double Protein Bowl,1.00,Each,1.00,Each,1.00,,Inactive,=,,Inactive,=,1.00,Each,No,,,BATCH Spicy Chili Chicken Cooked,2.00,OZ-wt,100.0,,0.3234,0.3234,3.7039,3.7039,,0.00,0 D 0 H 0 M,,0.00,,0.00,
MI Eurest BYO Double Protein Bowl,1.00,Each,1.00,Each,1.00,,Inactive,=,,Inactive,=,1.00,Each,No,,,BATCH Harvest Vegetables Cooked,0.24,OZ-wt,100.0,,0.0668,0.0668,3.7039,3.7039,,0.00,0 D 0 H 0 M,,0.00,,0.00,
MI Eurest BYO Double Protein Bowl,1.00,Each,1.00,Each,1.00,,Inactive,=,,Inactive,=,1.00,Each,No,,,BATCH Tandoori Paneer Cooked,0.30,Each,100.0,,0.0764,0.0764,3.7039,3.7039,,0.00,0 D 0 H 0 M,,0.00,,0.00,
MI Eurest BYO Double Protein Bowl,1.00,Each,1.00,Each,1.00,,Inactive,=,,Inactive,=,1.00,Each,No,,,BATCH Spicy Chili Chicken Cooked,2.00,OZ-wt,100.0,,0.3234,0.3234,3.7039,3.7039,,0.00,0 D 0 H 0 M,,0.00,,0.00,
MI Eurest BYO Double Protein Bowl,1.00,Each,1.00,Each,1.00,,Inactive,=,,Inactive,=,1.00,Each,No,,,BATCH Masala Yogurt,0.05,OZ-wt,100.0,,0.0081,0.0081,3.7039,3.7039,,0.00,0 D 0 H 0 M,,0.00,,0.00,
MI Eurest BYO Double Protein Bowl,1.00,Each,1.00,Each,1.00,,Inactive,=,,Inactive,=,1.00,Each,No,,,"Bread, Wrap 12""",0.05,Wrap-3.7oz-wt,100.0,,0.0354,0.0354,3.7039,3.7039,,0.00,0 D 0 H 0 M,,0.00,,0.00,
MI Eurest BYO Double Protein Bowl,1.00,Each,1.00,Each,1.00,,Inactive,=,,Inactive,=,1.00,Each,No,,,BATCH House Vinaigrette,0.50,OZ-fl,100.0,,0.0479,0.0479,3.7039,3.7039,,0.00,0 D 0 H 0 M,,0.00,,0.00,
MI Eurest BYO Double Protein Bowl,1.00,Each,1.00,Each,1.00,,Inactive,=,,Inactive,=,1.00,Each,No,,,EVERMADE Tamarind Ginger Chutney,0.50,OZ-fl,100.0,,0.1094,0.1094,3.7039,3.7039,,0.00,0 D 0 H 0 M,,0.00,,0.00,
MI Eurest BYO Double Protein Bowl,1.00,Each,1.00,Each,1.00,,Inactive,=,,Inactive,=,1.00,Each,No,,,BATCH Toasted Cumin Yogurt,0.50,OZ-fl,100.0,,0.0445,0.0445,3.7039,3.7039,,0.00,0 D 0 H 0 M,,0.00,,0.00,
MI Eurest BYO Double Protein Bowl,1.00,Each,1.00,Each,1.00,,Inactive,=,,Inactive,=,1.00,Each,No,,,BATCH Mint Cilantro Chutney,0.50,OZ-fl,100.0,,0.0927,0.0927,3.7039,3.7039,,0.00,0 D 0 H 0 M,,0.00,,0.00,
MI Eurest BYO Double Protein Bowl,1.00,Each,1.00,Each,1.00,,Inactive,=,,Inactive,=,1.00,Each,No,,,BATCH Indian Street Corn,0.80,OZ-fl,100.0,,0.0226,0.0226,3.7039,3.7039,,0.00,0 D 0 H 0 M,,0.00,,0.00,
MI Eurest BYO Double Protein Bowl,1.00,Each,1.00,Each,1.00,,Inactive,=,,Inactive,=,1.00,Each,No,,,BATCH Pickled Onions,0.50,OZ-fl,100.0,,0.0313,0.0313,3.7039,3.7039,,0.00,0 D 0 H 0 M,,0.00,,0.00,
MI Eurest BYO Double Protein Bowl,1.00,Each,1.00,Each,1.00,,Inactive,=,,Inactive,=,1.00,Each,No,,,BATCH Carrot Slaw,0.50,OZ-fl,100.0,,0.0267,0.0267,3.7039,3.7039,,0.00,0 D 0 H 0 M,,0.00,,0.00,
MI Eurest BYO Double Protein Bowl,1.00,Each,1.00,Each,1.00,,Inactive,=,,Inactive,=,1.00,Each,No,,,BATCH Kachumber Salad,0.80,OZ-fl,100.0,,0.0441,0.0441,3.7039,3.7039,,0.00,0 D 0 H 0 M,,0.00,,0.00,
MI Eurest BYO Double Protein Bowl,1.00,Each,1.00,Each,1.00,,Inactive,=,,Inactive,=,1.00,Each,No,,,BATCH Spiced Chickpeas,1.50,OZ-fl,100.0,,0.0933,0.0933,3.7039,3.7039,,0.00,0 D 0 H 0 M,,0.00,,0.00,
MI Eurest BYO Double Protein Bowl,1.00,Each,1.00,Each,1.00,,Inactive,=,,Inactive,=,1.00,Each,No,,,BATCH Sautéed Spinach,1.50,OZ-fl,100.0,,0.1690,0.1690,3.7039,3.7039,,0.00,0 D 0 H 0 M,,0.00,,0.00,
MI Eurest BYO Double Protein Bowl,1.00,Each,1.00,Each,1.00,,Inactive,=,,Inactive,=,1.00,Each,No,,,EVERMADE Tamarind Chili Sauce,0.88,OZ-fl,100.0,,0.1539,0.1539,3.7039,3.7039,,0.00,0 D 0 H 0 M,,0.00,,0.00,
MI Eurest BYO Double Protein Bowl,1.00,Each,1.00,Each,1.00,,Inactive,=,,Inactive,=,1.00,Each,No,,,EVERMADE Tomato Garlic Sauce,2.63,OZ-fl,100.0,,0.4947,0.4947,3.7039,3.7039,,0.00,0 D 0 H 0 M,,0.00,,0.00,
MI Eurest BYO Double Protein Bowl,1.00,Each,1.00,Each,1.00,,Inactive,=,,Inactive,=,1.00,Each,No,,,BATCH Lemon Turmeric Rice,7.30,OZ-wt,100.0,,0.2233,0.2233,3.7039,3.7039,,0.00,0 D 0 H 0 M,,0.00,,0.00,
MI Eurest BYO Double Protein Bowl,1.00,Each,1.00,Each,1.00,,Inactive,=,,Inactive,=,1.00,Each,No,,,MI To Go Bowl Disposables - Offsite Pop-Up,1.00,Each,100.0,,0.3165,0.3165,3.7039,3.7039,,0.00,0 D 0 H 0 M,,0.00,,0.00,
MI Eurest BYO Double Protein Bowl,1.00,Each,1.00,Each,1.00,,Inactive,=,,Inactive,=,1.00,Each,No,,,YIELD Romaine Chopped,0.85,OZ-wt,100.0,,0.1329,0.1329,3.7039,3.7039,,0.00,0 D 0 H 0 M,,0.00,,0.00,
MI Eurest BYO Premium Bowl,1.00,Each,1.00,Each,1.00,,Inactive,=,,Inactive,=,1.00,Each,No,,,BATCH Tandoori Paneer Cooked,0.65,Each,100.0,,0.1654,0.1654,2.9150,2.9150,,0.00,,,0.00,,0.00,
MI Eurest BYO Premium Bowl,1.00,Each,1.00,Each,1.00,,Inactive,=,,Inactive,=,1.00,Each,No,,,BATCH Spicy Chili Chicken Cooked,4.35,OZ-wt,100.0,,0.7033,0.7033,2.9150,2.9150,,0.00,,,0.00,,0.00,
MI Eurest BYO Premium Bowl,1.00,Each,1.00,Each,1.00,,Inactive,=,,Inactive,=,1.00,Each,No,,,BATCH Masala Yogurt,0.05,OZ-wt,100.0,,0.0081,0.0081,2.9150,2.9150,,0.00,,,0.00,,0.00,
MI Eurest BYO Premium Bowl,1.00,Each,1.00,Each,1.00,,Inactive,=,,Inactive,=,1.00,Each,No,,,"Bread, Wrap 12""",0.05,Wrap-3.7oz-wt,100.0,,0.0354,0.0354,2.9150,2.9150,,0.00,,,0.00,,0.00,
MI Eurest BYO Premium Bowl,1.00,Each,1.00,Each,1.00,,Inactive,=,,Inactive,=,1.00,Each,No,,,BATCH House Vinaigrette,0.50,OZ-fl,100.0,,0.0479,0.0479,2.9150,2.9150,,0.00,,,0.00,,0.00,
MI Eurest BYO Premium Bowl,1.00,Each,1.00,Each,1.00,,Inactive,=,,Inactive,=,1.00,Each,No,,,EVERMADE Tamarind Ginger Chutney,0.50,OZ-fl,100.0,,0.1094,0.1094,2.9150,2.9150,,0.00,,,0.00,,0.00,
MI Eurest BYO Premium Bowl,1.00,Each,1.00,Each,1.00,,Inactive,=,,Inactive,=,1.00,Each,No,,,BATCH Toasted Cumin Yogurt,0.50,OZ-fl,100.0,,0.0445,0.0445,2.9150,2.9150,,0.00,,,0.00,,0.00,
MI Eurest BYO Premium Bowl,1.00,Each,1.00,Each,1.00,,Inactive,=,,Inactive,=,1.00,Each,No,,,BATCH Mint Cilantro Chutney,0.50,OZ-fl,100.0,,0.0927,0.0927,2.9150,2.9150,,0.00,,,0.00,,0.00,
MI Eurest BYO Premium Bowl,1.00,Each,1.00,Each,1.00,,Inactive,=,,Inactive,=,1.00,Each,No,,,BATCH Indian Street Corn,0.80,OZ-fl,100.0,,0.0226,0.0226,2.9150,2.9150,,0.00,,,0.00,,0.00,
MI Eurest BYO Premium Bowl,1.00,Each,1.00,Each,1.00,,Inactive,=,,Inactive,=,1.00,Each,No,,,BATCH Pickled Onions,0.50,OZ-fl,100.0,,0.0313,0.0313,2.9150,2.9150,,0.00,,,0.00,,0.00,
MI Eurest BYO Premium Bowl,1.00,Each,1.00,Each,1.00,,Inactive,=,,Inactive,=,1.00,Each,No,,,BATCH Carrot Slaw,0.50,OZ-fl,100.0,,0.0267,0.0267,2.9150,2.9150,,0.00,,,0.00,,0.00,
MI Eurest BYO Premium Bowl,1.00,Each,1.00,Each,1.00,,Inactive,=,,Inactive,=,1.00,Each,No,,,BATCH Kachumber Salad,0.80,OZ-fl,100.0,,0.0441,0.0441,2.9150,2.9150,,0.00,,,0.00,,0.00,
MI Eurest BYO Premium Bowl,1.00,Each,1.00,Each,1.00,,Inactive,=,,Inactive,=,1.00,Each,No,,,BATCH Spiced Chickpeas,1.50,OZ-fl,100.0,,0.0933,0.0933,2.9150,2.9150,,0.00,,,0.00,,0.00,
MI Eurest BYO Premium Bowl,1.00,Each,1.00,Each,1.00,,Inactive,=,,Inactive,=,1.00,Each,No,,,BATCH Sautéed Spinach,1.50,OZ-fl,100.0,,0.1690,0.1690,2.9150,2.9150,,0.00,,,0.00,,0.00,
MI Eurest BYO Premium Bowl,1.00,Each,1.00,Each,1.00,,Inactive,=,,Inactive,=,1.00,Each,No,,,EVERMADE Tamarind Chili Sauce,0.88,OZ-fl,100.0,,0.1539,0.1539,2.9150,2.9150,,0.00,,,0.00,,0.00,
MI Eurest BYO Premium Bowl,1.00,Each,1.00,Each,1.00,,Inactive,=,,Inactive,=,1.00,Each,No,,,EVERMADE Tomato Garlic Sauce,2.63,OZ-fl,100.0,,0.4947,0.4947,2.9150,2.9150,,0.00,,,0.00,,0.00,
MI Eurest BYO Premium Bowl,1.00,Each,1.00,Each,1.00,,Inactive,=,,Inactive,=,1.00,Each,No,,,BATCH Lemon Turmeric Rice,7.30,OZ-wt,100.0,,0.2233,0.2233,2.9150,2.9150,,0.00,,,0.00,,0.00,
MI Eurest BYO Premium Bowl,1.00,Each,1.00,Each,1.00,,Inactive,=,,Inactive,=,1.00,Each,No,,,MI To Go Bowl Disposables - Offsite Pop-Up,1.00,Each,100.0,,0.3165,0.3165,2.9150,2.9150,,0.00,,,0.00,,0.00,
MI Eurest BYO Premium Bowl,1.00,Each,1.00,Each,1.00,,Inactive,=,,Inactive,=,1.00,Each,No,,,YIELD Romaine Chopped,0.85,OZ-wt,100.0,,0.1329,0.1329,2.9150,2.9150,,0.00,,,0.00,,0.00,
MI Extra Veggie,1.00,Each,1.00,Each,1.00,,Inactive,=,,Inactive,=,1.00,Each,No,,,MI Charred Eggplant,0.15,Each,100.0,,0.0436,0.0436,0.2910,0.2910,,0.00,,,0.00,,0.00,
MI Extra Veggie,1.00,Each,1.00,Each,1.00,,Inactive,=,,Inactive,=,1.00,Each,No,,,MI Tossed Green Beans,0.15,Each,100.0,,0.1101,0.1101,0.2910,0.2910,,0.00,,,0.00,,0.00,
MI Extra Veggie,1.00,Each,1.00,Each,1.00,,Inactive,=,,Inactive,=,1.00,Each,No,,,MI Spiced Chickpeas,0.35,Each,100.0,,0.0482,0.0482,0.2910,0.2910,,0.00,,,0.00,,0.00,
MI Extra Veggie,1.00,Each,1.00,Each,1.00,,Inactive,=,,Inactive,=,1.00,Each,No,,,MI Sautéed Spinach,0.35,Each,100.0,,0.0891,0.0891,0.2910,0.2910,,0.00,,,0.00,,0.00,
MI Feed the Fridge Chicken Bowl,1.00,Each,1.00,Each,1.00,,Inactive,=,,Inactive,=,1.00,Each,No,,,EVERMADE Tomato Garlic Sauce,3.00,OZ-fl,100.0,,0.5643,0.5643,1.3291,1.3291,,,,,,,,
MI Feed the Fridge Chicken Bowl,1.00,Each,1.00,Each,1.00,,Inactive,=,,Inactive,=,1.00,Each,No,,,BATCH Lemon Turmeric Rice,5.00,OZ-wt,100.0,,0.1530,0.1530,1.3291,1.3291,,,,,,,,
MI Feed the Fridge Chicken Bowl,1.00,Each,1.00,Each,1.00,,Inactive,=,,Inactive,=,1.00,Each,No,,,BATCH Chicken Tikka Cooked New,4.00,OZ-fl,100.0,,0.4288,0.4288,1.3291,1.3291,,,,,,,,
MI Feed the Fridge Chicken Bowl,1.00,Each,1.00,Each,1.00,,Inactive,=,,Inactive,=,1.00,Each,No,,,BATCH Spiced Chickpeas,2.00,OZ-fl,100.0,,0.1244,0.1244,1.3291,1.3291,,,,,,,,
MI Feed the Fridge Chicken Bowl,1.00,Each,1.00,Each,1.00,,Inactive,=,,Inactive,=,1.00,Each,No,,,BATCH Indian Street Corn,0.50,OZ-fl,100.0,,0.0141,0.0141,1.3291,1.3291,,,,,,,,
MI Feed the Fridge Chicken Bowl,1.00,Each,1.00,Each,1.00,,Inactive,=,,Inactive,=,1.00,Each,No,,,BATCH Toasted Cumin Yogurt,0.50,OZ-fl,100.0,,0.0445,0.0445,1.3291,1.3291,,,,,,,,
MI Feed the Fridge Veg Bowl,1.00,Each,1.00,Each,1.00,,Inactive,=,,Inactive,=,1.00,Each,No,,,EVERMADE Tamarind Ginger Chutney,0.50,OZ-fl,100.0,,0.1094,0.1094,1.3691,1.3691,,,,,,,,
MI Feed the Fridge Veg Bowl,1.00,Each,1.00,Each,1.00,,Inactive,=,,Inactive,=,1.00,Each,No,,,EVERMADE Coconut Ginger Sauce,3.00,OZ-fl,100.0,,0.5999,0.5999,1.3691,1.3691,,,,,,,,
MI Feed the Fridge Veg Bowl,1.00,Each,1.00,Each,1.00,,Inactive,=,,Inactive,=,1.00,Each,No,,,YIELD Cucumber Chopped,1.00,OZ-fl,100.0,,0.0265,0.0265,1.3691,1.3691,,,,,,,,
MI Feed the Fridge Veg Bowl,1.00,Each,1.00,Each,1.00,,Inactive,=,,Inactive,=,1.00,Each,No,,,BATCH Lemon Turmeric Rice,5.00,OZ-wt,100.0,,0.1530,0.1530,1.3691,1.3691,,,,,,,,
MI Feed the Fridge Veg Bowl,1.00,Each,1.00,Each,1.00,,Inactive,=,,Inactive,=,1.00,Each,No,,,BATCH Spiced Chickpeas,2.00,OZ-fl,100.0,,0.1244,0.1244,1.3691,1.3691,,,,,,,,
MI Feed the Fridge Veg Bowl,1.00,Each,1.00,Each,1.00,,Inactive,=,,Inactive,=,1.00,Each,No,,,BATCH Sweet Potato Tikki,4.00,Each,100.0,,0.3559,0.3559,1.3691,1.3691,,,,,,,,
MI Food Fleet Chicken Tikka Bowl,1.00,Each,1.00,Each,1.00,,Inactive,=,,Inactive,=,1.00,Each,No,,,MI To Go Bowl Disposables - Offsite Pop-Up,1.00,Each,100.0,,0.3165,0.3165,2.4455,2.4455,,0.00,,,0.00,,0.00,
MI Food Fleet Chicken Tikka Bowl,1.00,Each,1.00,Each,1.00,,Inactive,=,,Inactive,=,1.00,Each,No,,,EVERMADE Tomato Garlic Sauce,4.00,OZ-fl,100.0,,0.7524,0.7524,2.4455,2.4455,,0.00,,,0.00,,0.00,
MI Food Fleet Chicken Tikka Bowl,1.00,Each,1.00,Each,1.00,,Inactive,=,,Inactive,=,1.00,Each,No,,,BATCH Sautéed Spinach,2.40,OZ-wt,100.0,,0.2545,0.2545,2.4455,2.4455,,0.00,,,0.00,,0.00,
MI Food Fleet Chicken Tikka Bowl,1.00,Each,1.00,Each,1.00,,Inactive,=,,Inactive,=,1.00,Each,No,,,BATCH Pickled Onions,0.50,OZ-wt,100.0,,0.0425,0.0425,2.4455,2.4455,,0.00,,,0.00,,0.00,
MI Food Fleet Chicken Tikka Bowl,1.00,Each,1.00,Each,1.00,,Inactive,=,,Inactive,=,1.00,Each,No,,,BATCH Kachumber Salad,0.50,OZ-wt,100.0,,0.0408,0.0408,2.4455,2.4455,,0.00,,,0.00,,0.00,
MI Food Fleet Chicken Tikka Bowl,1.00,Each,1.00,Each,1.00,,Inactive,=,,Inactive,=,1.00,Each,No,,,BATCH Mint Cilantro Chutney,1.00,OZ-fl,100.0,,0.1854,0.1854,2.4455,2.4455,,0.00,,,0.00,,0.00,
MI Food Fleet Chicken Tikka Bowl,1.00,Each,1.00,Each,1.00,,Inactive,=,,Inactive,=,1.00,Each,No,,,BATCH Toasted Cumin Yogurt,1.00,OZ-fl,100.0,,0.0890,0.0890,2.4455,2.4455,,0.00,,,0.00,,0.00,
MI Food Fleet Chicken Tikka Bowl,1.00,Each,1.00,Each,1.00,,Inactive,=,,Inactive,=,1.00,Each,No,,,BATCH Basmati Rice,7.30,OZ-wt,100.0,,0.1849,0.1849,2.4455,2.4455,,0.00,,,0.00,,0.00,
MI Food Fleet Chicken Tikka Bowl,1.00,Each,1.00,Each,1.00,,Inactive,=,,Inactive,=,1.00,Each,No,,,BATCH Chicken Tikka Cooked New,4.00,OZ-wt,100.0,,0.5795,0.5795,2.4455,2.4455,,0.00,,,0.00,,0.00,
MI Food Fleet Fannie Mae Bowl,1.00,Each,1.00,Each,1.00,,Inactive,=,,Inactive,=,1.00,Each,No,,,EVERMADE Tamarind Ginger Chutney,0.32,OZ-fl,100.0,,0.0700,0.0700,2.8438,2.8438,,,,,,,,
MI Food Fleet Fannie Mae Bowl,1.00,Each,1.00,Each,1.00,,Inactive,=,,Inactive,=,1.00,Each,No,,,BATCH Toasted Cumin Yogurt,0.32,OZ-fl,100.0,,0.0285,0.0285,2.8438,2.8438,,,,,,,,
MI Food Fleet Fannie Mae Bowl,1.00,Each,1.00,Each,1.00,,Inactive,=,,Inactive,=,1.00,Each,No,,,BATCH Mint Cilantro Chutney,0.32,OZ-fl,100.0,,0.0593,0.0593,2.8438,2.8438,,,,,,,,
MI Food Fleet Fannie Mae Bowl,1.00,Each,1.00,Each,1.00,,Inactive,=,,Inactive,=,1.00,Each,No,,,BATCH Carrot Slaw,0.64,OZ-fl,100.0,,0.0342,0.0342,2.8438,2.8438,,,,,,,,
MI Food Fleet Fannie Mae Bowl,1.00,Each,1.00,Each,1.00,,Inactive,=,,Inactive,=,1.00,Each,No,,,BATCH Pickled Onions,0.64,OZ-fl,100.0,,0.0401,0.0401,2.8438,2.8438,,,,,,,,
MI Food Fleet Fannie Mae Bowl,1.00,Each,1.00,Each,1.00,,Inactive,=,,Inactive,=,1.00,Each,No,,,YIELD Cucumber Chopped,0.96,OZ-fl,100.0,,0.0255,0.0255,2.8438,2.8438,,,,,,,,
MI Food Fleet Fannie Mae Bowl,1.00,Each,1.00,Each,1.00,,Inactive,=,,Inactive,=,1.00,Each,No,,,BATCH Kachumber Salad,0.96,OZ-fl,100.0,,0.0529,0.0529,2.8438,2.8438,,,,,,,,
MI Food Fleet Fannie Mae Bowl,1.00,Each,1.00,Each,1.00,,Inactive,=,,Inactive,=,1.00,Each,No,,,BATCH Spiced Chickpeas,0.64,OZ-wt,100.0,,0.0284,0.0284,2.8438,2.8438,,,,,,,,
MI Food Fleet Fannie Mae Bowl,1.00,Each,1.00,Each,1.00,,Inactive,=,,Inactive,=,1.00,Each,No,,,BATCH Sautéed Spinach,2.40,OZ-wt,100.0,,0.2545,0.2545,2.8438,2.8438,,,,,,,,
MI Food Fleet Fannie Mae Bowl,1.00,Each,1.00,Each,1.00,,Inactive,=,,Inactive,=,1.00,Each,No,,,EVERMADE Coconut Ginger Sauce,0.96,OZ-fl,100.0,,0.1920,0.1920,2.8438,2.8438,,,,,,,,
MI Food Fleet Fannie Mae Bowl,1.00,Each,1.00,Each,1.00,,Inactive,=,,Inactive,=,1.00,Each,No,,,EVERMADE Tomato Garlic Sauce,3.20,OZ-fl,100.0,,0.6019,0.6019,2.8438,2.8438,,,,,,,,
MI Food Fleet Fannie Mae Bowl,1.00,Each,1.00,Each,1.00,,Inactive,=,,Inactive,=,1.00,Each,No,,,BATCH Cauliflower + Potato Cooked,0.88,OZ-wt,100.0,,0.1789,0.1789,2.8438,2.8438,,,,,,,,
MI Food Fleet Fannie Mae Bowl,1.00,Each,1.00,Each,1.00,,Inactive,=,,Inactive,=,1.00,Each,No,,,BATCH Tandoori Paneer Cooked,0.75,Each,100.0,,0.1909,0.1909,2.8438,2.8438,,,,,,,,
MI Food Fleet Fannie Mae Bowl,1.00,Each,1.00,Each,1.00,,Inactive,=,,Inactive,=,1.00,Each,No,,,BATCH Spicy Chili Chicken Cooked,1.01,OZ-wt,100.0,,0.1633,0.1633,2.8438,2.8438,,,,,,,,
MI Food Fleet Fannie Mae Bowl,1.00,Each,1.00,Each,1.00,,Inactive,=,,Inactive,=,1.00,Each,No,,,BATCH Chicken Tikka Cooked New,2.50,OZ-wt,100.0,,0.3622,0.3622,2.8438,2.8438,,,,,,,,
MI Food Fleet Fannie Mae Bowl,1.00,Each,1.00,Each,1.00,,Inactive,=,,Inactive,=,1.00,Each,No,,,BATCH Lemon Turmeric Rice,8.00,OZ-wt,100.0,,0.2447,0.2447,2.8438,2.8438,,,,,,,,
MI Food Fleet Fannie Mae Bowl,1.00,Each,1.00,Each,1.00,,Inactive,=,,Inactive,=,1.00,Each,No,,,MI To Go Bowl Disposables - Offsite Pop-Up,1.00,Each,100.0,,0.3165,0.3165,2.8438,2.8438,,,,,,,,
MI Food Fleet Google Bowl,1.00,Each,1.00,Each,1.00,,Inactive,=,,Inactive,=,1.00,Each,No,,,EVERMADE Tamarind Ginger Chutney,0.25,OZ-fl,100.0,,0.0547,0.0547,2.5996,2.5996,,,,,,,,
MI Food Fleet Google Bowl,1.00,Each,1.00,Each,1.00,,Inactive,=,,Inactive,=,1.00,Each,No,,,BATCH Toasted Cumin Yogurt,0.25,OZ-fl,100.0,,0.0222,0.0222,2.5996,2.5996,,,,,,,,
MI Food Fleet Google Bowl,1.00,Each,1.00,Each,1.00,,Inactive,=,,Inactive,=,1.00,Each,No,,,BATCH Mint Cilantro Chutney,0.25,OZ-fl,100.0,,0.0463,0.0463,2.5996,2.5996,,,,,,,,
MI Food Fleet Google Bowl,1.00,Each,1.00,Each,1.00,,Inactive,=,,Inactive,=,1.00,Each,No,,,BATCH Pickled Onions,0.88,OZ-fl,100.0,,0.0551,0.0551,2.5996,2.5996,,,,,,,,
MI Food Fleet Google Bowl,1.00,Each,1.00,Each,1.00,,Inactive,=,,Inactive,=,1.00,Each,No,,,BATCH Indian Street Corn,0.88,OZ-fl,100.0,,0.0248,0.0248,2.5996,2.5996,,,,,,,,
MI Food Fleet Google Bowl,1.00,Each,1.00,Each,1.00,,Inactive,=,,Inactive,=,1.00,Each,No,,,BATCH Kachumber Salad,0.88,OZ-fl,100.0,,0.0485,0.0485,2.5996,2.5996,,,,,,,,
MI Food Fleet Google Bowl,1.00,Each,1.00,Each,1.00,,Inactive,=,,Inactive,=,1.00,Each,No,,,BATCH Spiced Chickpeas,3.47,OZ-wt,100.0,,0.1542,0.1542,2.5996,2.5996,,,,,,,,
MI Food Fleet Google Bowl,1.00,Each,1.00,Each,1.00,,Inactive,=,,Inactive,=,1.00,Each,No,,,EVERMADE Coconut Ginger Sauce,0.88,OZ-fl,100.0,,0.1760,0.1760,2.5996,2.5996,,,,,,,,
MI Food Fleet Google Bowl,1.00,Each,1.00,Each,1.00,,Inactive,=,,Inactive,=,1.00,Each,No,,,EVERMADE Tomato Garlic Sauce,2.13,OZ-fl,100.0,,0.4006,0.4006,2.5996,2.5996,,,,,,,,
MI Food Fleet Google Bowl,1.00,Each,1.00,Each,1.00,,Inactive,=,,Inactive,=,1.00,Each,No,,,BATCH Tandoori Paneer Cooked,1.80,Each,100.0,,0.4581,0.4581,2.5996,2.5996,,,,,,,,
MI Food Fleet Google Bowl,1.00,Each,1.00,Each,1.00,,Inactive,=,,Inactive,=,1.00,Each,No,,,BATCH Chicken Tikka Cooked New,3.50,OZ-wt,100.0,,0.5071,0.5071,2.5996,2.5996,,,,,,,,
MI Food Fleet Google Bowl,1.00,Each,1.00,Each,1.00,,Inactive,=,,Inactive,=,1.00,Each,No,,,BATCH Basmati Rice,8.00,OZ-wt,100.0,,0.2026,0.2026,2.5996,2.5996,,,,,,,,
MI Food Fleet Google Bowl,1.00,Each,1.00,Each,1.00,,Inactive,=,,Inactive,=,1.00,Each,No,,,YIELD Romaine Chopped,0.85,OZ-wt,100.0,,0.1329,0.1329,2.5996,2.5996,,,,,,,,
MI Food Fleet Google Bowl,1.00,Each,1.00,Each,1.00,,Inactive,=,,Inactive,=,1.00,Each,No,,,MI To Go Bowl Disposables - Offsite Pop-Up,1.00,Each,100.0,,0.3165,0.3165,2.5996,2.5996,,,,,,,,
MI Food Fleet Spicy Chili Chicken Bowl,1.00,Each,1.00,Each,1.00,,Inactive,=,,Inactive,=,1.00,Each,No,,,MI To Go Bowl Disposables - Offsite Pop-Up,1.00,Each,100.0,,0.3165,0.3165,2.6253,2.6253,,0.00,,,0.00,,0.00,
MI Food Fleet Spicy Chili Chicken Bowl,1.00,Each,1.00,Each,1.00,,Inactive,=,,Inactive,=,1.00,Each,No,,,EVERMADE Coconut Ginger Sauce,4.00,OZ-fl,100.0,,0.7998,0.7998,2.6253,2.6253,,0.00,,,0.00,,0.00,
MI Food Fleet Spicy Chili Chicken Bowl,1.00,Each,1.00,Each,1.00,,Inactive,=,,Inactive,=,1.00,Each,No,,,BATCH Mango Salsa,0.50,OZ-wt,100.0,,0.3291,0.3291,2.6253,2.6253,,0.00,,,0.00,,0.00,
MI Food Fleet Spicy Chili Chicken Bowl,1.00,Each,1.00,Each,1.00,,Inactive,=,,Inactive,=,1.00,Each,No,,,BATCH Spiced Chickpeas,3.10,OZ-wt,100.0,,0.1377,0.1377,2.6253,2.6253,,0.00,,,0.00,,0.00,
MI Food Fleet Spicy Chili Chicken Bowl,1.00,Each,1.00,Each,1.00,,Inactive,=,,Inactive,=,1.00,Each,No,,,BATCH Spicy Chili Chicken Cooked,4.50,OZ-wt,100.0,,0.7275,0.7275,2.6253,2.6253,,0.00,,,0.00,,0.00,
MI Food Fleet Spicy Chili Chicken Bowl,1.00,Each,1.00,Each,1.00,,Inactive,=,,Inactive,=,1.00,Each,No,,,BATCH Basmati Rice,7.30,OZ-wt,100.0,,0.1849,0.1849,2.6253,2.6253,,0.00,,,0.00,,0.00,
MI Food Fleet Spicy Chili Chicken Bowl,1.00,Each,1.00,Each,1.00,,Inactive,=,,Inactive,=,1.00,Each,No,,,BATCH Toasted Cumin Yogurt,1.00,OZ-fl,100.0,,0.0890,0.0890,2.6253,2.6253,,0.00,,,0.00,,0.00,
MI Food Fleet Spicy Chili Chicken Bowl,1.00,Each,1.00,Each,1.00,,Inactive,=,,Inactive,=,1.00,Each,No,,,BATCH Kachumber Salad,0.50,OZ-wt,100.0,,0.0408,0.0408,2.6253,2.6253,,0.00,,,0.00,,0.00,
MI Fooda BYO Chicken Tikka Bowl,1.00,Each,1.00,Each,1.00,,Inactive,=,,Inactive,=,1.00,Each,No,,,BATCH House Vinaigrette,0.50,OZ-fl,100.0,,0.0479,0.0479,2.5915,2.5915,,0.00,,,0.00,,0.00,
MI Fooda BYO Chicken Tikka Bowl,1.00,Each,1.00,Each,1.00,,Inactive,=,,Inactive,=,1.00,Each,No,,,EVERMADE Tamarind Ginger Chutney,0.50,OZ-fl,100.0,,0.1094,0.1094,2.5915,2.5915,,0.00,,,0.00,,0.00,
MI Fooda BYO Chicken Tikka Bowl,1.00,Each,1.00,Each,1.00,,Inactive,=,,Inactive,=,1.00,Each,No,,,BATCH Toasted Cumin Yogurt,0.50,OZ-fl,100.0,,0.0445,0.0445,2.5915,2.5915,,0.00,,,0.00,,0.00,
MI Fooda BYO Chicken Tikka Bowl,1.00,Each,1.00,Each,1.00,,Inactive,=,,Inactive,=,1.00,Each,No,,,BATCH Mint Cilantro Chutney,0.50,OZ-fl,100.0,,0.0927,0.0927,2.5915,2.5915,,0.00,,,0.00,,0.00,
MI Fooda BYO Chicken Tikka Bowl,1.00,Each,1.00,Each,1.00,,Inactive,=,,Inactive,=,1.00,Each,No,,,BATCH Indian Street Corn,0.80,OZ-fl,100.0,,0.0226,0.0226,2.5915,2.5915,,0.00,,,0.00,,0.00,
MI Fooda BYO Chicken Tikka Bowl,1.00,Each,1.00,Each,1.00,,Inactive,=,,Inactive,=,1.00,Each,No,,,BATCH Pickled Onions,0.50,OZ-fl,100.0,,0.0313,0.0313,2.5915,2.5915,,0.00,,,0.00,,0.00,
MI Fooda BYO Chicken Tikka Bowl,1.00,Each,1.00,Each,1.00,,Inactive,=,,Inactive,=,1.00,Each,No,,,BATCH Carrot Slaw,0.40,OZ-fl,100.0,,0.0214,0.0214,2.5915,2.5915,,0.00,,,0.00,,0.00,
MI Fooda BYO Chicken Tikka Bowl,1.00,Each,1.00,Each,1.00,,Inactive,=,,Inactive,=,1.00,Each,No,,,BATCH Kachumber Salad,0.80,OZ-fl,100.0,,0.0441,0.0441,2.5915,2.5915,,0.00,,,0.00,,0.00,
MI Fooda BYO Chicken Tikka Bowl,1.00,Each,1.00,Each,1.00,,Inactive,=,,Inactive,=,1.00,Each,No,,,BATCH Spiced Chickpeas,2.80,OZ-fl,100.0,,0.1742,0.1742,2.5915,2.5915,,0.00,,,0.00,,0.00,
MI Fooda BYO Chicken Tikka Bowl,1.00,Each,1.00,Each,1.00,,Inactive,=,,Inactive,=,1.00,Each,No,,,BATCH Sautéed Spinach,1.05,OZ-fl,100.0,,0.1183,0.1183,2.5915,2.5915,,0.00,,,0.00,,0.00,
MI Fooda BYO Chicken Tikka Bowl,1.00,Each,1.00,Each,1.00,,Inactive,=,,Inactive,=,1.00,Each,No,,,EVERMADE Tamarind Chili Sauce,0.88,OZ-fl,100.0,,0.1539,0.1539,2.5915,2.5915,,0.00,,,0.00,,0.00,
MI Fooda BYO Chicken Tikka Bowl,1.00,Each,1.00,Each,1.00,,Inactive,=,,Inactive,=,1.00,Each,No,,,EVERMADE Tomato Garlic Sauce,2.63,OZ-fl,100.0,,0.4947,0.4947,2.5915,2.5915,,0.00,,,0.00,,0.00,
MI Fooda BYO Chicken Tikka Bowl,1.00,Each,1.00,Each,1.00,,Inactive,=,,Inactive,=,1.00,Each,No,,,BATCH Chicken Tikka Cooked New,4.00,OZ-wt,100.0,,0.5795,0.5795,2.5915,2.5915,,0.00,,,0.00,,0.00,
MI Fooda BYO Chicken Tikka Bowl,1.00,Each,1.00,Each,1.00,,Inactive,=,,Inactive,=,1.00,Each,No,,,BATCH Lemon Turmeric Rice,7.30,OZ-wt,100.0,,0.2233,0.2233,2.5915,2.5915,,0.00,,,0.00,,0.00,
MI Fooda BYO Chicken Tikka Bowl,1.00,Each,1.00,Each,1.00,,Inactive,=,,Inactive,=,1.00,Each,No,,,MI To Go Bowl Disposables - Offsite Pop-Up,1.00,Each,100.0,,0.3165,0.3165,2.5915,2.5915,,0.00,,,0.00,,0.00,
MI Fooda BYO Chicken Tikka Bowl,1.00,Each,1.00,Each,1.00,,Inactive,=,,Inactive,=,1.00,Each,No,,,YIELD Romaine Chopped,0.75,OZ-wt,100.0,,0.1172,0.1172,2.5915,2.5915,,0.00,,,0.00,,0.00,
MI Fooda BYO Harvest Veg Bowl,1.00,Each,1.00,Each,1.00,,Inactive,=,,Inactive,=,1.00,Each,No,,,BATCH Harvest Vegetables Cooked,4.00,OZ-wt,100.0,,1.1129,1.1129,3.1249,3.1249,,0.00,,,0.00,,0.00,
MI Fooda BYO Harvest Veg Bowl,1.00,Each,1.00,Each,1.00,,Inactive,=,,Inactive,=,1.00,Each,No,,,BATCH House Vinaigrette,0.50,OZ-fl,100.0,,0.0479,0.0479,3.1249,3.1249,,0.00,,,0.00,,0.00,
MI Fooda BYO Harvest Veg Bowl,1.00,Each,1.00,Each,1.00,,Inactive,=,,Inactive,=,1.00,Each,No,,,EVERMADE Tamarind Ginger Chutney,0.50,OZ-fl,100.0,,0.1094,0.1094,3.1249,3.1249,,0.00,,,0.00,,0.00,
MI Fooda BYO Harvest Veg Bowl,1.00,Each,1.00,Each,1.00,,Inactive,=,,Inactive,=,1.00,Each,No,,,BATCH Toasted Cumin Yogurt,0.50,OZ-fl,100.0,,0.0445,0.0445,3.1249,3.1249,,0.00,,,0.00,,0.00,
MI Fooda BYO Harvest Veg Bowl,1.00,Each,1.00,Each,1.00,,Inactive,=,,Inactive,=,1.00,Each,No,,,BATCH Mint Cilantro Chutney,0.50,OZ-fl,100.0,,0.0927,0.0927,3.1249,3.1249,,0.00,,,0.00,,0.00,
MI Fooda BYO Harvest Veg Bowl,1.00,Each,1.00,Each,1.00,,Inactive,=,,Inactive,=,1.00,Each,No,,,BATCH Indian Street Corn,0.80,OZ-fl,100.0,,0.0226,0.0226,3.1249,3.1249,,0.00,,,0.00,,0.00,
MI Fooda BYO Harvest Veg Bowl,1.00,Each,1.00,Each,1.00,,Inactive,=,,Inactive,=,1.00,Each,No,,,BATCH Pickled Onions,0.50,OZ-fl,100.0,,0.0313,0.0313,3.1249,3.1249,,0.00,,,0.00,,0.00,
MI Fooda BYO Harvest Veg Bowl,1.00,Each,1.00,Each,1.00,,Inactive,=,,Inactive,=,1.00,Each,No,,,BATCH Carrot Slaw,0.40,OZ-fl,100.0,,0.0214,0.0214,3.1249,3.1249,,0.00,,,0.00,,0.00,
MI Fooda BYO Harvest Veg Bowl,1.00,Each,1.00,Each,1.00,,Inactive,=,,Inactive,=,1.00,Each,No,,,BATCH Kachumber Salad,0.80,OZ-fl,100.0,,0.0441,0.0441,3.1249,3.1249,,0.00,,,0.00,,0.00,
MI Fooda BYO Harvest Veg Bowl,1.00,Each,1.00,Each,1.00,,Inactive,=,,Inactive,=,1.00,Each,No,,,BATCH Spiced Chickpeas,2.80,OZ-fl,100.0,,0.1742,0.1742,3.1249,3.1249,,0.00,,,0.00,,0.00,
MI Fooda BYO Harvest Veg Bowl,1.00,Each,1.00,Each,1.00,,Inactive,=,,Inactive,=,1.00,Each,No,,,BATCH Sautéed Spinach,1.05,OZ-fl,100.0,,0.1183,0.1183,3.1249,3.1249,,0.00,,,0.00,,0.00,
MI Fooda BYO Harvest Veg Bowl,1.00,Each,1.00,Each,1.00,,Inactive,=,,Inactive,=,1.00,Each,No,,,EVERMADE Tamarind Chili Sauce,0.88,OZ-fl,100.0,,0.1539,0.1539,3.1249,3.1249,,0.00,,,0.00,,0.00,
MI Fooda BYO Harvest Veg Bowl,1.00,Each,1.00,Each,1.00,,Inactive,=,,Inactive,=,1.00,Each,No,,,EVERMADE Tomato Garlic Sauce,2.63,OZ-fl,100.0,,0.4947,0.4947,3.1249,3.1249,,0.00,,,0.00,,0.00,
MI Fooda BYO Harvest Veg Bowl,1.00,Each,1.00,Each,1.00,,Inactive,=,,Inactive,=,1.00,Each,No,,,BATCH Lemon Turmeric Rice,7.30,OZ-wt,100.0,,0.2233,0.2233,3.1249,3.1249,,0.00,,,0.00,,0.00,
MI Fooda BYO Harvest Veg Bowl,1.00,Each,1.00,Each,1.00,,Inactive,=,,Inactive,=,1.00,Each,No,,,MI To Go Bowl Disposables - Offsite Pop-Up,1.00,Each,100.0,,0.3165,0.3165,3.1249,3.1249,,0.00,,,0.00,,0.00,
MI Fooda BYO Harvest Veg Bowl,1.00,Each,1.00,Each,1.00,,Inactive,=,,Inactive,=,1.00,Each,No,,,YIELD Romaine Chopped,0.75,OZ-wt,100.0,,0.1172,0.1172,3.1249,3.1249,,0.00,,,0.00,,0.00,
MI Fooda BYO Paneer Bowl,1.00,Each,1.00,Each,1.00,,Inactive,=,,Inactive,=,1.00,Each,No,,,BATCH Tandoori Paneer Cooked,5.00,Each,100.0,,1.2726,1.2726,3.2846,3.2846,,0.00,,,0.00,,0.00,
MI Fooda BYO Paneer Bowl,1.00,Each,1.00,Each,1.00,,Inactive,=,,Inactive,=,1.00,Each,No,,,BATCH House Vinaigrette,0.50,OZ-fl,100.0,,0.0479,0.0479,3.2846,3.2846,,0.00,,,0.00,,0.00,
MI Fooda BYO Paneer Bowl,1.00,Each,1.00,Each,1.00,,Inactive,=,,Inactive,=,1.00,Each,No,,,EVERMADE Tamarind Ginger Chutney,0.50,OZ-fl,100.0,,0.1094,0.1094,3.2846,3.2846,,0.00,,,0.00,,0.00,
MI Fooda BYO Paneer Bowl,1.00,Each,1.00,Each,1.00,,Inactive,=,,Inactive,=,1.00,Each,No,,,BATCH Toasted Cumin Yogurt,0.50,OZ-fl,100.0,,0.0445,0.0445,3.2846,3.2846,,0.00,,,0.00,,0.00,
MI Fooda BYO Paneer Bowl,1.00,Each,1.00,Each,1.00,,Inactive,=,,Inactive,=,1.00,Each,No,,,BATCH Mint Cilantro Chutney,0.50,OZ-fl,100.0,,0.0927,0.0927,3.2846,3.2846,,0.00,,,0.00,,0.00,
MI Fooda BYO Paneer Bowl,1.00,Each,1.00,Each,1.00,,Inactive,=,,Inactive,=,1.00,Each,No,,,BATCH Indian Street Corn,0.80,OZ-fl,100.0,,0.0226,0.0226,3.2846,3.2846,,0.00,,,0.00,,0.00,
MI Fooda BYO Paneer Bowl,1.00,Each,1.00,Each,1.00,,Inactive,=,,Inactive,=,1.00,Each,No,,,BATCH Pickled Onions,0.50,OZ-fl,100.0,,0.0313,0.0313,3.2846,3.2846,,0.00,,,0.00,,0.00,
MI Fooda BYO Paneer Bowl,1.00,Each,1.00,Each,1.00,,Inactive,=,,Inactive,=,1.00,Each,No,,,BATCH Carrot Slaw,0.40,OZ-fl,100.0,,0.0214,0.0214,3.2846,3.2846,,0.00,,,0.00,,0.00,
MI Fooda BYO Paneer Bowl,1.00,Each,1.00,Each,1.00,,Inactive,=,,Inactive,=,1.00,Each,No,,,BATCH Kachumber Salad,0.80,OZ-fl,100.0,,0.0441,0.0441,3.2846,3.2846,,0.00,,,0.00,,0.00,
MI Fooda BYO Paneer Bowl,1.00,Each,1.00,Each,1.00,,Inactive,=,,Inactive,=,1.00,Each,No,,,BATCH Spiced Chickpeas,2.80,OZ-fl,100.0,,0.1742,0.1742,3.2846,3.2846,,0.00,,,0.00,,0.00,
MI Fooda BYO Paneer Bowl,1.00,Each,1.00,Each,1.00,,Inactive,=,,Inactive,=,1.00,Each,No,,,BATCH Sautéed Spinach,1.05,OZ-fl,100.0,,0.1183,0.1183,3.2846,3.2846,,0.00,,,0.00,,0.00,
MI Fooda BYO Paneer Bowl,1.00,Each,1.00,Each,1.00,,Inactive,=,,Inactive,=,1.00,Each,No,,,EVERMADE Tamarind Chili Sauce,0.88,OZ-fl,100.0,,0.1539,0.1539,3.2846,3.2846,,0.00,,,0.00,,0.00,
MI Fooda BYO Paneer Bowl,1.00,Each,1.00,Each,1.00,,Inactive,=,,Inactive,=,1.00,Each,No,,,EVERMADE Tomato Garlic Sauce,2.63,OZ-fl,100.0,,0.4947,0.4947,3.2846,3.2846,,0.00,,,0.00,,0.00,
MI Fooda BYO Paneer Bowl,1.00,Each,1.00,Each,1.00,,Inactive,=,,Inactive,=,1.00,Each,No,,,BATCH Lemon Turmeric Rice,7.30,OZ-wt,100.0,,0.2233,0.2233,3.2846,3.2846,,0.00,,,0.00,,0.00,
MI Fooda BYO Paneer Bowl,1.00,Each,1.00,Each,1.00,,Inactive,=,,Inactive,=,1.00,Each,No,,,MI To Go Bowl Disposables - Offsite Pop-Up,1.00,Each,100.0,,0.3165,0.3165,3.2846,3.2846,,0.00,,,0.00,,0.00,
MI Fooda BYO Paneer Bowl,1.00,Each,1.00,Each,1.00,,Inactive,=,,Inactive,=,1.00,Each,No,,,YIELD Romaine Chopped,0.75,OZ-wt,100.0,,0.1172,0.1172,3.2846,3.2846,,0.00,,,0.00,,0.00,
MI Fooda BYO Spicy Chicken Bowl,1.00,Each,1.00,Each,1.00,,Inactive,=,,Inactive,=,1.00,Each,No,,,BATCH Spicy Chili Chicken Cooked,4.00,OZ-wt,100.0,,0.6467,0.6467,2.6587,2.6587,,0.00,,,0.00,,0.00,
MI Fooda BYO Spicy Chicken Bowl,1.00,Each,1.00,Each,1.00,,Inactive,=,,Inactive,=,1.00,Each,No,,,BATCH House Vinaigrette,0.50,OZ-fl,100.0,,0.0479,0.0479,2.6587,2.6587,,0.00,,,0.00,,0.00,
MI Fooda BYO Spicy Chicken Bowl,1.00,Each,1.00,Each,1.00,,Inactive,=,,Inactive,=,1.00,Each,No,,,EVERMADE Tamarind Ginger Chutney,0.50,OZ-fl,100.0,,0.1094,0.1094,2.6587,2.6587,,0.00,,,0.00,,0.00,
MI Fooda BYO Spicy Chicken Bowl,1.00,Each,1.00,Each,1.00,,Inactive,=,,Inactive,=,1.00,Each,No,,,BATCH Toasted Cumin Yogurt,0.50,OZ-fl,100.0,,0.0445,0.0445,2.6587,2.6587,,0.00,,,0.00,,0.00,
MI Fooda BYO Spicy Chicken Bowl,1.00,Each,1.00,Each,1.00,,Inactive,=,,Inactive,=,1.00,Each,No,,,BATCH Mint Cilantro Chutney,0.50,OZ-fl,100.0,,0.0927,0.0927,2.6587,2.6587,,0.00,,,0.00,,0.00,
MI Fooda BYO Spicy Chicken Bowl,1.00,Each,1.00,Each,1.00,,Inactive,=,,Inactive,=,1.00,Each,No,,,BATCH Indian Street Corn,0.80,OZ-fl,100.0,,0.0226,0.0226,2.6587,2.6587,,0.00,,,0.00,,0.00,
MI Fooda BYO Spicy Chicken Bowl,1.00,Each,1.00,Each,1.00,,Inactive,=,,Inactive,=,1.00,Each,No,,,BATCH Pickled Onions,0.50,OZ-fl,100.0,,0.0313,0.0313,2.6587,2.6587,,0.00,,,0.00,,0.00,
MI Fooda BYO Spicy Chicken Bowl,1.00,Each,1.00,Each,1.00,,Inactive,=,,Inactive,=,1.00,Each,No,,,BATCH Carrot Slaw,0.40,OZ-fl,100.0,,0.0214,0.0214,2.6587,2.6587,,0.00,,,0.00,,0.00,
MI Fooda BYO Spicy Chicken Bowl,1.00,Each,1.00,Each,1.00,,Inactive,=,,Inactive,=,1.00,Each,No,,,BATCH Kachumber Salad,0.80,OZ-fl,100.0,,0.0441,0.0441,2.6587,2.6587,,0.00,,,0.00,,0.00,
MI Fooda BYO Spicy Chicken Bowl,1.00,Each,1.00,Each,1.00,,Inactive,=,,Inactive,=,1.00,Each,No,,,BATCH Spiced Chickpeas,2.80,OZ-fl,100.0,,0.1742,0.1742,2.6587,2.6587,,0.00,,,0.00,,0.00,
MI Fooda BYO Spicy Chicken Bowl,1.00,Each,1.00,Each,1.00,,Inactive,=,,Inactive,=,1.00,Each,No,,,BATCH Sautéed Spinach,1.05,OZ-fl,100.0,,0.1183,0.1183,2.6587,2.6587,,0.00,,,0.00,,0.00,
MI Fooda BYO Spicy Chicken Bowl,1.00,Each,1.00,Each,1.00,,Inactive,=,,Inactive,=,1.00,Each,No,,,EVERMADE Tamarind Chili Sauce,0.88,OZ-fl,100.0,,0.1539,0.1539,2.6587,2.6587,,0.00,,,0.00,,0.00,
MI Fooda BYO Spicy Chicken Bowl,1.00,Each,1.00,Each,1.00,,Inactive,=,,Inactive,=,1.00,Each,No,,,EVERMADE Tomato Garlic Sauce,2.63,OZ-fl,100.0,,0.4947,0.4947,2.6587,2.6587,,0.00,,,0.00,,0.00,
MI Fooda BYO Spicy Chicken Bowl,1.00,Each,1.00,Each,1.00,,Inactive,=,,Inactive,=,1.00,Each,No,,,BATCH Lemon Turmeric Rice,7.30,OZ-wt,100.0,,0.2233,0.2233,2.6587,2.6587,,0.00,,,0.00,,0.00,
MI Fooda BYO Spicy Chicken Bowl,1.00,Each,1.00,Each,1.00,,Inactive,=,,Inactive,=,1.00,Each,No,,,MI To Go Bowl Disposables - Offsite Pop-Up,1.00,Each,100.0,,0.3165,0.3165,2.6587,2.6587,,0.00,,,0.00,,0.00,
MI Fooda BYO Spicy Chicken Bowl,1.00,Each,1.00,Each,1.00,,Inactive,=,,Inactive,=,1.00,Each,No,,,YIELD Romaine Chopped,0.75,OZ-wt,100.0,,0.1172,0.1172,2.6587,2.6587,,0.00,,,0.00,,0.00,
MI Fooda Chicken Curry Bowl,1.00,Each,1.00,Each,1.00,,Inactive,=,,Inactive,=,1.00,Each,No,,,BATCH Tamarind Ginger Chutney,1.00,OZ-fl,100.0,,0.0961,0.0961,2.1102,2.1102,,0.00,,,0.00,,0.00,
MI Fooda Chicken Curry Bowl,1.00,Each,1.00,Each,1.00,,Inactive,=,,Inactive,=,1.00,Each,No,,,BATCH Pickled Onions,1.00,OZ-wt,100.0,,0.0849,0.0849,2.1102,2.1102,,0.00,,,0.00,,0.00,
MI Fooda Chicken Curry Bowl,1.00,Each,1.00,Each,1.00,,Inactive,=,,Inactive,=,1.00,Each,No,,,BATCH Spiced Chickpeas,2.00,OZ-wt,100.0,,0.0889,0.0889,2.1102,2.1102,,0.00,,,0.00,,0.00,
MI Fooda Chicken Curry Bowl,1.00,Each,1.00,Each,1.00,,Inactive,=,,Inactive,=,1.00,Each,No,,,EVERMADE Tamarind Chili Sauce,4.00,OZ-fl,100.0,,0.6996,0.6996,2.1102,2.1102,,0.00,,,0.00,,0.00,
MI Fooda Chicken Curry Bowl,1.00,Each,1.00,Each,1.00,,Inactive,=,,Inactive,=,1.00,Each,No,,,BATCH Chicken Tikka Cooked New,4.00,OZ-wt,100.0,,0.5795,0.5795,2.1102,2.1102,,0.00,,,0.00,,0.00,
MI Fooda Chicken Curry Bowl,1.00,Each,1.00,Each,1.00,,Inactive,=,,Inactive,=,1.00,Each,No,,,BATCH Lemon Turmeric Rice,8.00,OZ-wt,100.0,,0.2447,0.2447,2.1102,2.1102,,0.00,,,0.00,,0.00,
MI Fooda Chicken Curry Bowl,1.00,Each,1.00,Each,1.00,,Inactive,=,,Inactive,=,1.00,Each,No,,,MI To Go Bowl Disposables - Offsite Pop-Up,1.00,Each,100.0,,0.3165,0.3165,2.1102,2.1102,,0.00,,,0.00,,0.00,
MI Fooda Chicken Tikka Masala Bowl,1.00,Each,1.00,Each,1.00,,Inactive,=,,Inactive,=,1.00,Each,No,,,BATCH Toasted Cumin Yogurt,1.00,OZ-fl,100.0,,0.0890,0.0890,2.1157,2.1157,,0.00,,,0.00,,0.00,
MI Fooda Chicken Tikka Masala Bowl,1.00,Each,1.00,Each,1.00,,Inactive,=,,Inactive,=,1.00,Each,No,,,BATCH Mint Cilantro Chutney,1.00,OZ-fl,100.0,,0.1854,0.1854,2.1157,2.1157,,0.00,,,0.00,,0.00,
MI Fooda Chicken Tikka Masala Bowl,1.00,Each,1.00,Each,1.00,,Inactive,=,,Inactive,=,1.00,Each,No,,,BATCH Indian Street Corn,1.00,OZ-wt,100.0,,0.0235,0.0235,2.1157,2.1157,,0.00,,,0.00,,0.00,
MI Fooda Chicken Tikka Masala Bowl,1.00,Each,1.00,Each,1.00,,Inactive,=,,Inactive,=,1.00,Each,No,,,BATCH Kachumber Salad,1.00,OZ-wt,100.0,,0.0817,0.0817,2.1157,2.1157,,0.00,,,0.00,,0.00,
MI Fooda Chicken Tikka Masala Bowl,1.00,Each,1.00,Each,1.00,,Inactive,=,,Inactive,=,1.00,Each,No,,,BATCH Sautéed Spinach,2.00,OZ-wt,100.0,,0.2121,0.2121,2.1157,2.1157,,0.00,,,0.00,,0.00,
MI Fooda Chicken Tikka Masala Bowl,1.00,Each,1.00,Each,1.00,,Inactive,=,,Inactive,=,1.00,Each,No,,,BATCH Tomato Garlic Sauce - Test 03.20.25,4.00,OZ-fl,100.0,,0.3833,0.3833,2.1157,2.1157,,0.00,,,0.00,,0.00,
MI Fooda Chicken Tikka Masala Bowl,1.00,Each,1.00,Each,1.00,,Inactive,=,,Inactive,=,1.00,Each,No,,,BATCH Chicken Tikka Cooked New,4.00,OZ-wt,100.0,,0.5795,0.5795,2.1157,2.1157,,0.00,,,0.00,,0.00,
MI Fooda Chicken Tikka Masala Bowl,1.00,Each,1.00,Each,1.00,,Inactive,=,,Inactive,=,1.00,Each,No,,,BATCH Lemon Turmeric Rice,8.00,OZ-wt,100.0,,0.2447,0.2447,2.1157,2.1157,,0.00,,,0.00,,0.00,
MI Fooda Chicken Tikka Masala Bowl,1.00,Each,1.00,Each,1.00,,Inactive,=,,Inactive,=,1.00,Each,No,,,MI To Go Bowl Disposables - Offsite Pop-Up,1.00,Each,100.0,,0.3165,0.3165,2.1157,2.1157,,0.00,,,0.00,,0.00,
MI Fooda CloudHQ BYO Bowl,1.00,Each,1.00,Each,1.00,,Inactive,=,,Inactive,=,1.00,Each,No,,,BATCH Basmati Rice,7.30,OZ-wt,100.0,,0.1849,0.1849,2.8279,2.8279,,0.00,,,0.00,,0.00,
MI Fooda CloudHQ BYO Bowl,1.00,Each,1.00,Each,1.00,,Inactive,=,,Inactive,=,1.00,Each,No,,,EVERMADE Tamarind Ginger Chutney,0.35,OZ-fl,100.0,,0.0766,0.0766,2.8279,2.8279,,0.00,,,0.00,,0.00,
MI Fooda CloudHQ BYO Bowl,1.00,Each,1.00,Each,1.00,,Inactive,=,,Inactive,=,1.00,Each,No,,,BATCH Spiced Chickpeas,2.40,OZ-fl,100.0,,0.1493,0.1493,2.8279,2.8279,,0.00,,,0.00,,0.00,
MI Fooda CloudHQ BYO Bowl,1.00,Each,1.00,Each,1.00,,Inactive,=,,Inactive,=,1.00,Each,No,,,EVERMADE Tamarind Chili Sauce,0.88,OZ-fl,100.0,,0.1539,0.1539,2.8279,2.8279,,0.00,,,0.00,,0.00,
MI Fooda CloudHQ BYO Bowl,1.00,Each,1.00,Each,1.00,,Inactive,=,,Inactive,=,1.00,Each,No,,,BATCH Harvest Vegetables Cooked,0.60,OZ-wt,100.0,,0.1669,0.1669,2.8279,2.8279,,0.00,,,0.00,,0.00,
MI Fooda CloudHQ BYO Bowl,1.00,Each,1.00,Each,1.00,,Inactive,=,,Inactive,=,1.00,Each,No,,,BATCH Spicy Chili Chicken Cooked,1.00,OZ-wt,100.0,,0.1617,0.1617,2.8279,2.8279,,0.00,,,0.00,,0.00,
MI Fooda CloudHQ BYO Bowl,1.00,Each,1.00,Each,1.00,,Inactive,=,,Inactive,=,1.00,Each,No,,,BATCH Tandoori Paneer Cooked,1.00,Each,100.0,,0.2545,0.2545,2.8279,2.8279,,0.00,,,0.00,,0.00,
MI Fooda CloudHQ BYO Bowl,1.00,Each,1.00,Each,1.00,,Inactive,=,,Inactive,=,1.00,Each,No,,,BATCH Chicken Tikka Cooked New,2.50,OZ-wt,100.0,,0.3622,0.3622,2.8279,2.8279,,0.00,,,0.00,,0.00,
MI Fooda CloudHQ BYO Bowl,1.00,Each,1.00,Each,1.00,,Inactive,=,,Inactive,=,1.00,Each,No,,,MI To Go Bowl Disposables - Offsite Pop-Up,1.00,Each,100.0,,0.3165,0.3165,2.8279,2.8279,,0.00,,,0.00,,0.00,
MI Fooda CloudHQ BYO Bowl,1.00,Each,1.00,Each,1.00,,Inactive,=,,Inactive,=,1.00,Each,No,,,BATCH House Vinaigrette,0.35,OZ-fl,100.0,,0.0336,0.0336,2.8279,2.8279,,0.00,,,0.00,,0.00,
MI Fooda CloudHQ BYO Bowl,1.00,Each,1.00,Each,1.00,,Inactive,=,,Inactive,=,1.00,Each,No,,,BATCH Indian Street Corn,0.80,OZ-fl,100.0,,0.0226,0.0226,2.8279,2.8279,,0.00,,,0.00,,0.00,
MI Fooda CloudHQ BYO Bowl,1.00,Each,1.00,Each,1.00,,Inactive,=,,Inactive,=,1.00,Each,No,,,BATCH Carrot Slaw,0.40,OZ-fl,100.0,,0.0214,0.0214,2.8279,2.8279,,0.00,,,0.00,,0.00,
MI Fooda CloudHQ BYO Bowl,1.00,Each,1.00,Each,1.00,,Inactive,=,,Inactive,=,1.00,Each,No,,,YIELD Romaine Chopped,1.00,OZ-wt,100.0,,0.1563,0.1563,2.8279,2.8279,,0.00,,,0.00,,0.00,
MI Fooda CloudHQ BYO Bowl,1.00,Each,1.00,Each,1.00,,Inactive,=,,Inactive,=,1.00,Each,No,,,EVERMADE Tomato Garlic Sauce,2.63,OZ-fl,100.0,,0.4947,0.4947,2.8279,2.8279,,0.00,,,0.00,,0.00,
MI Fooda CloudHQ BYO Bowl,1.00,Each,1.00,Each,1.00,,Inactive,=,,Inactive,=,1.00,Each,No,,,BATCH Sautéed Spinach,0.90,OZ-fl,100.0,,0.1014,0.1014,2.8279,2.8279,,0.00,,,0.00,,0.00,
MI Fooda CloudHQ BYO Bowl,1.00,Each,1.00,Each,1.00,,Inactive,=,,Inactive,=,1.00,Each,No,,,BATCH Pickled Onions,0.50,OZ-fl,100.0,,0.0313,0.0313,2.8279,2.8279,,0.00,,,0.00,,0.00,
MI Fooda CloudHQ BYO Bowl,1.00,Each,1.00,Each,1.00,,Inactive,=,,Inactive,=,1.00,Each,No,,,BATCH Kachumber Salad,0.80,OZ-fl,100.0,,0.0441,0.0441,2.8279,2.8279,,0.00,,,0.00,,0.00,
MI Fooda CloudHQ BYO Bowl,1.00,Each,1.00,Each,1.00,,Inactive,=,,Inactive,=,1.00,Each,No,,,BATCH Mint Cilantro Chutney,0.35,OZ-fl,100.0,,0.0649,0.0649,2.8279,2.8279,,0.00,,,0.00,,0.00,
MI Fooda CloudHQ BYO Bowl,1.00,Each,1.00,Each,1.00,,Inactive,=,,Inactive,=,1.00,Each,No,,,BATCH Toasted Cumin Yogurt,0.35,OZ-fl,100.0,,0.0311,0.0311,2.8279,2.8279,,0.00,,,0.00,,0.00,
MI Fooda Finnegan BYO Bowl,1.00,Each,1.00,Each,1.00,,Inactive,=,,Inactive,=,1.00,Each,No,,,BATCH Basmati Rice,7.30,OZ-wt,100.0,,0.1849,0.1849,2.8279,2.8279,,0.00,,,0.00,,0.00,
MI Fooda Finnegan BYO Bowl,1.00,Each,1.00,Each,1.00,,Inactive,=,,Inactive,=,1.00,Each,No,,,EVERMADE Tamarind Ginger Chutney,0.35,OZ-fl,100.0,,0.0766,0.0766,2.8279,2.8279,,0.00,,,0.00,,0.00,
MI Fooda Finnegan BYO Bowl,1.00,Each,1.00,Each,1.00,,Inactive,=,,Inactive,=,1.00,Each,No,,,BATCH Spiced Chickpeas,2.40,OZ-fl,100.0,,0.1493,0.1493,2.8279,2.8279,,0.00,,,0.00,,0.00,
MI Fooda Finnegan BYO Bowl,1.00,Each,1.00,Each,1.00,,Inactive,=,,Inactive,=,1.00,Each,No,,,EVERMADE Tamarind Chili Sauce,0.88,OZ-fl,100.0,,0.1539,0.1539,2.8279,2.8279,,0.00,,,0.00,,0.00,
MI Fooda Finnegan BYO Bowl,1.00,Each,1.00,Each,1.00,,Inactive,=,,Inactive,=,1.00,Each,No,,,BATCH Harvest Vegetables Cooked,0.60,OZ-wt,100.0,,0.1669,0.1669,2.8279,2.8279,,0.00,,,0.00,,0.00,
MI Fooda Finnegan BYO Bowl,1.00,Each,1.00,Each,1.00,,Inactive,=,,Inactive,=,1.00,Each,No,,,BATCH Spicy Chili Chicken Cooked,1.00,OZ-wt,100.0,,0.1617,0.1617,2.8279,2.8279,,0.00,,,0.00,,0.00,
MI Fooda Finnegan BYO Bowl,1.00,Each,1.00,Each,1.00,,Inactive,=,,Inactive,=,1.00,Each,No,,,BATCH Tandoori Paneer Cooked,1.00,Each,100.0,,0.2545,0.2545,2.8279,2.8279,,0.00,,,0.00,,0.00,
MI Fooda Finnegan BYO Bowl,1.00,Each,1.00,Each,1.00,,Inactive,=,,Inactive,=,1.00,Each,No,,,BATCH Chicken Tikka Cooked New,2.50,OZ-wt,100.0,,0.3622,0.3622,2.8279,2.8279,,0.00,,,0.00,,0.00,
MI Fooda Finnegan BYO Bowl,1.00,Each,1.00,Each,1.00,,Inactive,=,,Inactive,=,1.00,Each,No,,,MI To Go Bowl Disposables - Offsite Pop-Up,1.00,Each,100.0,,0.3165,0.3165,2.8279,2.8279,,0.00,,,0.00,,0.00,
MI Fooda Finnegan BYO Bowl,1.00,Each,1.00,Each,1.00,,Inactive,=,,Inactive,=,1.00,Each,No,,,BATCH House Vinaigrette,0.35,OZ-fl,100.0,,0.0336,0.0336,2.8279,2.8279,,0.00,,,0.00,,0.00,
MI Fooda Finnegan BYO Bowl,1.00,Each,1.00,Each,1.00,,Inactive,=,,Inactive,=,1.00,Each,No,,,BATCH Indian Street Corn,0.80,OZ-fl,100.0,,0.0226,0.0226,2.8279,2.8279,,0.00,,,0.00,,0.00,
MI Fooda Finnegan BYO Bowl,1.00,Each,1.00,Each,1.00,,Inactive,=,,Inactive,=,1.00,Each,No,,,BATCH Carrot Slaw,0.40,OZ-fl,100.0,,0.0214,0.0214,2.8279,2.8279,,0.00,,,0.00,,0.00,
MI Fooda Finnegan BYO Bowl,1.00,Each,1.00,Each,1.00,,Inactive,=,,Inactive,=,1.00,Each,No,,,YIELD Romaine Chopped,1.00,OZ-wt,100.0,,0.1563,0.1563,2.8279,2.8279,,0.00,,,0.00,,0.00,
MI Fooda Finnegan BYO Bowl,1.00,Each,1.00,Each,1.00,,Inactive,=,,Inactive,=,1.00,Each,No,,,EVERMADE Tomato Garlic Sauce,2.63,OZ-fl,100.0,,0.4947,0.4947,2.8279,2.8279,,0.00,,,0.00,,0.00,
MI Fooda Finnegan BYO Bowl,1.00,Each,1.00,Each,1.00,,Inactive,=,,Inactive,=,1.00,Each,No,,,BATCH Sautéed Spinach,0.90,OZ-fl,100.0,,0.1014,0.1014,2.8279,2.8279,,0.00,,,0.00,,0.00,
MI Fooda Finnegan BYO Bowl,1.00,Each,1.00,Each,1.00,,Inactive,=,,Inactive,=,1.00,Each,No,,,BATCH Pickled Onions,0.50,OZ-fl,100.0,,0.0313,0.0313,2.8279,2.8279,,0.00,,,0.00,,0.00,
MI Fooda Finnegan BYO Bowl,1.00,Each,1.00,Each,1.00,,Inactive,=,,Inactive,=,1.00,Each,No,,,BATCH Kachumber Salad,0.80,OZ-fl,100.0,,0.0441,0.0441,2.8279,2.8279,,0.00,,,0.00,,0.00,
MI Fooda Finnegan BYO Bowl,1.00,Each,1.00,Each,1.00,,Inactive,=,,Inactive,=,1.00,Each,No,,,BATCH Mint Cilantro Chutney,0.35,OZ-fl,100.0,,0.0649,0.0649,2.8279,2.8279,,0.00,,,0.00,,0.00,
MI Fooda Finnegan BYO Bowl,1.00,Each,1.00,Each,1.00,,Inactive,=,,Inactive,=,1.00,Each,No,,,BATCH Toasted Cumin Yogurt,0.35,OZ-fl,100.0,,0.0311,0.0311,2.8279,2.8279,,0.00,,,0.00,,0.00,
MI Fooda Qualtrics BYO Bowl,1.00,Each,1.00,Each,1.00,,Inactive,=,,Inactive,=,1.00,Each,No,,,BATCH Basmati Rice,7.30,OZ-wt,100.0,,0.1849,0.1849,2.8279,2.8279,,0.00,,,0.00,,0.00,
MI Fooda Qualtrics BYO Bowl,1.00,Each,1.00,Each,1.00,,Inactive,=,,Inactive,=,1.00,Each,No,,,EVERMADE Tamarind Ginger Chutney,0.35,OZ-fl,100.0,,0.0766,0.0766,2.8279,2.8279,,0.00,,,0.00,,0.00,
MI Fooda Qualtrics BYO Bowl,1.00,Each,1.00,Each,1.00,,Inactive,=,,Inactive,=,1.00,Each,No,,,BATCH Spiced Chickpeas,2.40,OZ-fl,100.0,,0.1493,0.1493,2.8279,2.8279,,0.00,,,0.00,,0.00,
MI Fooda Qualtrics BYO Bowl,1.00,Each,1.00,Each,1.00,,Inactive,=,,Inactive,=,1.00,Each,No,,,EVERMADE Tamarind Chili Sauce,0.88,OZ-fl,100.0,,0.1539,0.1539,2.8279,2.8279,,0.00,,,0.00,,0.00,
MI Fooda Qualtrics BYO Bowl,1.00,Each,1.00,Each,1.00,,Inactive,=,,Inactive,=,1.00,Each,No,,,BATCH Harvest Vegetables Cooked,0.60,OZ-wt,100.0,,0.1669,0.1669,2.8279,2.8279,,0.00,,,0.00,,0.00,
MI Fooda Qualtrics BYO Bowl,1.00,Each,1.00,Each,1.00,,Inactive,=,,Inactive,=,1.00,Each,No,,,BATCH Spicy Chili Chicken Cooked,1.00,OZ-wt,100.0,,0.1617,0.1617,2.8279,2.8279,,0.00,,,0.00,,0.00,
MI Fooda Qualtrics BYO Bowl,1.00,Each,1.00,Each,1.00,,Inactive,=,,Inactive,=,1.00,Each,No,,,BATCH Tandoori Paneer Cooked,1.00,Each,100.0,,0.2545,0.2545,2.8279,2.8279,,0.00,,,0.00,,0.00,
MI Fooda Qualtrics BYO Bowl,1.00,Each,1.00,Each,1.00,,Inactive,=,,Inactive,=,1.00,Each,No,,,BATCH Chicken Tikka Cooked New,2.50,OZ-wt,100.0,,0.3622,0.3622,2.8279,2.8279,,0.00,,,0.00,,0.00,
MI Fooda Qualtrics BYO Bowl,1.00,Each,1.00,Each,1.00,,Inactive,=,,Inactive,=,1.00,Each,No,,,MI To Go Bowl Disposables - Offsite Pop-Up,1.00,Each,100.0,,0.3165,0.3165,2.8279,2.8279,,0.00,,,0.00,,0.00,
MI Fooda Qualtrics BYO Bowl,1.00,Each,1.00,Each,1.00,,Inactive,=,,Inactive,=,1.00,Each,No,,,BATCH House Vinaigrette,0.35,OZ-fl,100.0,,0.0336,0.0336,2.8279,2.8279,,0.00,,,0.00,,0.00,
MI Fooda Qualtrics BYO Bowl,1.00,Each,1.00,Each,1.00,,Inactive,=,,Inactive,=,1.00,Each,No,,,BATCH Indian Street Corn,0.80,OZ-fl,100.0,,0.0226,0.0226,2.8279,2.8279,,0.00,,,0.00,,0.00,
MI Fooda Qualtrics BYO Bowl,1.00,Each,1.00,Each,1.00,,Inactive,=,,Inactive,=,1.00,Each,No,,,BATCH Carrot Slaw,0.40,OZ-fl,100.0,,0.0214,0.0214,2.8279,2.8279,,0.00,,,0.00,,0.00,
MI Fooda Qualtrics BYO Bowl,1.00,Each,1.00,Each,1.00,,Inactive,=,,Inactive,=,1.00,Each,No,,,YIELD Romaine Chopped,1.00,OZ-wt,100.0,,0.1563,0.1563,2.8279,2.8279,,0.00,,,0.00,,0.00,
MI Fooda Qualtrics BYO Bowl,1.00,Each,1.00,Each,1.00,,Inactive,=,,Inactive,=,1.00,Each,No,,,EVERMADE Tomato Garlic Sauce,2.63,OZ-fl,100.0,,0.4947,0.4947,2.8279,2.8279,,0.00,,,0.00,,0.00,
MI Fooda Qualtrics BYO Bowl,1.00,Each,1.00,Each,1.00,,Inactive,=,,Inactive,=,1.00,Each,No,,,BATCH Sautéed Spinach,0.90,OZ-fl,100.0,,0.1014,0.1014,2.8279,2.8279,,0.00,,,0.00,,0.00,
MI Fooda Qualtrics BYO Bowl,1.00,Each,1.00,Each,1.00,,Inactive,=,,Inactive,=,1.00,Each,No,,,BATCH Pickled Onions,0.50,OZ-fl,100.0,,0.0313,0.0313,2.8279,2.8279,,0.00,,,0.00,,0.00,
MI Fooda Qualtrics BYO Bowl,1.00,Each,1.00,Each,1.00,,Inactive,=,,Inactive,=,1.00,Each,No,,,BATCH Kachumber Salad,0.80,OZ-fl,100.0,,0.0441,0.0441,2.8279,2.8279,,0.00,,,0.00,,0.00,
MI Fooda Qualtrics BYO Bowl,1.00,Each,1.00,Each,1.00,,Inactive,=,,Inactive,=,1.00,Each,No,,,BATCH Mint Cilantro Chutney,0.35,OZ-fl,100.0,,0.0649,0.0649,2.8279,2.8279,,0.00,,,0.00,,0.00,
MI Fooda Qualtrics BYO Bowl,1.00,Each,1.00,Each,1.00,,Inactive,=,,Inactive,=,1.00,Each,No,,,BATCH Toasted Cumin Yogurt,0.35,OZ-fl,100.0,,0.0311,0.0311,2.8279,2.8279,,0.00,,,0.00,,0.00,
MI Fooda Tandoori Paneer Bowl,1.00,Each,1.00,Each,1.00,,Inactive,=,,Inactive,=,1.00,Each,No,,,EVERMADE Tomato Garlic Sauce,4.00,OZ-fl,100.0,,0.7524,0.7524,3.2260,3.2260,,0.00,,,0.00,,0.00,
MI Fooda Tandoori Paneer Bowl,1.00,Each,1.00,Each,1.00,,Inactive,=,,Inactive,=,1.00,Each,No,,,EVERMADE Tamarind Ginger Chutney,1.00,OZ-fl,100.0,,0.2188,0.2188,3.2260,3.2260,,0.00,,,0.00,,0.00,
MI Fooda Tandoori Paneer Bowl,1.00,Each,1.00,Each,1.00,,Inactive,=,,Inactive,=,1.00,Each,No,,,BATCH Tandoori Paneer Cooked,5.00,Each,100.0,,1.2726,1.2726,3.2260,3.2260,,0.00,,,0.00,,0.00,
MI Fooda Tandoori Paneer Bowl,1.00,Each,1.00,Each,1.00,,Inactive,=,,Inactive,=,1.00,Each,No,,,BATCH Mint Cilantro Chutney,1.00,OZ-fl,100.0,,0.1854,0.1854,3.2260,3.2260,,0.00,,,0.00,,0.00,
MI Fooda Tandoori Paneer Bowl,1.00,Each,1.00,Each,1.00,,Inactive,=,,Inactive,=,1.00,Each,No,,,BATCH Indian Street Corn,1.00,OZ-wt,100.0,,0.0235,0.0235,3.2260,3.2260,,0.00,,,0.00,,0.00,
MI Fooda Tandoori Paneer Bowl,1.00,Each,1.00,Each,1.00,,Inactive,=,,Inactive,=,1.00,Each,No,,,BATCH Sautéed Spinach,2.00,OZ-wt,100.0,,0.2121,0.2121,3.2260,3.2260,,0.00,,,0.00,,0.00,
MI Fooda Tandoori Paneer Bowl,1.00,Each,1.00,Each,1.00,,Inactive,=,,Inactive,=,1.00,Each,No,,,BATCH Lemon Turmeric Rice,8.00,OZ-wt,100.0,,0.2447,0.2447,3.2260,3.2260,,0.00,,,0.00,,0.00,
MI Fooda Tandoori Paneer Bowl,1.00,Each,1.00,Each,1.00,,Inactive,=,,Inactive,=,1.00,Each,No,,,MI To Go Bowl Disposables - Offsite Pop-Up,1.00,Each,100.0,,0.3165,0.3165,3.2260,3.2260,,0.00,,,0.00,,0.00,
MI Fooda T-Mobile BYO Bowl,1.00,Each,1.00,Each,1.00,,Inactive,=,,Inactive,=,1.00,Each,No,,,BATCH Basmati Rice,7.30,OZ-wt,100.0,,0.1849,0.1849,2.8279,2.8279,,0.00,,,0.00,,0.00,
MI Fooda T-Mobile BYO Bowl,1.00,Each,1.00,Each,1.00,,Inactive,=,,Inactive,=,1.00,Each,No,,,EVERMADE Tamarind Ginger Chutney,0.35,OZ-fl,100.0,,0.0766,0.0766,2.8279,2.8279,,0.00,,,0.00,,0.00,
MI Fooda T-Mobile BYO Bowl,1.00,Each,1.00,Each,1.00,,Inactive,=,,Inactive,=,1.00,Each,No,,,BATCH Spiced Chickpeas,2.40,OZ-fl,100.0,,0.1493,0.1493,2.8279,2.8279,,0.00,,,0.00,,0.00,
MI Fooda T-Mobile BYO Bowl,1.00,Each,1.00,Each,1.00,,Inactive,=,,Inactive,=,1.00,Each,No,,,EVERMADE Tamarind Chili Sauce,0.88,OZ-fl,100.0,,0.1539,0.1539,2.8279,2.8279,,0.00,,,0.00,,0.00,
MI Fooda T-Mobile BYO Bowl,1.00,Each,1.00,Each,1.00,,Inactive,=,,Inactive,=,1.00,Each,No,,,BATCH Harvest Vegetables Cooked,0.60,OZ-wt,100.0,,0.1669,0.1669,2.8279,2.8279,,0.00,,,0.00,,0.00,
MI Fooda T-Mobile BYO Bowl,1.00,Each,1.00,Each,1.00,,Inactive,=,,Inactive,=,1.00,Each,No,,,BATCH Spicy Chili Chicken Cooked,1.00,OZ-wt,100.0,,0.1617,0.1617,2.8279,2.8279,,0.00,,,0.00,,0.00,
MI Fooda T-Mobile BYO Bowl,1.00,Each,1.00,Each,1.00,,Inactive,=,,Inactive,=,1.00,Each,No,,,BATCH Tandoori Paneer Cooked,1.00,Each,100.0,,0.2545,0.2545,2.8279,2.8279,,0.00,,,0.00,,0.00,
MI Fooda T-Mobile BYO Bowl,1.00,Each,1.00,Each,1.00,,Inactive,=,,Inactive,=,1.00,Each,No,,,BATCH Chicken Tikka Cooked New,2.50,OZ-wt,100.0,,0.3622,0.3622,2.8279,2.8279,,0.00,,,0.00,,0.00,
MI Fooda T-Mobile BYO Bowl,1.00,Each,1.00,Each,1.00,,Inactive,=,,Inactive,=,1.00,Each,No,,,MI To Go Bowl Disposables - Offsite Pop-Up,1.00,Each,100.0,,0.3165,0.3165,2.8279,2.8279,,0.00,,,0.00,,0.00,
MI Fooda T-Mobile BYO Bowl,1.00,Each,1.00,Each,1.00,,Inactive,=,,Inactive,=,1.00,Each,No,,,BATCH House Vinaigrette,0.35,OZ-fl,100.0,,0.0336,0.0336,2.8279,2.8279,,0.00,,,0.00,,0.00,
MI Fooda T-Mobile BYO Bowl,1.00,Each,1.00,Each,1.00,,Inactive,=,,Inactive,=,1.00,Each,No,,,BATCH Indian Street Corn,0.80,OZ-fl,100.0,,0.0226,0.0226,2.8279,2.8279,,0.00,,,0.00,,0.00,
MI Fooda T-Mobile BYO Bowl,1.00,Each,1.00,Each,1.00,,Inactive,=,,Inactive,=,1.00,Each,No,,,BATCH Carrot Slaw,0.40,OZ-fl,100.0,,0.0214,0.0214,2.8279,2.8279,,0.00,,,0.00,,0.00,
MI Fooda T-Mobile BYO Bowl,1.00,Each,1.00,Each,1.00,,Inactive,=,,Inactive,=,1.00,Each,No,,,YIELD Romaine Chopped,1.00,OZ-wt,100.0,,0.1563,0.1563,2.8279,2.8279,,0.00,,,0.00,,0.00,
MI Fooda T-Mobile BYO Bowl,1.00,Each,1.00,Each,1.00,,Inactive,=,,Inactive,=,1.00,Each,No,,,EVERMADE Tomato Garlic Sauce,2.63,OZ-fl,100.0,,0.4947,0.4947,2.8279,2.8279,,0.00,,,0.00,,0.00,
MI Fooda T-Mobile BYO Bowl,1.00,Each,1.00,Each,1.00,,Inactive,=,,Inactive,=,1.00,Each,No,,,BATCH Sautéed Spinach,0.90,OZ-fl,100.0,,0.1014,0.1014,2.8279,2.8279,,0.00,,,0.00,,0.00,
MI Fooda T-Mobile BYO Bowl,1.00,Each,1.00,Each,1.00,,Inactive,=,,Inactive,=,1.00,Each,No,,,BATCH Pickled Onions,0.50,OZ-fl,100.0,,0.0313,0.0313,2.8279,2.8279,,0.00,,,0.00,,0.00,
MI Fooda T-Mobile BYO Bowl,1.00,Each,1.00,Each,1.00,,Inactive,=,,Inactive,=,1.00,Each,No,,,BATCH Kachumber Salad,0.80,OZ-fl,100.0,,0.0441,0.0441,2.8279,2.8279,,0.00,,,0.00,,0.00,
MI Fooda T-Mobile BYO Bowl,1.00,Each,1.00,Each,1.00,,Inactive,=,,Inactive,=,1.00,Each,No,,,BATCH Mint Cilantro Chutney,0.35,OZ-fl,100.0,,0.0649,0.0649,2.8279,2.8279,,0.00,,,0.00,,0.00,
MI Fooda T-Mobile BYO Bowl,1.00,Each,1.00,Each,1.00,,Inactive,=,,Inactive,=,1.00,Each,No,,,BATCH Toasted Cumin Yogurt,0.35,OZ-fl,100.0,,0.0311,0.0311,2.8279,2.8279,,0.00,,,0.00,,0.00,
MI Foodee Aloo Need Is Love,1.00,Each,1.00,Each,1.00,,Inactive,=,,Inactive,=,1.00,Each,No,,,EVERMADE Coconut Ginger Sauce,4.00,OZ-fl,100.0,,0.7998,0.7998,2.5580,2.5580,,0.00,,,0.00,,0.00,
MI Foodee Aloo Need Is Love,1.00,Each,1.00,Each,1.00,,Inactive,=,,Inactive,=,1.00,Each,No,,,EVERMADE Tamarind Ginger Chutney,0.80,OZ-wt,100.0,,0.1429,0.1429,2.5580,2.5580,,0.00,,,0.00,,0.00,
MI Foodee Aloo Need Is Love,1.00,Each,1.00,Each,1.00,,Inactive,=,,Inactive,=,1.00,Each,No,,,MI To Go Bowl Disposables - Online,1.00,Each,100.0,,0.6065,0.6065,2.5580,2.5580,,0.00,,,0.00,,0.00,
MI Foodee Aloo Need Is Love,1.00,Each,1.00,Each,1.00,,Inactive,=,,Inactive,=,1.00,Each,No,,,BATCH Roasted Lentils,0.05,OZ-wt,100.0,,0.0078,0.0078,2.5580,2.5580,,0.00,,,0.00,,0.00,
MI Foodee Aloo Need Is Love,1.00,Each,1.00,Each,1.00,,Inactive,=,,Inactive,=,1.00,Each,No,,,BATCH Pickled Radish,0.50,OZ-wt,100.0,,0.0184,0.0184,2.5580,2.5580,,0.00,,,0.00,,0.00,
MI Foodee Aloo Need Is Love,1.00,Each,1.00,Each,1.00,,Inactive,=,,Inactive,=,1.00,Each,No,,,BATCH Masala Beets,0.50,OZ-wt,100.0,,0.0967,0.0967,2.5580,2.5580,,0.00,,,0.00,,0.00,
MI Foodee Aloo Need Is Love,1.00,Each,1.00,Each,1.00,,Inactive,=,,Inactive,=,1.00,Each,No,,,YIELD Cucumber Chopped,0.50,OZ-wt,100.0,,0.0161,0.0161,2.5580,2.5580,,0.00,,,0.00,,0.00,
MI Foodee Aloo Need Is Love,1.00,Each,1.00,Each,1.00,,Inactive,=,,Inactive,=,1.00,Each,No,,,BATCH Eggplant Cooked,1.50,OZ-wt,100.0,,0.2906,0.2906,2.5580,2.5580,,0.00,,,0.00,,0.00,
MI Foodee Aloo Need Is Love,1.00,Each,1.00,Each,1.00,,Inactive,=,,Inactive,=,1.00,Each,No,,,BATCH Sweet Potato Tikki,3.20,OZ-wt,100.0,,0.3559,0.3559,2.5580,2.5580,,0.00,,,0.00,,0.00,
MI Foodee Aloo Need Is Love,1.00,Each,1.00,Each,1.00,,Inactive,=,,Inactive,=,1.00,Each,No,,,BATCH Lemon Turmeric Rice,7.30,OZ-wt,100.0,,0.2233,0.2233,2.5580,2.5580,,0.00,,,0.00,,0.00,
MI Foodee Caul Me Maybe,1.00,Each,1.00,Each,1.00,,Inactive,=,,Inactive,=,1.00,Each,No,,,EVERMADE Peanut Sesame Sauce,4.00,OZ-fl,100.0,,0.5310,0.5310,2.8441,2.8441,,0.00,,,0.00,,0.00,
MI Foodee Caul Me Maybe,1.00,Each,1.00,Each,1.00,,Inactive,=,,Inactive,=,1.00,Each,No,,,MI To Go Bowl Disposables - Online,1.00,Each,100.0,,0.6065,0.6065,2.8441,2.8441,,0.00,,,0.00,,0.00,
MI Foodee Caul Me Maybe,1.00,Each,1.00,Each,1.00,,Inactive,=,,Inactive,=,1.00,Each,No,,,"Seed, Sunflower",0.05,OZ-wt,100.0,,0.0094,0.0094,2.8441,2.8441,,0.00,,,0.00,,0.00,
MI Foodee Caul Me Maybe,1.00,Each,1.00,Each,1.00,,Inactive,=,,Inactive,=,1.00,Each,No,,,BATCH Masala Beets,0.50,OZ-wt,100.0,,0.0967,0.0967,2.8441,2.8441,,0.00,,,0.00,,0.00,
MI Foodee Caul Me Maybe,1.00,Each,1.00,Each,1.00,,Inactive,=,,Inactive,=,1.00,Each,No,,,YIELD Cucumber Chopped,0.50,OZ-wt,100.0,,0.0161,0.0161,2.8441,2.8441,,0.00,,,0.00,,0.00,
MI Foodee Caul Me Maybe,1.00,Each,1.00,Each,1.00,,Inactive,=,,Inactive,=,1.00,Each,No,,,MOBYS Coriander Chili Chutney,1.00,OZ-wt,100.0,,0.2262,0.2262,2.8441,2.8441,,0.00,,,0.00,,0.00,
MI Foodee Caul Me Maybe,1.00,Each,1.00,Each,1.00,,Inactive,=,,Inactive,=,1.00,Each,No,,,BATCH Sautéed Spinach,2.40,OZ-wt,100.0,,0.2545,0.2545,2.8441,2.8441,,0.00,,,0.00,,0.00,
MI Foodee Caul Me Maybe,1.00,Each,1.00,Each,1.00,,Inactive,=,,Inactive,=,1.00,Each,No,,,BATCH Lemon Turmeric Rice,7.30,OZ-wt,100.0,,0.2233,0.2233,2.8441,2.8441,,0.00,,,0.00,,0.00,
MI Foodee Caul Me Maybe,1.00,Each,1.00,Each,1.00,,Inactive,=,,Inactive,=,1.00,Each,No,,,BATCH Tofu Cauliflower Cooked,4.00,OZ-fl,100.0,,0.8804,0.8804,2.8441,2.8441,,0.00,,,0.00,,0.00,
MI Foodee Eat Your Veggies,1.00,Each,1.00,Each,1.00,,Inactive,=,,Inactive,=,1.00,Each,No,,,EVERMADE Tamarind Ginger Chutney,0.80,OZ-wt,100.0,,0.1429,0.1429,2.8733,2.8733,,,,,,,,
MI Foodee Eat Your Veggies,1.00,Each,1.00,Each,1.00,,Inactive,=,,Inactive,=,1.00,Each,No,,,EVERMADE Coconut Ginger Sauce,4.00,OZ-fl,100.0,,0.7998,0.7998,2.8733,2.8733,,,,,,,,
MI Foodee Eat Your Veggies,1.00,Each,1.00,Each,1.00,,Inactive,=,,Inactive,=,1.00,Each,No,,,MI To Go Bowl Disposables - Online,1.00,Each,100.0,,0.6065,0.6065,2.8733,2.8733,,,,,,,,
MI Foodee Eat Your Veggies,1.00,Each,1.00,Each,1.00,,Inactive,=,,Inactive,=,1.00,Each,No,,,Avocado,0.50,Each,100.0,,0.3568,0.3568,2.8733,2.8733,,,,,,,,
MI Foodee Eat Your Veggies,1.00,Each,1.00,Each,1.00,,Inactive,=,,Inactive,=,1.00,Each,No,,,BATCH Pickled Onions,0.50,OZ-wt,100.0,,0.0425,0.0425,2.8733,2.8733,,,,,,,,
MI Foodee Eat Your Veggies,1.00,Each,1.00,Each,1.00,,Inactive,=,,Inactive,=,1.00,Each,No,,,BATCH Carrot Slaw,0.50,OZ-wt,100.0,,0.0454,0.0454,2.8733,2.8733,,,,,,,,
MI Foodee Eat Your Veggies,1.00,Each,1.00,Each,1.00,,Inactive,=,,Inactive,=,1.00,Each,No,,,BATCH Indian Street Corn,0.50,OZ-wt,100.0,,0.0117,0.0117,2.8733,2.8733,,,,,,,,
MI Foodee Eat Your Veggies,1.00,Each,1.00,Each,1.00,,Inactive,=,,Inactive,=,1.00,Each,No,,,BATCH Eggplant Cooked,1.50,OZ-wt,100.0,,0.2906,0.2906,2.8733,2.8733,,,,,,,,
MI Foodee Eat Your Veggies,1.00,Each,1.00,Each,1.00,,Inactive,=,,Inactive,=,1.00,Each,No,,,BATCH Sautéed Spinach,2.40,OZ-wt,100.0,,0.2545,0.2545,2.8733,2.8733,,,,,,,,
MI Foodee Eat Your Veggies,1.00,Each,1.00,Each,1.00,,Inactive,=,,Inactive,=,1.00,Each,No,,,BATCH Spiced Chickpeas,3.10,OZ-wt,100.0,,0.1377,0.1377,2.8733,2.8733,,,,,,,,
MI Foodee Eat Your Veggies,1.00,Each,1.00,Each,1.00,,Inactive,=,,Inactive,=,1.00,Each,No,,,BATCH Basmati Rice,7.30,OZ-wt,100.0,,0.1849,0.1849,2.8733,2.8733,,,,,,,,
MI Foodee Tikka Chance On Me,1.00,Each,1.00,Each,1.00,,Inactive,=,,Inactive,=,1.00,Each,No,,,EVERMADE Tomato Garlic Sauce,4.00,OZ-fl,100.0,,0.7524,0.7524,2.7355,2.7355,,0.00,,,0.00,,0.00,
MI Foodee Tikka Chance On Me,1.00,Each,1.00,Each,1.00,,Inactive,=,,Inactive,=,1.00,Each,No,,,MI To Go Bowl Disposables - Online,1.00,Each,100.0,,0.6065,0.6065,2.7355,2.7355,,0.00,,,0.00,,0.00,
MI Foodee Tikka Chance On Me,1.00,Each,1.00,Each,1.00,,Inactive,=,,Inactive,=,1.00,Each,No,,,BATCH Pickled Onions,0.50,OZ-wt,100.0,,0.0425,0.0425,2.7355,2.7355,,0.00,,,0.00,,0.00,
MI Foodee Tikka Chance On Me,1.00,Each,1.00,Each,1.00,,Inactive,=,,Inactive,=,1.00,Each,No,,,BATCH Kachumber Salad,0.50,OZ-wt,100.0,,0.0408,0.0408,2.7355,2.7355,,0.00,,,0.00,,0.00,
MI Foodee Tikka Chance On Me,1.00,Each,1.00,Each,1.00,,Inactive,=,,Inactive,=,1.00,Each,No,,,BATCH Sautéed Spinach,2.40,OZ-wt,100.0,,0.2545,0.2545,2.7355,2.7355,,0.00,,,0.00,,0.00,
MI Foodee Tikka Chance On Me,1.00,Each,1.00,Each,1.00,,Inactive,=,,Inactive,=,1.00,Each,No,,,BATCH Chicken Tikka Cooked New,4.00,OZ-wt,100.0,,0.5795,0.5795,2.7355,2.7355,,0.00,,,0.00,,0.00,
MI Foodee Tikka Chance On Me,1.00,Each,1.00,Each,1.00,,Inactive,=,,Inactive,=,1.00,Each,No,,,BATCH Basmati Rice,7.30,OZ-wt,100.0,,0.1849,0.1849,2.7355,2.7355,,0.00,,,0.00,,0.00,
MI Foodee Tikka Chance On Me,1.00,Each,1.00,Each,1.00,,Inactive,=,,Inactive,=,1.00,Each,No,,,BATCH Mint Cilantro Chutney,1.00,OZ-fl,100.0,,0.1854,0.1854,2.7355,2.7355,,0.00,,,0.00,,0.00,
MI Foodee Tikka Chance On Me,1.00,Each,1.00,Each,1.00,,Inactive,=,,Inactive,=,1.00,Each,No,,,BATCH Toasted Cumin Yogurt,1.00,OZ-fl,100.0,,0.0890,0.0890,2.7355,2.7355,,0.00,,,0.00,,0.00,
MI Fresh Young Coconut,1.00,Each,1.00,Each,1.00,,Inactive,=,,Inactive,=,1.00,Each,No,,,"Coconut, Water",1.00,Each,100.0,,3.3278,3.3278,3.3278,3.3278,,0.00,,,0.00,,0.00,
MI Garlic Naan,1.00,Each,1.00,Each,1.00,,Inactive,=,,Inactive,=,1.00,Each,No,,,NEST Roasted Garlic Butter,0.75,OZ-fl,100.0,,0.1368,0.1368,1.0681,1.0681,,0.00,0 D 0 H 0 M,,0.00,,0.00,
MI Garlic Naan,1.00,Each,1.00,Each,1.00,,Inactive,=,,Inactive,=,1.00,Each,No,,,Naan - Stonefire,1.00,CT,100.0,,0.9313,0.9313,1.0681,1.0681,,0.00,0 D 0 H 0 M,,0.00,,0.00,
MI Garlic Naan Basket Large,1.00,Each,1.00,Each,1.00,,Inactive,=,,Inactive,=,1.00,Each,No,,,NEST Roasted Garlic Butter,7.50,OZ-fl,100.0,,1.3680,1.3680,11.7301,11.7301,,0.00,0 D 0 H 0 M,,0.00,,0.00,
MI Garlic Naan Basket Large,1.00,Each,1.00,Each,1.00,,Inactive,=,,Inactive,=,1.00,Each,No,,,Naan - Stonefire,10.00,CT,100.0,,9.3125,9.3125,11.7301,11.7301,,0.00,0 D 0 H 0 M,,0.00,,0.00,
MI Garlic Naan Basket Large,1.00,Each,1.00,Each,1.00,,Inactive,=,,Inactive,=,1.00,Each,No,,,"Lid, Pan Third",1.00,Each,100.0,,0.3998,0.3998,11.7301,11.7301,,0.00,0 D 0 H 0 M,,0.00,,0.00,
MI Garlic Naan Basket Large,1.00,Each,1.00,Each,1.00,,Inactive,=,,Inactive,=,1.00,Each,No,,,"Pan, Third",1.00,Each,100.0,,0.6498,0.6498,11.7301,11.7301,,0.00,0 D 0 H 0 M,,0.00,,0.00,
MI Garlic Naan Basket Small,1.00,Each,1.00,Each,1.00,,Inactive,=,,Inactive,=,1.00,Each,No,,,NEST Roasted Garlic Butter,3.75,OZ-fl,100.0,,0.6840,0.6840,6.3899,6.3899,,0.00,0 D 0 H 0 M,,0.00,,0.00,
MI Garlic Naan Basket Small,1.00,Each,1.00,Each,1.00,,Inactive,=,,Inactive,=,1.00,Each,No,,,Naan - Stonefire,5.00,CT,100.0,,4.6563,4.6563,6.3899,6.3899,,0.00,0 D 0 H 0 M,,0.00,,0.00,
MI Garlic Naan Basket Small,1.00,Each,1.00,Each,1.00,,Inactive,=,,Inactive,=,1.00,Each,No,,,"Lid, Pan Third",1.00,Each,100.0,,0.3998,0.3998,6.3899,6.3899,,0.00,0 D 0 H 0 M,,0.00,,0.00,
MI Garlic Naan Basket Small,1.00,Each,1.00,Each,1.00,,Inactive,=,,Inactive,=,1.00,Each,No,,,"Pan, Third",1.00,Each,100.0,,0.6498,0.6498,6.3899,6.3899,,0.00,0 D 0 H 0 M,,0.00,,0.00,
MI Goa Your Own Way - In House,1.00,Each,1.00,Each,1.00,,Inactive,=,,Inactive,=,1.00,Each,No,,,EVERMADE Coconut Ginger Sauce,4.00,OZ-fl,100.0,,0.7998,0.7998,5.1857,5.1857,,0.00,,,0.00,,0.00,
MI Goa Your Own Way - In House,1.00,Each,1.00,Each,1.00,,Inactive,=,,Inactive,=,1.00,Each,No,,,MI To Go Bowl Disposables - In House,1.00,Each,100.0,,0.4878,0.4878,5.1857,5.1857,,0.00,,,0.00,,0.00,
MI Goa Your Own Way - In House,1.00,Each,1.00,Each,1.00,,Inactive,=,,Inactive,=,1.00,Each,No,,,BATCH Basmati Rice,7.30,OZ-wt,100.0,,0.1849,0.1849,5.1857,5.1857,,0.00,,,0.00,,0.00,
MI Goa Your Own Way - In House,1.00,Each,1.00,Each,1.00,,Inactive,=,,Inactive,=,1.00,Each,No,,,BATCH Beef Cooked,4.00,OZ-fl,100.0,,2.7439,2.7439,5.1857,5.1857,,0.00,,,0.00,,0.00,
MI Goa Your Own Way - In House,1.00,Each,1.00,Each,1.00,,Inactive,=,,Inactive,=,1.00,Each,No,,,BATCH Pickled Onions,0.50,OZ-wt,100.0,,0.0425,0.0425,5.1857,5.1857,,0.00,,,0.00,,0.00,
MI Goa Your Own Way - In House,1.00,Each,1.00,Each,1.00,,Inactive,=,,Inactive,=,1.00,Each,No,,,BATCH Mint Cilantro Chutney,1.00,OZ-fl,100.0,,0.1854,0.1854,5.1857,5.1857,,0.00,,,0.00,,0.00,
MI Goa Your Own Way - In House,1.00,Each,1.00,Each,1.00,,Inactive,=,,Inactive,=,1.00,Each,No,,,"Lentil, Chana Dal Roasted",0.05,OZ-wt,100.0,,0.0075,0.0075,5.1857,5.1857,,0.00,,,0.00,,0.00,
MI Goa Your Own Way - In House,1.00,Each,1.00,Each,1.00,,Inactive,=,,Inactive,=,1.00,Each,No,,,BATCH Tossed Green Beans,2.50,OZ-wt,100.0,,0.7339,0.7339,5.1857,5.1857,,0.00,,,0.00,,0.00,
MI Goa Your Own Way - Online,1.00,Each,1.00,Each,1.00,,Inactive,=,,Inactive,=,1.00,Each,No,,,MI To Go Bowl Disposables - Online,1.00,Each,100.0,,0.6065,0.6065,0.6065,0.6065,,0.00,,,0.00,,0.00,
MI Govt Shutdown Bowl - Chicken,1.00,Each,1.00,Each,1.00,,Inactive,=,,Inactive,=,1.00,Each,No,,,EVERMADE Sweet Tamarind,0.75,OZ-fl,100.0,,0.1358,0.1358,2.5583,2.5583,,0.00,,,0.00,,0.00,
MI Govt Shutdown Bowl - Chicken,1.00,Each,1.00,Each,1.00,,Inactive,=,,Inactive,=,1.00,Each,No,,,BATCH Tikka Masala Sauce,4.00,OZ-fl,100.0,,0.7360,0.7360,2.5583,2.5583,,0.00,,,0.00,,0.00,
MI Govt Shutdown Bowl - Chicken,1.00,Each,1.00,Each,1.00,,Inactive,=,,Inactive,=,1.00,Each,No,,,BATCH Sautéed Spinach,2.40,OZ-wt,100.0,,0.2545,0.2545,2.5583,2.5583,,0.00,,,0.00,,0.00,
MI Govt Shutdown Bowl - Chicken,1.00,Each,1.00,Each,1.00,,Inactive,=,,Inactive,=,1.00,Each,No,,,BATCH Kachumber Salad,0.50,OZ-wt,100.0,,0.0408,0.0408,2.5583,2.5583,,0.00,,,0.00,,0.00,
MI Govt Shutdown Bowl - Chicken,1.00,Each,1.00,Each,1.00,,Inactive,=,,Inactive,=,1.00,Each,No,,,BATCH Mint Cilantro Chutney,0.75,OZ-fl,100.0,,0.1390,0.1390,2.5583,2.5583,,0.00,,,0.00,,0.00,
MI Govt Shutdown Bowl - Chicken,1.00,Each,1.00,Each,1.00,,Inactive,=,,Inactive,=,1.00,Each,No,,,BATCH Basmati Rice,7.30,OZ-wt,100.0,,0.1849,0.1849,2.5583,2.5583,,0.00,,,0.00,,0.00,
MI Govt Shutdown Bowl - Chicken,1.00,Each,1.00,Each,1.00,,Inactive,=,,Inactive,=,1.00,Each,No,,,BATCH Chicken Tikka Cooked New,4.00,OZ-wt,100.0,,0.5795,0.5795,2.5583,2.5583,,0.00,,,0.00,,0.00,
MI Govt Shutdown Bowl - Chicken,1.00,Each,1.00,Each,1.00,,Inactive,=,,Inactive,=,1.00,Each,No,,,MI To Go Bowl Disposables - In House,1.00,Each,100.0,,0.4878,0.4878,2.5583,2.5583,,0.00,,,0.00,,0.00,
MI Govt Shutdown Bowl - Veg,1.00,Each,1.00,Each,1.00,,Inactive,=,,Inactive,=,1.00,Each,No,,,EVERMADE Sweet Tamarind,0.75,OZ-fl,100.0,,0.1358,0.1358,3.0917,3.0917,,0.00,,,0.00,,0.00,
MI Govt Shutdown Bowl - Veg,1.00,Each,1.00,Each,1.00,,Inactive,=,,Inactive,=,1.00,Each,No,,,BATCH Harvest Vegetables Cooked,4.00,OZ-wt,100.0,,1.1129,1.1129,3.0917,3.0917,,0.00,,,0.00,,0.00,
MI Govt Shutdown Bowl - Veg,1.00,Each,1.00,Each,1.00,,Inactive,=,,Inactive,=,1.00,Each,No,,,BATCH Tikka Masala Sauce,4.00,OZ-fl,100.0,,0.7360,0.7360,3.0917,3.0917,,0.00,,,0.00,,0.00,
MI Govt Shutdown Bowl - Veg,1.00,Each,1.00,Each,1.00,,Inactive,=,,Inactive,=,1.00,Each,No,,,BATCH Sautéed Spinach,2.40,OZ-wt,100.0,,0.2545,0.2545,3.0917,3.0917,,0.00,,,0.00,,0.00,
MI Govt Shutdown Bowl - Veg,1.00,Each,1.00,Each,1.00,,Inactive,=,,Inactive,=,1.00,Each,No,,,BATCH Kachumber Salad,0.50,OZ-wt,100.0,,0.0408,0.0408,3.0917,3.0917,,0.00,,,0.00,,0.00,
MI Govt Shutdown Bowl - Veg,1.00,Each,1.00,Each,1.00,,Inactive,=,,Inactive,=,1.00,Each,No,,,BATCH Mint Cilantro Chutney,0.75,OZ-fl,100.0,,0.1390,0.1390,3.0917,3.0917,,0.00,,,0.00,,0.00,
MI Govt Shutdown Bowl - Veg,1.00,Each,1.00,Each,1.00,,Inactive,=,,Inactive,=,1.00,Each,No,,,BATCH Basmati Rice,7.30,OZ-wt,100.0,,0.1849,0.1849,3.0917,3.0917,,0.00,,,0.00,,0.00,
MI Govt Shutdown Bowl - Veg,1.00,Each,1.00,Each,1.00,,Inactive,=,,Inactive,=,1.00,Each,No,,,MI To Go Bowl Disposables - In House,1.00,Each,100.0,,0.4878,0.4878,3.0917,3.0917,,0.00,,,0.00,,0.00,
MI Grain Bowl - In House,1.00,Each,1.00,Each,1.00,,Inactive,=,,Inactive,=,1.00,Each,No,,,MI Masala Quinoa,0.06,Each,100.0,,0.0191,0.0191,1.7477,1.7477,,,,,,,,
MI Grain Bowl - In House,1.00,Each,1.00,Each,1.00,,Inactive,=,,Inactive,=,1.00,Each,No,,,MI 1/2 South Indian Rice Noodles,0.06,Each,100.0,,0.0106,0.0106,1.7477,1.7477,,,,,,,,
MI Grain Bowl - In House,1.00,Each,1.00,Each,1.00,,Inactive,=,,Inactive,=,1.00,Each,No,,,MI 1/2 Basmati Rice,0.08,Each,100.0,,0.0074,0.0074,1.7477,1.7477,,,,,,,,
MI Grain Bowl - In House,1.00,Each,1.00,Each,1.00,,Inactive,=,,Inactive,=,1.00,Each,No,,,MI 1/2 Masala Quinoa,0.08,Each,100.0,,0.0127,0.0127,1.7477,1.7477,,,,,,,,
MI Grain Bowl - In House,1.00,Each,1.00,Each,1.00,,Inactive,=,,Inactive,=,1.00,Each,No,,,MI South Indian Rice Noodles,0.09,Each,100.0,,0.0317,0.0317,1.7477,1.7477,,,,,,,,
MI Grain Bowl - In House,1.00,Each,1.00,Each,1.00,,Inactive,=,,Inactive,=,1.00,Each,No,,,MI 1/2 Lemon Turmeric Rice,0.13,Each,100.0,,0.0145,0.0145,1.7477,1.7477,,,,,,,,
MI Grain Bowl - In House,1.00,Each,1.00,Each,1.00,,Inactive,=,,Inactive,=,1.00,Each,No,,,MI Lemon Turmeric Rice,0.22,Each,100.0,,0.0538,0.0538,1.7477,1.7477,,,,,,,,
MI Grain Bowl - In House,1.00,Each,1.00,Each,1.00,,Inactive,=,,Inactive,=,1.00,Each,No,,,MI Basmati Rice,0.28,Each,100.0,,0.0567,0.0567,1.7477,1.7477,,,,,,,,
MI Grain Bowl - In House,1.00,Each,1.00,Each,1.00,,Inactive,=,,Inactive,=,1.00,Each,No,,,MI Kokum Vinaigrette Dressing,0.04,Each,100.0,,0.0033,0.0033,1.7477,1.7477,,,,,,,,
MI Grain Bowl - In House,1.00,Each,1.00,Each,1.00,,Inactive,=,,Inactive,=,1.00,Each,No,,,MI Chili Lime Vinaigrette Dressing,0.11,Each,100.0,,0.0105,0.0105,1.7477,1.7477,,,,,,,,
MI Grain Bowl - In House,1.00,Each,1.00,Each,1.00,,Inactive,=,,Inactive,=,1.00,Each,No,,,MI Tamarind Ginger Chutney,0.20,Each,100.0,,0.0286,0.0286,1.7477,1.7477,,,,,,,,
MI Grain Bowl - In House,1.00,Each,1.00,Each,1.00,,Inactive,=,,Inactive,=,1.00,Each,No,,,MI Mint Cilantro Chutney,0.29,Each,100.0,,0.0538,0.0538,1.7477,1.7477,,,,,,,,
MI Grain Bowl - In House,1.00,Each,1.00,Each,1.00,,Inactive,=,,Inactive,=,1.00,Each,No,,,MI Toasted Cumin Yogurt,0.29,Each,100.0,,0.0258,0.0258,1.7477,1.7477,,,,,,,,
MI Grain Bowl - In House,1.00,Each,1.00,Each,1.00,,Inactive,=,,Inactive,=,1.00,Each,No,,,MI Shredded Romaine,0.02,Each,100.0,,0.0023,0.0023,1.7477,1.7477,,,,,,,,
MI Grain Bowl - In House,1.00,Each,1.00,Each,1.00,,Inactive,=,,Inactive,=,1.00,Each,No,,,MI Chickpea Noodles,0.03,Each,100.0,,0.0003,0.0003,1.7477,1.7477,,,,,,,,
MI Grain Bowl - In House,1.00,Each,1.00,Each,1.00,,Inactive,=,,Inactive,=,1.00,Each,No,,,MI Lentil Chips,0.03,Each,100.0,,0.0012,0.0012,1.7477,1.7477,,,,,,,,
MI Grain Bowl - In House,1.00,Each,1.00,Each,1.00,,Inactive,=,,Inactive,=,1.00,Each,No,,,MI Shredded Paneer,0.07,Each,100.0,,0.0145,0.0145,1.7477,1.7477,,,,,,,,
MI Grain Bowl - In House,1.00,Each,1.00,Each,1.00,,Inactive,=,,Inactive,=,1.00,Each,No,,,MI Roasted Lentils,0.08,Each,100.0,,0.0006,0.0006,1.7477,1.7477,,,,,,,,
MI Grain Bowl - In House,1.00,Each,1.00,Each,1.00,,Inactive,=,,Inactive,=,1.00,Each,No,,,MI Chopped Cilantro,0.09,Each,100.0,,0.0028,0.0028,1.7477,1.7477,,,,,,,,
MI Grain Bowl - In House,1.00,Each,1.00,Each,1.00,,Inactive,=,,Inactive,=,1.00,Each,No,,,MI Mango Salsa,0.09,Each,100.0,,0.0296,0.0296,1.7477,1.7477,,,,,,,,
MI Grain Bowl - In House,1.00,Each,1.00,Each,1.00,,Inactive,=,,Inactive,=,1.00,Each,No,,,MI Kachumber Salad,0.09,Each,100.0,,0.0037,0.0037,1.7477,1.7477,,,,,,,,
MI Grain Bowl - In House,1.00,Each,1.00,Each,1.00,,Inactive,=,,Inactive,=,1.00,Each,No,,,MI Carrot Slaw,0.10,Each,100.0,,0.0045,0.0045,1.7477,1.7477,,,,,,,,
MI Grain Bowl - In House,1.00,Each,1.00,Each,1.00,,Inactive,=,,Inactive,=,1.00,Each,No,,,MI Cucumber Cubes,0.12,Each,100.0,,0.0019,0.0019,1.7477,1.7477,,,,,,,,
MI Grain Bowl - In House,1.00,Each,1.00,Each,1.00,,Inactive,=,,Inactive,=,1.00,Each,No,,,MI Pickled Onions,0.12,Each,100.0,,0.0075,0.0075,1.7477,1.7477,,,,,,,,
MI Grain Bowl - In House,1.00,Each,1.00,Each,1.00,,Inactive,=,,Inactive,=,1.00,Each,No,,,MI Indian Street Corn,0.14,Each,100.0,,0.0016,0.0016,1.7477,1.7477,,,,,,,,
MI Grain Bowl - In House,1.00,Each,1.00,Each,1.00,,Inactive,=,,Inactive,=,1.00,Each,No,,,MI Sautéed Spinach,0.43,Each,100.0,,0.1094,0.1094,1.7477,1.7477,,,,,,,,
MI Grain Bowl - In House,1.00,Each,1.00,Each,1.00,,Inactive,=,,Inactive,=,1.00,Each,No,,,MI Spiced Chickpeas,0.54,Each,100.0,,0.0744,0.0744,1.7477,1.7477,,,,,,,,
MI Grain Bowl - In House,1.00,Each,1.00,Each,1.00,,Inactive,=,,Inactive,=,1.00,Each,No,,,MI Peanut Sesame Sauce,0.11,Each,100.0,,0.0584,0.0584,1.7477,1.7477,,,,,,,,
MI Grain Bowl - In House,1.00,Each,1.00,Each,1.00,,Inactive,=,,Inactive,=,1.00,Each,No,,,MI Coconut Ginger Sauce,0.14,Each,100.0,,0.1120,0.1120,1.7477,1.7477,,,,,,,,
MI Grain Bowl - In House,1.00,Each,1.00,Each,1.00,,Inactive,=,,Inactive,=,1.00,Each,No,,,MI Tamarind Chili Sauce,0.16,Each,100.0,,0.1119,0.1119,1.7477,1.7477,,,,,,,,
MI Grain Bowl - In House,1.00,Each,1.00,Each,1.00,,Inactive,=,,Inactive,=,1.00,Each,No,,,MI Tikka Masala Sauce,0.24,Each,100.0,,0.1766,0.1766,1.7477,1.7477,,,,,,,,
MI Grain Bowl - In House,1.00,Each,1.00,Each,1.00,,Inactive,=,,Inactive,=,1.00,Each,No,,,MI Tomato Garlic Sauce,0.29,Each,100.0,,0.2182,0.2182,1.7477,1.7477,,,,,,,,
MI Grain Bowl - In House,1.00,Each,1.00,Each,1.00,,Inactive,=,,Inactive,=,1.00,Each,No,,,MI To Go Bowl Disposables - In House,1.00,Each,100.0,,0.4878,0.4878,1.7477,1.7477,,,,,,,,
MI Grain Bowl - Online,1.00,Each,1.00,Each,1.00,,Inactive,=,,Inactive,=,1.00,Each,No,,,MI To Go Bowl Disposables - Online,1.00,Each,100.0,,0.6065,0.6065,0.6065,0.6065,,0.00,,,0.00,,0.00,
MI Green Jackfruit,1.00,Each,1.00,Each,1.00,,Inactive,=,,Inactive,=,1.00,Each,No,,,BATCH Jackfruit Cooked,4.00,OZ-fl,100.0,,0.8143,0.8143,0.8143,0.8143,,0.00,,,0.00,,0.00,
MI Greens + Grains Bowl - In House,1.00,Each,1.00,Each,1.00,,Inactive,=,,Inactive,=,1.00,Each,No,,,MI 1/2 South Indian Rice Noodles,0.06,Each,100.0,,0.0106,0.0106,1.7785,1.7785,,,,,,,,
MI Greens + Grains Bowl - In House,1.00,Each,1.00,Each,1.00,,Inactive,=,,Inactive,=,1.00,Each,No,,,MI 1/2 Romaine,0.10,Each,100.0,,0.0297,0.0297,1.7785,1.7785,,,,,,,,
MI Greens + Grains Bowl - In House,1.00,Each,1.00,Each,1.00,,Inactive,=,,Inactive,=,1.00,Each,No,,,MI 1/2 Spinach,0.10,Each,100.0,,0.0357,0.0357,1.7785,1.7785,,,,,,,,
MI Greens + Grains Bowl - In House,1.00,Each,1.00,Each,1.00,,Inactive,=,,Inactive,=,1.00,Each,No,,,MI 1/2 Arugula,0.10,Each,100.0,,0.0398,0.0398,1.7785,1.7785,,,,,,,,
MI Greens + Grains Bowl - In House,1.00,Each,1.00,Each,1.00,,Inactive,=,,Inactive,=,1.00,Each,No,,,MI 1/2 Masala Quinoa,0.11,Each,100.0,,0.0175,0.0175,1.7785,1.7785,,,,,,,,
MI Greens + Grains Bowl - In House,1.00,Each,1.00,Each,1.00,,Inactive,=,,Inactive,=,1.00,Each,No,,,MI 1/2 Basmati Rice,0.14,Each,100.0,,0.0129,0.0129,1.7785,1.7785,,,,,,,,
MI Greens + Grains Bowl - In House,1.00,Each,1.00,Each,1.00,,Inactive,=,,Inactive,=,1.00,Each,No,,,MI 1/2 Sexygreens,0.18,Each,100.0,,0.0677,0.0677,1.7785,1.7785,,,,,,,,
MI Greens + Grains Bowl - In House,1.00,Each,1.00,Each,1.00,,Inactive,=,,Inactive,=,1.00,Each,No,,,MI 1/2 Lemon Turmeric Rice,0.21,Each,100.0,,0.0234,0.0234,1.7785,1.7785,,,,,,,,
MI Greens + Grains Bowl - In House,1.00,Each,1.00,Each,1.00,,Inactive,=,,Inactive,=,1.00,Each,No,,,MI Kokum Vinaigrette Dressing,0.04,Each,100.0,,0.0033,0.0033,1.7785,1.7785,,,,,,,,
MI Greens + Grains Bowl - In House,1.00,Each,1.00,Each,1.00,,Inactive,=,,Inactive,=,1.00,Each,No,,,MI Chili Lime Vinaigrette Dressing,0.11,Each,100.0,,0.0105,0.0105,1.7785,1.7785,,,,,,,,
MI Greens + Grains Bowl - In House,1.00,Each,1.00,Each,1.00,,Inactive,=,,Inactive,=,1.00,Each,No,,,MI Tamarind Ginger Chutney,0.20,Each,100.0,,0.0286,0.0286,1.7785,1.7785,,,,,,,,
MI Greens + Grains Bowl - In House,1.00,Each,1.00,Each,1.00,,Inactive,=,,Inactive,=,1.00,Each,No,,,MI Mint Cilantro Chutney,0.29,Each,100.0,,0.0538,0.0538,1.7785,1.7785,,,,,,,,
MI Greens + Grains Bowl - In House,1.00,Each,1.00,Each,1.00,,Inactive,=,,Inactive,=,1.00,Each,No,,,MI Toasted Cumin Yogurt,0.29,Each,100.0,,0.0258,0.0258,1.7785,1.7785,,,,,,,,
MI Greens + Grains Bowl - In House,1.00,Each,1.00,Each,1.00,,Inactive,=,,Inactive,=,1.00,Each,No,,,MI Shredded Romaine,0.02,Each,100.0,,0.0023,0.0023,1.7785,1.7785,,,,,,,,
MI Greens + Grains Bowl - In House,1.00,Each,1.00,Each,1.00,,Inactive,=,,Inactive,=,1.00,Each,No,,,MI Chickpea Noodles,0.03,Each,100.0,,0.0003,0.0003,1.7785,1.7785,,,,,,,,
MI Greens + Grains Bowl - In House,1.00,Each,1.00,Each,1.00,,Inactive,=,,Inactive,=,1.00,Each,No,,,MI Lentil Chips,0.03,Each,100.0,,0.0012,0.0012,1.7785,1.7785,,,,,,,,
MI Greens + Grains Bowl - In House,1.00,Each,1.00,Each,1.00,,Inactive,=,,Inactive,=,1.00,Each,No,,,MI Shredded Paneer,0.07,Each,100.0,,0.0145,0.0145,1.7785,1.7785,,,,,,,,
MI Greens + Grains Bowl - In House,1.00,Each,1.00,Each,1.00,,Inactive,=,,Inactive,=,1.00,Each,No,,,MI Roasted Lentils,0.08,Each,100.0,,0.0006,0.0006,1.7785,1.7785,,,,,,,,
MI Greens + Grains Bowl - In House,1.00,Each,1.00,Each,1.00,,Inactive,=,,Inactive,=,1.00,Each,No,,,MI Chopped Cilantro,0.09,Each,100.0,,0.0028,0.0028,1.7785,1.7785,,,,,,,,
MI Greens + Grains Bowl - In House,1.00,Each,1.00,Each,1.00,,Inactive,=,,Inactive,=,1.00,Each,No,,,MI Mango Salsa,0.09,Each,100.0,,0.0296,0.0296,1.7785,1.7785,,,,,,,,
MI Greens + Grains Bowl - In House,1.00,Each,1.00,Each,1.00,,Inactive,=,,Inactive,=,1.00,Each,No,,,MI Kachumber Salad,0.09,Each,100.0,,0.0037,0.0037,1.7785,1.7785,,,,,,,,
MI Greens + Grains Bowl - In House,1.00,Each,1.00,Each,1.00,,Inactive,=,,Inactive,=,1.00,Each,No,,,MI Carrot Slaw,0.10,Each,100.0,,0.0045,0.0045,1.7785,1.7785,,,,,,,,
MI Greens + Grains Bowl - In House,1.00,Each,1.00,Each,1.00,,Inactive,=,,Inactive,=,1.00,Each,No,,,MI Cucumber Cubes,0.12,Each,100.0,,0.0019,0.0019,1.7785,1.7785,,,,,,,,
MI Greens + Grains Bowl - In House,1.00,Each,1.00,Each,1.00,,Inactive,=,,Inactive,=,1.00,Each,No,,,MI Pickled Onions,0.12,Each,100.0,,0.0075,0.0075,1.7785,1.7785,,,,,,,,
MI Greens + Grains Bowl - In House,1.00,Each,1.00,Each,1.00,,Inactive,=,,Inactive,=,1.00,Each,No,,,MI Indian Street Corn,0.14,Each,100.0,,0.0016,0.0016,1.7785,1.7785,,,,,,,,
MI Greens + Grains Bowl - In House,1.00,Each,1.00,Each,1.00,,Inactive,=,,Inactive,=,1.00,Each,No,,,MI Sautéed Spinach,0.43,Each,100.0,,0.1094,0.1094,1.7785,1.7785,,,,,,,,
MI Greens + Grains Bowl - In House,1.00,Each,1.00,Each,1.00,,Inactive,=,,Inactive,=,1.00,Each,No,,,MI Spiced Chickpeas,0.54,Each,100.0,,0.0744,0.0744,1.7785,1.7785,,,,,,,,
MI Greens + Grains Bowl - In House,1.00,Each,1.00,Each,1.00,,Inactive,=,,Inactive,=,1.00,Each,No,,,MI Peanut Sesame Sauce,0.11,Each,100.0,,0.0584,0.0584,1.7785,1.7785,,,,,,,,
MI Greens + Grains Bowl - In House,1.00,Each,1.00,Each,1.00,,Inactive,=,,Inactive,=,1.00,Each,No,,,MI Coconut Ginger Sauce,0.14,Each,100.0,,0.1120,0.1120,1.7785,1.7785,,,,,,,,
MI Greens + Grains Bowl - In House,1.00,Each,1.00,Each,1.00,,Inactive,=,,Inactive,=,1.00,Each,No,,,MI Tamarind Chili Sauce,0.16,Each,100.0,,0.1119,0.1119,1.7785,1.7785,,,,,,,,
MI Greens + Grains Bowl - In House,1.00,Each,1.00,Each,1.00,,Inactive,=,,Inactive,=,1.00,Each,No,,,MI Tikka Masala Sauce,0.24,Each,100.0,,0.1766,0.1766,1.7785,1.7785,,,,,,,,
MI Greens + Grains Bowl - In House,1.00,Each,1.00,Each,1.00,,Inactive,=,,Inactive,=,1.00,Each,No,,,MI Tomato Garlic Sauce,0.29,Each,100.0,,0.2182,0.2182,1.7785,1.7785,,,,,,,,
MI Greens + Grains Bowl - In House,1.00,Each,1.00,Each,1.00,,Inactive,=,,Inactive,=,1.00,Each,No,,,MI To Go Bowl Disposables - In House,1.00,Each,100.0,,0.4878,0.4878,1.7785,1.7785,,,,,,,,
MI Greens + Grains Bowl - Online,1.00,Each,1.00,Each,1.00,,Inactive,=,,Inactive,=,1.00,Each,No,,,MI To Go Bowl Disposables - Online,1.00,Each,100.0,,0.6065,0.6065,0.6065,0.6065,,0.00,,,0.00,,0.00,
MI Guest Services BYO Chicken Tikka Bowl,1.00,Each,1.00,Each,1.00,,Inactive,=,,Inactive,=,1.00,Each,No,,,BATCH Tikka Masala Sauce,3.00,OZ-fl,100.0,,0.5520,0.5520,2.4168,2.4168,,0.00,,,0.00,,0.00,
MI Guest Services BYO Chicken Tikka Bowl,1.00,Each,1.00,Each,1.00,,Inactive,=,,Inactive,=,1.00,Each,No,,,EVERMADE Coconut Ginger Sauce,1.00,OZ-fl,100.0,,0.2000,0.2000,2.4168,2.4168,,0.00,,,0.00,,0.00,
MI Guest Services BYO Chicken Tikka Bowl,1.00,Each,1.00,Each,1.00,,Inactive,=,,Inactive,=,1.00,Each,No,,,EVERMADE Tamarind Ginger Chutney,0.25,OZ-fl,100.0,,0.0547,0.0547,2.4168,2.4168,,0.00,,,0.00,,0.00,
MI Guest Services BYO Chicken Tikka Bowl,1.00,Each,1.00,Each,1.00,,Inactive,=,,Inactive,=,1.00,Each,No,,,BATCH Chicken Tikka Cooked New,4.00,OZ-wt,100.0,,0.5795,0.5795,2.4168,2.4168,,0.00,,,0.00,,0.00,
MI Guest Services BYO Chicken Tikka Bowl,1.00,Each,1.00,Each,1.00,,Inactive,=,,Inactive,=,1.00,Each,No,,,BATCH Lemon Turmeric Rice,7.30,OZ-wt,100.0,,0.2233,0.2233,2.4168,2.4168,,0.00,,,0.00,,0.00,
MI Guest Services BYO Chicken Tikka Bowl,1.00,Each,1.00,Each,1.00,,Inactive,=,,Inactive,=,1.00,Each,No,,,MI To Go Bowl Disposables - Offsite Pop-Up,1.00,Each,100.0,,0.3165,0.3165,2.4168,2.4168,,0.00,,,0.00,,0.00,
MI Guest Services BYO Chicken Tikka Bowl,1.00,Each,1.00,Each,1.00,,Inactive,=,,Inactive,=,1.00,Each,No,,,BATCH House Vinaigrette,0.25,OZ-fl,100.0,,0.0240,0.0240,2.4168,2.4168,,0.00,,,0.00,,0.00,
MI Guest Services BYO Chicken Tikka Bowl,1.00,Each,1.00,Each,1.00,,Inactive,=,,Inactive,=,1.00,Each,No,,,BATCH Indian Street Corn,0.30,OZ-wt,100.0,,0.0070,0.0070,2.4168,2.4168,,0.00,,,0.00,,0.00,
MI Guest Services BYO Chicken Tikka Bowl,1.00,Each,1.00,Each,1.00,,Inactive,=,,Inactive,=,1.00,Each,No,,,BATCH Carrot Slaw,0.20,OZ-wt,100.0,,0.0182,0.0182,2.4168,2.4168,,0.00,,,0.00,,0.00,
MI Guest Services BYO Chicken Tikka Bowl,1.00,Each,1.00,Each,1.00,,Inactive,=,,Inactive,=,1.00,Each,No,,,BATCH Chickpeas Cooked,2.17,OZ-wt,100.0,,0.0527,0.0527,2.4168,2.4168,,0.00,,,0.00,,0.00,
MI Guest Services BYO Chicken Tikka Bowl,1.00,Each,1.00,Each,1.00,,Inactive,=,,Inactive,=,1.00,Each,No,,,YIELD Romaine Chopped,0.75,OZ-wt,100.0,,0.1172,0.1172,2.4168,2.4168,,0.00,,,0.00,,0.00,
MI Guest Services BYO Chicken Tikka Bowl,1.00,Each,1.00,Each,1.00,,Inactive,=,,Inactive,=,1.00,Each,No,,,BATCH Sautéed Spinach,0.72,OZ-wt,100.0,,0.0763,0.0763,2.4168,2.4168,,0.00,,,0.00,,0.00,
MI Guest Services BYO Chicken Tikka Bowl,1.00,Each,1.00,Each,1.00,,Inactive,=,,Inactive,=,1.00,Each,No,,,BATCH Pickled Onions,0.30,OZ-wt,100.0,,0.0255,0.0255,2.4168,2.4168,,0.00,,,0.00,,0.00,
MI Guest Services BYO Chicken Tikka Bowl,1.00,Each,1.00,Each,1.00,,Inactive,=,,Inactive,=,1.00,Each,No,,,BATCH Kachumber Salad,0.40,OZ-wt,100.0,,0.0327,0.0327,2.4168,2.4168,,0.00,,,0.00,,0.00,
MI Guest Services BYO Chicken Tikka Bowl,1.00,Each,1.00,Each,1.00,,Inactive,=,,Inactive,=,1.00,Each,No,,,BATCH Mint Cilantro Chutney,0.50,OZ-fl,100.0,,0.0927,0.0927,2.4168,2.4168,,0.00,,,0.00,,0.00,
MI Guest Services BYO Chicken Tikka Bowl,1.00,Each,1.00,Each,1.00,,Inactive,=,,Inactive,=,1.00,Each,No,,,BATCH Toasted Cumin Yogurt,0.50,OZ-fl,100.0,,0.0445,0.0445,2.4168,2.4168,,0.00,,,0.00,,0.00,
MI Guest Services BYO Harvest Veg Bowl,1.00,Each,1.00,Each,1.00,,Inactive,=,,Inactive,=,1.00,Each,No,,,BATCH Harvest Vegetables Cooked,4.00,OZ-wt,100.0,,1.1129,1.1129,2.9502,2.9502,,0.00,,,0.00,,0.00,
MI Guest Services BYO Harvest Veg Bowl,1.00,Each,1.00,Each,1.00,,Inactive,=,,Inactive,=,1.00,Each,No,,,BATCH Tikka Masala Sauce,3.00,OZ-fl,100.0,,0.5520,0.5520,2.9502,2.9502,,0.00,,,0.00,,0.00,
MI Guest Services BYO Harvest Veg Bowl,1.00,Each,1.00,Each,1.00,,Inactive,=,,Inactive,=,1.00,Each,No,,,EVERMADE Coconut Ginger Sauce,1.00,OZ-fl,100.0,,0.2000,0.2000,2.9502,2.9502,,0.00,,,0.00,,0.00,
MI Guest Services BYO Harvest Veg Bowl,1.00,Each,1.00,Each,1.00,,Inactive,=,,Inactive,=,1.00,Each,No,,,EVERMADE Tamarind Ginger Chutney,0.25,OZ-fl,100.0,,0.0547,0.0547,2.9502,2.9502,,0.00,,,0.00,,0.00,
MI Guest Services BYO Harvest Veg Bowl,1.00,Each,1.00,Each,1.00,,Inactive,=,,Inactive,=,1.00,Each,No,,,BATCH Lemon Turmeric Rice,7.30,OZ-wt,100.0,,0.2233,0.2233,2.9502,2.9502,,0.00,,,0.00,,0.00,
MI Guest Services BYO Harvest Veg Bowl,1.00,Each,1.00,Each,1.00,,Inactive,=,,Inactive,=,1.00,Each,No,,,MI To Go Bowl Disposables - Offsite Pop-Up,1.00,Each,100.0,,0.3165,0.3165,2.9502,2.9502,,0.00,,,0.00,,0.00,
MI Guest Services BYO Harvest Veg Bowl,1.00,Each,1.00,Each,1.00,,Inactive,=,,Inactive,=,1.00,Each,No,,,BATCH House Vinaigrette,0.25,OZ-fl,100.0,,0.0240,0.0240,2.9502,2.9502,,0.00,,,0.00,,0.00,
MI Guest Services BYO Harvest Veg Bowl,1.00,Each,1.00,Each,1.00,,Inactive,=,,Inactive,=,1.00,Each,No,,,BATCH Indian Street Corn,0.30,OZ-wt,100.0,,0.0070,0.0070,2.9502,2.9502,,0.00,,,0.00,,0.00,
MI Guest Services BYO Harvest Veg Bowl,1.00,Each,1.00,Each,1.00,,Inactive,=,,Inactive,=,1.00,Each,No,,,BATCH Carrot Slaw,0.20,OZ-wt,100.0,,0.0182,0.0182,2.9502,2.9502,,0.00,,,0.00,,0.00,
MI Guest Services BYO Harvest Veg Bowl,1.00,Each,1.00,Each,1.00,,Inactive,=,,Inactive,=,1.00,Each,No,,,BATCH Chickpeas Cooked,2.17,OZ-wt,100.0,,0.0527,0.0527,2.9502,2.9502,,0.00,,,0.00,,0.00,
MI Guest Services BYO Harvest Veg Bowl,1.00,Each,1.00,Each,1.00,,Inactive,=,,Inactive,=,1.00,Each,No,,,YIELD Romaine Chopped,0.75,OZ-wt,100.0,,0.1172,0.1172,2.9502,2.9502,,0.00,,,0.00,,0.00,
MI Guest Services BYO Harvest Veg Bowl,1.00,Each,1.00,Each,1.00,,Inactive,=,,Inactive,=,1.00,Each,No,,,BATCH Sautéed Spinach,0.72,OZ-wt,100.0,,0.0763,0.0763,2.9502,2.9502,,0.00,,,0.00,,0.00,
MI Guest Services BYO Harvest Veg Bowl,1.00,Each,1.00,Each,1.00,,Inactive,=,,Inactive,=,1.00,Each,No,,,BATCH Pickled Onions,0.30,OZ-wt,100.0,,0.0255,0.0255,2.9502,2.9502,,0.00,,,0.00,,0.00,
MI Guest Services BYO Harvest Veg Bowl,1.00,Each,1.00,Each,1.00,,Inactive,=,,Inactive,=,1.00,Each,No,,,BATCH Kachumber Salad,0.40,OZ-wt,100.0,,0.0327,0.0327,2.9502,2.9502,,0.00,,,0.00,,0.00,
MI Guest Services BYO Harvest Veg Bowl,1.00,Each,1.00,Each,1.00,,Inactive,=,,Inactive,=,1.00,Each,No,,,BATCH Mint Cilantro Chutney,0.50,OZ-fl,100.0,,0.0927,0.0927,2.9502,2.9502,,0.00,,,0.00,,0.00,
MI Guest Services BYO Harvest Veg Bowl,1.00,Each,1.00,Each,1.00,,Inactive,=,,Inactive,=,1.00,Each,No,,,BATCH Toasted Cumin Yogurt,0.50,OZ-fl,100.0,,0.0445,0.0445,2.9502,2.9502,,0.00,,,0.00,,0.00,
MI Guest Services BYO Paneer Bowl,1.00,Each,1.00,Each,1.00,,Inactive,=,,Inactive,=,1.00,Each,No,,,BATCH Tandoori Paneer Cooked,5.00,Each,100.0,,1.2726,1.2726,3.1099,3.1099,,0.00,,,0.00,,0.00,
MI Guest Services BYO Paneer Bowl,1.00,Each,1.00,Each,1.00,,Inactive,=,,Inactive,=,1.00,Each,No,,,BATCH Tikka Masala Sauce,3.00,OZ-fl,100.0,,0.5520,0.5520,3.1099,3.1099,,0.00,,,0.00,,0.00,
MI Guest Services BYO Paneer Bowl,1.00,Each,1.00,Each,1.00,,Inactive,=,,Inactive,=,1.00,Each,No,,,EVERMADE Coconut Ginger Sauce,1.00,OZ-fl,100.0,,0.2000,0.2000,3.1099,3.1099,,0.00,,,0.00,,0.00,
MI Guest Services BYO Paneer Bowl,1.00,Each,1.00,Each,1.00,,Inactive,=,,Inactive,=,1.00,Each,No,,,EVERMADE Tamarind Ginger Chutney,0.25,OZ-fl,100.0,,0.0547,0.0547,3.1099,3.1099,,0.00,,,0.00,,0.00,
MI Guest Services BYO Paneer Bowl,1.00,Each,1.00,Each,1.00,,Inactive,=,,Inactive,=,1.00,Each,No,,,BATCH Lemon Turmeric Rice,7.30,OZ-wt,100.0,,0.2233,0.2233,3.1099,3.1099,,0.00,,,0.00,,0.00,
MI Guest Services BYO Paneer Bowl,1.00,Each,1.00,Each,1.00,,Inactive,=,,Inactive,=,1.00,Each,No,,,MI To Go Bowl Disposables - Offsite Pop-Up,1.00,Each,100.0,,0.3165,0.3165,3.1099,3.1099,,0.00,,,0.00,,0.00,
MI Guest Services BYO Paneer Bowl,1.00,Each,1.00,Each,1.00,,Inactive,=,,Inactive,=,1.00,Each,No,,,BATCH House Vinaigrette,0.25,OZ-fl,100.0,,0.0240,0.0240,3.1099,3.1099,,0.00,,,0.00,,0.00,
MI Guest Services BYO Paneer Bowl,1.00,Each,1.00,Each,1.00,,Inactive,=,,Inactive,=,1.00,Each,No,,,BATCH Indian Street Corn,0.30,OZ-wt,100.0,,0.0070,0.0070,3.1099,3.1099,,0.00,,,0.00,,0.00,
MI Guest Services BYO Paneer Bowl,1.00,Each,1.00,Each,1.00,,Inactive,=,,Inactive,=,1.00,Each,No,,,BATCH Carrot Slaw,0.20,OZ-wt,100.0,,0.0182,0.0182,3.1099,3.1099,,0.00,,,0.00,,0.00,
MI Guest Services BYO Paneer Bowl,1.00,Each,1.00,Each,1.00,,Inactive,=,,Inactive,=,1.00,Each,No,,,BATCH Chickpeas Cooked,2.17,OZ-wt,100.0,,0.0527,0.0527,3.1099,3.1099,,0.00,,,0.00,,0.00,
MI Guest Services BYO Paneer Bowl,1.00,Each,1.00,Each,1.00,,Inactive,=,,Inactive,=,1.00,Each,No,,,YIELD Romaine Chopped,0.75,OZ-wt,100.0,,0.1172,0.1172,3.1099,3.1099,,0.00,,,0.00,,0.00,
MI Guest Services BYO Paneer Bowl,1.00,Each,1.00,Each,1.00,,Inactive,=,,Inactive,=,1.00,Each,No,,,BATCH Sautéed Spinach,0.72,OZ-wt,100.0,,0.0763,0.0763,3.1099,3.1099,,0.00,,,0.00,,0.00,
MI Guest Services BYO Paneer Bowl,1.00,Each,1.00,Each,1.00,,Inactive,=,,Inactive,=,1.00,Each,No,,,BATCH Pickled Onions,0.30,OZ-wt,100.0,,0.0255,0.0255,3.1099,3.1099,,0.00,,,0.00,,0.00,
MI Guest Services BYO Paneer Bowl,1.00,Each,1.00,Each,1.00,,Inactive,=,,Inactive,=,1.00,Each,No,,,BATCH Kachumber Salad,0.40,OZ-wt,100.0,,0.0327,0.0327,3.1099,3.1099,,0.00,,,0.00,,0.00,
MI Guest Services BYO Paneer Bowl,1.00,Each,1.00,Each,1.00,,Inactive,=,,Inactive,=,1.00,Each,No,,,BATCH Mint Cilantro Chutney,0.50,OZ-fl,100.0,,0.0927,0.0927,3.1099,3.1099,,0.00,,,0.00,,0.00,
MI Guest Services BYO Paneer Bowl,1.00,Each,1.00,Each,1.00,,Inactive,=,,Inactive,=,1.00,Each,No,,,BATCH Toasted Cumin Yogurt,0.50,OZ-fl,100.0,,0.0445,0.0445,3.1099,3.1099,,0.00,,,0.00,,0.00,
MI Guest Services BYO Spicy Chicken Bowl,1.00,Each,1.00,Each,1.00,,Inactive,=,,Inactive,=,1.00,Each,No,,,BATCH Spicy Chili Chicken Cooked,4.00,OZ-wt,100.0,,0.6467,0.6467,2.4840,2.4840,,0.00,,,0.00,,0.00,
MI Guest Services BYO Spicy Chicken Bowl,1.00,Each,1.00,Each,1.00,,Inactive,=,,Inactive,=,1.00,Each,No,,,BATCH Tikka Masala Sauce,3.00,OZ-fl,100.0,,0.5520,0.5520,2.4840,2.4840,,0.00,,,0.00,,0.00,
MI Guest Services BYO Spicy Chicken Bowl,1.00,Each,1.00,Each,1.00,,Inactive,=,,Inactive,=,1.00,Each,No,,,EVERMADE Coconut Ginger Sauce,1.00,OZ-fl,100.0,,0.2000,0.2000,2.4840,2.4840,,0.00,,,0.00,,0.00,
MI Guest Services BYO Spicy Chicken Bowl,1.00,Each,1.00,Each,1.00,,Inactive,=,,Inactive,=,1.00,Each,No,,,EVERMADE Tamarind Ginger Chutney,0.25,OZ-fl,100.0,,0.0547,0.0547,2.4840,2.4840,,0.00,,,0.00,,0.00,
MI Guest Services BYO Spicy Chicken Bowl,1.00,Each,1.00,Each,1.00,,Inactive,=,,Inactive,=,1.00,Each,No,,,BATCH Lemon Turmeric Rice,7.30,OZ-wt,100.0,,0.2233,0.2233,2.4840,2.4840,,0.00,,,0.00,,0.00,
MI Guest Services BYO Spicy Chicken Bowl,1.00,Each,1.00,Each,1.00,,Inactive,=,,Inactive,=,1.00,Each,No,,,MI To Go Bowl Disposables - Offsite Pop-Up,1.00,Each,100.0,,0.3165,0.3165,2.4840,2.4840,,0.00,,,0.00,,0.00,
MI Guest Services BYO Spicy Chicken Bowl,1.00,Each,1.00,Each,1.00,,Inactive,=,,Inactive,=,1.00,Each,No,,,BATCH House Vinaigrette,0.25,OZ-fl,100.0,,0.0240,0.0240,2.4840,2.4840,,0.00,,,0.00,,0.00,
MI Guest Services BYO Spicy Chicken Bowl,1.00,Each,1.00,Each,1.00,,Inactive,=,,Inactive,=,1.00,Each,No,,,BATCH Indian Street Corn,0.30,OZ-wt,100.0,,0.0070,0.0070,2.4840,2.4840,,0.00,,,0.00,,0.00,
MI Guest Services BYO Spicy Chicken Bowl,1.00,Each,1.00,Each,1.00,,Inactive,=,,Inactive,=,1.00,Each,No,,,BATCH Carrot Slaw,0.20,OZ-wt,100.0,,0.0182,0.0182,2.4840,2.4840,,0.00,,,0.00,,0.00,
MI Guest Services BYO Spicy Chicken Bowl,1.00,Each,1.00,Each,1.00,,Inactive,=,,Inactive,=,1.00,Each,No,,,BATCH Chickpeas Cooked,2.17,OZ-wt,100.0,,0.0527,0.0527,2.4840,2.4840,,0.00,,,0.00,,0.00,
MI Guest Services BYO Spicy Chicken Bowl,1.00,Each,1.00,Each,1.00,,Inactive,=,,Inactive,=,1.00,Each,No,,,YIELD Romaine Chopped,0.75,OZ-wt,100.0,,0.1172,0.1172,2.4840,2.4840,,0.00,,,0.00,,0.00,
MI Guest Services BYO Spicy Chicken Bowl,1.00,Each,1.00,Each,1.00,,Inactive,=,,Inactive,=,1.00,Each,No,,,BATCH Sautéed Spinach,0.72,OZ-wt,100.0,,0.0763,0.0763,2.4840,2.4840,,0.00,,,0.00,,0.00,
MI Guest Services BYO Spicy Chicken Bowl,1.00,Each,1.00,Each,1.00,,Inactive,=,,Inactive,=,1.00,Each,No,,,BATCH Pickled Onions,0.30,OZ-wt,100.0,,0.0255,0.0255,2.4840,2.4840,,0.00,,,0.00,,0.00,
MI Guest Services BYO Spicy Chicken Bowl,1.00,Each,1.00,Each,1.00,,Inactive,=,,Inactive,=,1.00,Each,No,,,BATCH Kachumber Salad,0.40,OZ-wt,100.0,,0.0327,0.0327,2.4840,2.4840,,0.00,,,0.00,,0.00,
MI Guest Services BYO Spicy Chicken Bowl,1.00,Each,1.00,Each,1.00,,Inactive,=,,Inactive,=,1.00,Each,No,,,BATCH Mint Cilantro Chutney,0.50,OZ-fl,100.0,,0.0927,0.0927,2.4840,2.4840,,0.00,,,0.00,,0.00,
MI Guest Services BYO Spicy Chicken Bowl,1.00,Each,1.00,Each,1.00,,Inactive,=,,Inactive,=,1.00,Each,No,,,BATCH Toasted Cumin Yogurt,0.50,OZ-fl,100.0,,0.0445,0.0445,2.4840,2.4840,,0.00,,,0.00,,0.00,
MI Harvest Chicken Bowl - Catering,1.00,Each,1.00,Each,1.00,,Inactive,=,,Inactive,=,1.00,Each,No,,,EVERMADE Tomato Garlic Sauce,4.00,OZ-fl,100.0,,0.7524,0.7524,3.1481,3.1481,,0.00,,,0.00,,0.00,
MI Harvest Chicken Bowl - Catering,1.00,Each,1.00,Each,1.00,,Inactive,=,,Inactive,=,1.00,Each,No,,,BATCH Roasted Lentils,0.05,OZ-wt,100.0,,0.0078,0.0078,3.1481,3.1481,,0.00,,,0.00,,0.00,
MI Harvest Chicken Bowl - Catering,1.00,Each,1.00,Each,1.00,,Inactive,=,,Inactive,=,1.00,Each,No,,,MOBYS Coriander Chili Chutney,1.00,OZ-wt,100.0,,0.2262,0.2262,3.1481,3.1481,,0.00,,,0.00,,0.00,
MI Harvest Chicken Bowl - Catering,1.00,Each,1.00,Each,1.00,,Inactive,=,,Inactive,=,1.00,Each,No,,,BATCH Toasted Cumin Yogurt,1.00,OZ-fl,100.0,,0.0890,0.0890,3.1481,3.1481,,0.00,,,0.00,,0.00,
MI Harvest Chicken Bowl - Catering,1.00,Each,1.00,Each,1.00,,Inactive,=,,Inactive,=,1.00,Each,No,,,BATCH Pickled Onions,0.50,OZ-wt,100.0,,0.0425,0.0425,3.1481,3.1481,,0.00,,,0.00,,0.00,
MI Harvest Chicken Bowl - Catering,1.00,Each,1.00,Each,1.00,,Inactive,=,,Inactive,=,1.00,Each,No,,,YIELD Cucumber Chopped,0.50,OZ-wt,100.0,,0.0161,0.0161,3.1481,3.1481,,0.00,,,0.00,,0.00,
MI Harvest Chicken Bowl - Catering,1.00,Each,1.00,Each,1.00,,Inactive,=,,Inactive,=,1.00,Each,No,,,BATCH Harvest Vegetables Cooked,1.65,OZ-wt,100.0,,0.4591,0.4591,3.1481,3.1481,,0.00,,,0.00,,0.00,
MI Harvest Chicken Bowl - Catering,1.00,Each,1.00,Each,1.00,,Inactive,=,,Inactive,=,1.00,Each,No,,,BATCH Chicken Tikka Cooked New,4.00,OZ-wt,100.0,,0.5795,0.5795,3.1481,3.1481,,0.00,,,0.00,,0.00,
MI Harvest Chicken Bowl - Catering,1.00,Each,1.00,Each,1.00,,Inactive,=,,Inactive,=,1.00,Each,No,,,BATCH Lemon Turmeric Rice,3.65,OZ-wt,100.0,,0.1117,0.1117,3.1481,3.1481,,0.00,,,0.00,,0.00,
MI Harvest Chicken Bowl - Catering,1.00,Each,1.00,Each,1.00,,Inactive,=,,Inactive,=,1.00,Each,No,,,"Lettuce, Arcadian",1.90,OZ-wt,100.0,,0.3760,0.3760,3.1481,3.1481,,0.00,,,0.00,,0.00,
MI Harvest Chicken Bowl - Catering,1.00,Each,1.00,Each,1.00,,Inactive,=,,Inactive,=,1.00,Each,No,,,MI To Go Bowl Disposables - In House,1.00,Each,100.0,,0.4878,0.4878,3.1481,3.1481,,0.00,,,0.00,,0.00,
MI Harvest Chicken Bowl - In House,1.00,Each,1.00,Each,1.00,,Inactive,=,,Inactive,=,1.00,Each,No,,,EVERMADE Tamarind Ginger Chutney,1.00,OZ-wt,100.0,,0.1786,0.1786,3.1005,3.1005,,0.00,,,0.00,,0.00,
MI Harvest Chicken Bowl - In House,1.00,Each,1.00,Each,1.00,,Inactive,=,,Inactive,=,1.00,Each,No,,,EVERMADE Tomato Garlic Sauce,4.00,OZ-fl,100.0,,0.7524,0.7524,3.1005,3.1005,,0.00,,,0.00,,0.00,
MI Harvest Chicken Bowl - In House,1.00,Each,1.00,Each,1.00,,Inactive,=,,Inactive,=,1.00,Each,No,,,BATCH Roasted Lentils,0.05,OZ-wt,100.0,,0.0078,0.0078,3.1005,3.1005,,0.00,,,0.00,,0.00,
MI Harvest Chicken Bowl - In House,1.00,Each,1.00,Each,1.00,,Inactive,=,,Inactive,=,1.00,Each,No,,,BATCH Toasted Cumin Yogurt,1.00,OZ-fl,100.0,,0.0890,0.0890,3.1005,3.1005,,0.00,,,0.00,,0.00,
MI Harvest Chicken Bowl - In House,1.00,Each,1.00,Each,1.00,,Inactive,=,,Inactive,=,1.00,Each,No,,,BATCH Pickled Onions,0.50,OZ-wt,100.0,,0.0425,0.0425,3.1005,3.1005,,0.00,,,0.00,,0.00,
MI Harvest Chicken Bowl - In House,1.00,Each,1.00,Each,1.00,,Inactive,=,,Inactive,=,1.00,Each,No,,,YIELD Cucumber Chopped,0.50,OZ-wt,100.0,,0.0161,0.0161,3.1005,3.1005,,0.00,,,0.00,,0.00,
MI Harvest Chicken Bowl - In House,1.00,Each,1.00,Each,1.00,,Inactive,=,,Inactive,=,1.00,Each,No,,,BATCH Harvest Vegetables Cooked,1.65,OZ-wt,100.0,,0.4591,0.4591,3.1005,3.1005,,0.00,,,0.00,,0.00,
MI Harvest Chicken Bowl - In House,1.00,Each,1.00,Each,1.00,,Inactive,=,,Inactive,=,1.00,Each,No,,,BATCH Chicken Tikka Cooked New,4.00,OZ-wt,100.0,,0.5795,0.5795,3.1005,3.1005,,0.00,,,0.00,,0.00,
MI Harvest Chicken Bowl - In House,1.00,Each,1.00,Each,1.00,,Inactive,=,,Inactive,=,1.00,Each,No,,,BATCH Lemon Turmeric Rice,3.65,OZ-wt,100.0,,0.1117,0.1117,3.1005,3.1005,,0.00,,,0.00,,0.00,
MI Harvest Chicken Bowl - In House,1.00,Each,1.00,Each,1.00,,Inactive,=,,Inactive,=,1.00,Each,No,,,"Lettuce, Arcadian",1.90,OZ-wt,100.0,,0.3760,0.3760,3.1005,3.1005,,0.00,,,0.00,,0.00,
MI Harvest Chicken Bowl - In House,1.00,Each,1.00,Each,1.00,,Inactive,=,,Inactive,=,1.00,Each,No,,,MI To Go Bowl Disposables - In House,1.00,Each,100.0,,0.4878,0.4878,3.1005,3.1005,,0.00,,,0.00,,0.00,
MI Harvest Chicken Bowl - Online,1.00,Each,1.00,Each,1.00,,Inactive,=,,Inactive,=,1.00,Each,No,,,MI To Go Bowl Disposables - Online,1.00,Each,100.0,,0.6065,0.6065,0.6065,0.6065,,0.00,,,0.00,,0.00,
MI Harvest Vegetables - Catering - Additional Item,1.00,Each,1.00,Each,1.00,,Inactive,=,,Inactive,=,1.00,Each,No,,,"Lid, Pan Third",1.00,Each,100.0,,0.3998,0.3998,14.9612,14.9612,,0.00,,,0.00,,0.00,
MI Harvest Vegetables - Catering - Additional Item,1.00,Each,1.00,Each,1.00,,Inactive,=,,Inactive,=,1.00,Each,No,,,"Pan, Third",1.00,Each,100.0,,0.6498,0.6498,14.9612,14.9612,,0.00,,,0.00,,0.00,
MI Harvest Vegetables - Catering - Additional Item,1.00,Each,1.00,Each,1.00,,Inactive,=,,Inactive,=,1.00,Each,No,,,BATCH Harvest Vegetables Cooked,50.00,OZ-wt,100.0,,13.9116,13.9116,14.9612,14.9612,,0.00,,,0.00,,0.00,
MI Harvest Veggies,1.00,Each,1.00,Each,1.00,,Inactive,=,,Inactive,=,1.00,Each,No,,,BATCH Harvest Vegetables Cooked,3.30,OZ-wt,100.0,,0.9182,0.9182,0.9182,0.9182,,0.00,,,0.00,,0.00,
MI Harvest Veggies - Classic,1.00,Each,1.00,Each,1.00,,Inactive,=,,Inactive,=,1.00,Each,No,,,BATCH Harvest Vegetables Cooked,2.19,OZ-wt,100.0,,0.6093,0.6093,0.6093,0.6093,,0.00,,,0.00,,0.00,
MI Harvest Veggies - Desi Deluxe,1.00,Each,1.00,Each,1.00,,Inactive,=,,Inactive,=,1.00,Each,No,,,BATCH Harvest Vegetables Cooked,2.08,OZ-wt,100.0,,0.5787,0.5787,0.5787,0.5787,,0.00,,,0.00,,0.00,
MI Harvest Veggies - Kids,1.00,Each,1.00,Each,1.00,,Inactive,=,,Inactive,=,1.00,Each,No,,,BATCH Harvest Vegetables Cooked,1.65,OZ-wt,100.0,,0.4591,0.4591,0.4591,0.4591,,0.00,,,0.00,,0.00,
MI Harvest Veggies - Party Pack,1.00,Each,1.00,Each,1.00,,Inactive,=,,Inactive,=,1.00,Each,No,,,BATCH Harvest Vegetables Cooked,2.50,OZ-wt,100.0,,0.6956,0.6956,0.6956,0.6956,,0.00,,,0.00,,0.00,
MI Home Cooking - In House,1.00,Each,1.00,Each,1.00,,Inactive,=,,Inactive,=,1.00,Each,No,,,EVERMADE Tamarind Ginger Chutney,0.80,OZ-wt,100.0,,0.1429,0.1429,5.2397,5.2397,,0.00,,,0.00,,0.00,
MI Home Cooking - In House,1.00,Each,1.00,Each,1.00,,Inactive,=,,Inactive,=,1.00,Each,No,,,EVERMADE Tamarind Chili Sauce,4.00,OZ-fl,100.0,,0.6996,0.6996,5.2397,5.2397,,0.00,,,0.00,,0.00,
MI Home Cooking - In House,1.00,Each,1.00,Each,1.00,,Inactive,=,,Inactive,=,1.00,Each,No,,,BATCH Spiced Chickpeas,3.10,OZ-wt,100.0,,0.1377,0.1377,5.2397,5.2397,,0.00,,,0.00,,0.00,
MI Home Cooking - In House,1.00,Each,1.00,Each,1.00,,Inactive,=,,Inactive,=,1.00,Each,No,,,MOBYS Mango Coconut Yogurt,1.00,OZ-fl,100.0,,0.2295,0.2295,5.2397,5.2397,,0.00,,,0.00,,0.00,
MI Home Cooking - In House,1.00,Each,1.00,Each,1.00,,Inactive,=,,Inactive,=,1.00,Each,No,,,MI To Go Bowl Disposables - In House,1.00,Each,100.0,,0.4878,0.4878,5.2397,5.2397,,0.00,,,0.00,,0.00,
MI Home Cooking - In House,1.00,Each,1.00,Each,1.00,,Inactive,=,,Inactive,=,1.00,Each,No,,,BATCH South Indian Rice Noodles,6.50,OZ-wt,100.0,,0.3521,0.3521,5.2397,5.2397,,0.00,,,0.00,,0.00,
MI Home Cooking - In House,1.00,Each,1.00,Each,1.00,,Inactive,=,,Inactive,=,1.00,Each,No,,,BATCH Shrimp Cooked,6.00,Each,100.0,,2.8610,2.8610,5.2397,5.2397,,0.00,,,0.00,,0.00,
MI Home Cooking - In House,1.00,Each,1.00,Each,1.00,,Inactive,=,,Inactive,=,1.00,Each,No,,,BATCH Mango Salsa,0.50,OZ-wt,100.0,,0.3291,0.3291,5.2397,5.2397,,0.00,,,0.00,,0.00,
MI Home Cooking - Online,1.00,Each,1.00,Each,1.00,,Inactive,=,,Inactive,=,1.00,Each,No,,,MI To Go Bowl Disposables - Online,1.00,Each,100.0,,0.6065,0.6065,0.6065,0.6065,,0.00,,,0.00,,0.00,
MI Hot Masala Chai,1.00,Each,1.00,Each,1.00,,Inactive,=,,Inactive,=,1.00,Each,No,,,"Milk, Whole",5.50,OZ-fl,100.0,,0.2455,0.2455,1.6062,1.6062,,,,,,,,
MI Hot Masala Chai,1.00,Each,1.00,Each,1.00,,Inactive,=,,Inactive,=,1.00,Each,No,,,"Cup, Coffee RASA",1.00,Each,100.0,,0.1799,0.1799,1.6062,1.6062,,,,,,,,
MI Hot Masala Chai,1.00,Each,1.00,Each,1.00,,Inactive,=,,Inactive,=,1.00,Each,No,,,"Lid, Cup Coffee",1.00,Each,100.0,,0.0350,0.0350,1.6062,1.6062,,,,,,,,
MI Hot Masala Chai,1.00,Each,1.00,Each,1.00,,Inactive,=,,Inactive,=,1.00,Each,No,,,"Concentrate, Chai",5.50,OZ-fl,100.0,,1.1458,1.1458,1.6062,1.6062,,,,,,,,
MI Hot Masala Chai - 3/4 Gallon,1.00,Each,1.00,Each,1.00,,Inactive,=,,Inactive,=,1.00,Each,No,,,Coffee Box 96oz,1.00,Each,100.0,,3.9940,3.9940,16.1362,16.1362,,,,,,,,
MI Hot Masala Chai - 3/4 Gallon,1.00,Each,1.00,Each,1.00,,Inactive,=,,Inactive,=,1.00,Each,No,,,"Milk, Whole",48.00,OZ-fl,100.0,,2.1422,2.1422,16.1362,16.1362,,,,,,,,
MI Hot Masala Chai - 3/4 Gallon,1.00,Each,1.00,Each,1.00,,Inactive,=,,Inactive,=,1.00,Each,No,,,"Concentrate, Chai",48.00,OZ-fl,100.0,,10.0000,10.0000,16.1362,16.1362,,,,,,,,
MI Hot Masala Chai - OLD,12.00,OZ-fl,12.00,OZ-fl,1.00,,Inactive,=,1.00,OZ-fl,=,,Inactive,No,,,"Concentrate, Chai",5.50,OZ-fl,100.0,,1.1458,1.1458,1.4930,1.4930,,,,,,,,
MI Hot Masala Chai - OLD,12.00,OZ-fl,12.00,OZ-fl,1.00,,Inactive,=,1.00,OZ-fl,=,,Inactive,No,,,"Lid, Cup Coffee",1.00,Each,100.0,,0.0350,0.0350,1.4930,1.4930,,,,,,,,
MI Hot Masala Chai - OLD,12.00,OZ-fl,12.00,OZ-fl,1.00,,Inactive,=,1.00,OZ-fl,=,,Inactive,No,,,"Cup, Coffee",1.00,Each,100.0,,0.0667,0.0667,1.4930,1.4930,,,,,,,,
MI Hot Masala Chai - OLD,12.00,OZ-fl,12.00,OZ-fl,1.00,,Inactive,=,1.00,OZ-fl,=,,Inactive,No,,,"Milk, Whole",5.50,OZ-fl,100.0,,0.2455,0.2455,1.4930,1.4930,,,,,,,,
MI Hot Oat Milk Masala Chai,1.00,Each,1.00,Each,1.00,,Inactive,=,,Inactive,=,1.00,Each,No,,,"Milk, Oat",5.50,OZ-fl,100.0,,0.6153,0.6153,1.9760,1.9760,,,,,,,,
MI Hot Oat Milk Masala Chai,1.00,Each,1.00,Each,1.00,,Inactive,=,,Inactive,=,1.00,Each,No,,,"Cup, Coffee RASA",1.00,Each,100.0,,0.1799,0.1799,1.9760,1.9760,,,,,,,,
MI Hot Oat Milk Masala Chai,1.00,Each,1.00,Each,1.00,,Inactive,=,,Inactive,=,1.00,Each,No,,,"Lid, Cup Coffee",1.00,Each,100.0,,0.0350,0.0350,1.9760,1.9760,,,,,,,,
MI Hot Oat Milk Masala Chai,1.00,Each,1.00,Each,1.00,,Inactive,=,,Inactive,=,1.00,Each,No,,,"Concentrate, Chai",5.50,OZ-fl,100.0,,1.1458,1.1458,1.9760,1.9760,,,,,,,,
MI Hot Oat Milk Masala Chai - 3/4 Gallon,1.00,Each,1.00,Each,1.00,,Inactive,=,,Inactive,=,1.00,Each,No,,,Coffee Box 96oz,1.00,Each,100.0,,3.9940,3.9940,19.3640,19.3640,,,,,,,,
MI Hot Oat Milk Masala Chai - 3/4 Gallon,1.00,Each,1.00,Each,1.00,,Inactive,=,,Inactive,=,1.00,Each,No,,,"Milk, Oat",48.00,OZ-fl,100.0,,5.3700,5.3700,19.3640,19.3640,,,,,,,,
MI Hot Oat Milk Masala Chai - 3/4 Gallon,1.00,Each,1.00,Each,1.00,,Inactive,=,,Inactive,=,1.00,Each,No,,,"Concentrate, Chai",48.00,OZ-fl,100.0,,10.0000,10.0000,19.3640,19.3640,,,,,,,,
MI Hot Oat Milk Masala Chai - OLD,12.00,OZ-fl,12.00,OZ-fl,1.00,,Inactive,=,1.00,OZ-fl,=,,Inactive,No,,,"Concentrate, Chai",5.50,OZ-fl,100.0,,1.1458,1.1458,1.8628,1.8628,,,,,,,,
MI Hot Oat Milk Masala Chai - OLD,12.00,OZ-fl,12.00,OZ-fl,1.00,,Inactive,=,1.00,OZ-fl,=,,Inactive,No,,,"Lid, Cup Coffee",1.00,Each,100.0,,0.0350,0.0350,1.8628,1.8628,,,,,,,,
MI Hot Oat Milk Masala Chai - OLD,12.00,OZ-fl,12.00,OZ-fl,1.00,,Inactive,=,1.00,OZ-fl,=,,Inactive,No,,,"Cup, Coffee",1.00,Each,100.0,,0.0667,0.0667,1.8628,1.8628,,,,,,,,
MI Hot Oat Milk Masala Chai - OLD,12.00,OZ-fl,12.00,OZ-fl,1.00,,Inactive,=,1.00,OZ-fl,=,,Inactive,No,,,"Milk, Oat",5.50,OZ-fl,100.0,,0.6153,0.6153,1.8628,1.8628,,,,,,,,
MI House Vinaigrette Dressing - Classic,1.00,Each,1.00,Each,1.00,,Inactive,=,,Inactive,=,1.00,Each,No,,,BATCH House Vinaigrette,0.43,OZ-fl,100.0,,0.0412,0.0412,0.0412,0.0412,,0.00,,,0.00,,0.00,
MI House Vinaigrette Dressing - Desi Deluxe,1.00,Each,1.00,Each,1.00,,Inactive,=,,Inactive,=,1.00,Each,No,,,BATCH House Vinaigrette,0.48,OZ-fl,100.0,,0.0460,0.0460,0.0460,0.0460,,0.00,,,0.00,,0.00,
MI House Vinaigrette Dressing - Party Pack,1.00,Each,1.00,Each,1.00,,Inactive,=,,Inactive,=,1.00,Each,No,,,BATCH House Vinaigrette,0.50,OZ-fl,100.0,,0.0479,0.0479,0.0479,0.0479,,0.00,,,0.00,,0.00,
MI HUNGRY Basmati Rice,1.00,Each,1.00,Each,1.00,,Inactive,=,,Inactive,=,1.00,Each,No,,,BATCH Basmati Rice,64.00,OZ-wt,100.0,,1.6206,1.6206,2.5350,2.5350,,0.00,,,0.00,,0.00,
MI HUNGRY Basmati Rice,1.00,Each,1.00,Each,1.00,,Inactive,=,,Inactive,=,1.00,Each,No,,,"Pan, Half",1.00,Each,100.0,,0.5495,0.5495,2.5350,2.5350,,0.00,,,0.00,,0.00,
MI HUNGRY Basmati Rice,1.00,Each,1.00,Each,1.00,,Inactive,=,,Inactive,=,1.00,Each,No,,,"Lid, Pan Half",1.00,Each,100.0,,0.3649,0.3649,2.5350,2.5350,,0.00,,,0.00,,0.00,
MI HUNGRY BYO Chicken Tikka + Avocado Salad,6.00,OZ-wt,6.00,OZ-wt,1.00,1.00,lb,=,,Inactive,=,,Inactive,No,,,"Cont, Black Plastic Round 32oz with Lid",0.10,Each,100.0,,0.0233,0.0233,2.8197,2.8197,,,,,,,,
MI HUNGRY BYO Chicken Tikka + Avocado Salad,6.00,OZ-wt,6.00,OZ-wt,1.00,1.00,lb,=,,Inactive,=,,Inactive,No,,,"Cont, Black Plastic Round 32oz with Lid",0.10,Each,100.0,,0.0233,0.0233,2.8197,2.8197,,,,,,,,
MI HUNGRY BYO Chicken Tikka + Avocado Salad,6.00,OZ-wt,6.00,OZ-wt,1.00,1.00,lb,=,,Inactive,=,,Inactive,No,,,BATCH Toasted Cumin Yogurt,0.75,OZ-fl,100.0,,0.0667,0.0667,2.8197,2.8197,,,,,,,,
MI HUNGRY BYO Chicken Tikka + Avocado Salad,6.00,OZ-wt,6.00,OZ-wt,1.00,1.00,lb,=,,Inactive,=,,Inactive,No,,,BATCH Kokum Vinaigrette,0.75,OZ-fl,100.0,,0.0610,0.0610,2.8197,2.8197,,,,,,,,
MI HUNGRY BYO Chicken Tikka + Avocado Salad,6.00,OZ-wt,6.00,OZ-wt,1.00,1.00,lb,=,,Inactive,=,,Inactive,No,,,Avocado,0.50,Each,100.0,,0.3568,0.3568,2.8197,2.8197,,,,,,,,
MI HUNGRY BYO Chicken Tikka + Avocado Salad,6.00,OZ-wt,6.00,OZ-wt,1.00,1.00,lb,=,,Inactive,=,,Inactive,No,,,BATCH Kachumber Salad,0.70,OZ-wt,100.0,,0.0572,0.0572,2.8197,2.8197,,,,,,,,
MI HUNGRY BYO Chicken Tikka + Avocado Salad,6.00,OZ-wt,6.00,OZ-wt,1.00,1.00,lb,=,,Inactive,=,,Inactive,No,,,BATCH Harvest Vegetables Cooked,2.25,OZ-wt,100.0,,0.6260,0.6260,2.8197,2.8197,,,,,,,,
MI HUNGRY BYO Chicken Tikka + Avocado Salad,6.00,OZ-wt,6.00,OZ-wt,1.00,1.00,lb,=,,Inactive,=,,Inactive,No,,,BATCH Chicken Tikka Cooked New,4.50,OZ-wt,100.0,,0.6520,0.6520,2.8197,2.8197,,,,,,,,
MI HUNGRY BYO Chicken Tikka + Avocado Salad,6.00,OZ-wt,6.00,OZ-wt,1.00,1.00,lb,=,,Inactive,=,,Inactive,No,,,Arugula,1.00,OZ-wt,100.0,,0.2656,0.2656,2.8197,2.8197,,,,,,,,
MI HUNGRY BYO Chicken Tikka + Avocado Salad,6.00,OZ-wt,6.00,OZ-wt,1.00,1.00,lb,=,,Inactive,=,,Inactive,No,,,YIELD Romaine Chopped,1.00,OZ-wt,100.0,,0.1563,0.1563,2.8197,2.8197,,,,,,,,
MI HUNGRY BYO Chicken Tikka + Avocado Salad,6.00,OZ-wt,6.00,OZ-wt,1.00,1.00,lb,=,,Inactive,=,,Inactive,No,,,"Cont, Black Plastic Round 32oz with Lid",0.10,Each,100.0,,0.0233,0.0233,2.8197,2.8197,,,,,,,,
MI HUNGRY BYO Chicken Tikka + Avocado Salad,6.00,OZ-wt,6.00,OZ-wt,1.00,1.00,lb,=,,Inactive,=,,Inactive,No,,,BATCH Roasted Lentils,0.35,OZ-wt,100.0,,0.0544,0.0544,2.8197,2.8197,,,,,,,,
MI HUNGRY BYO Chicken Tikka + Avocado Salad,6.00,OZ-wt,6.00,OZ-wt,1.00,1.00,lb,=,,Inactive,=,,Inactive,No,,,BATCH Carrot Slaw,0.65,OZ-wt,100.0,,0.0591,0.0591,2.8197,2.8197,,,,,,,,
MI HUNGRY BYO Chicken Tikka + Avocado Salad,6.00,OZ-wt,6.00,OZ-wt,1.00,1.00,lb,=,,Inactive,=,,Inactive,No,,,"Cont, Black Plastic Round 32oz with Lid",0.10,Each,100.0,,0.0233,0.0233,2.8197,2.8197,,,,,,,,
MI HUNGRY BYO Chicken Tikka + Avocado Salad,6.00,OZ-wt,6.00,OZ-wt,1.00,1.00,lb,=,,Inactive,=,,Inactive,No,,,"Cont, Black Plastic Round 32oz with Lid",0.10,Each,100.0,,0.0233,0.0233,2.8197,2.8197,,,,,,,,
MI HUNGRY BYO Chicken Tikka + Avocado Salad,6.00,OZ-wt,6.00,OZ-wt,1.00,1.00,lb,=,,Inactive,=,,Inactive,No,,,"Cont, Black Plastic Round 32oz with Lid",0.10,Each,100.0,,0.0233,0.0233,2.8197,2.8197,,,,,,,,
MI HUNGRY BYO Chicken Tikka + Avocado Salad,6.00,OZ-wt,6.00,OZ-wt,1.00,1.00,lb,=,,Inactive,=,,Inactive,No,,,"Pan, Third",0.10,Each,100.0,,0.0650,0.0650,2.8197,2.8197,,,,,,,,
MI HUNGRY BYO Chicken Tikka + Avocado Salad,6.00,OZ-wt,6.00,OZ-wt,1.00,1.00,lb,=,,Inactive,=,,Inactive,No,,,"Lid, Pan Third",0.10,Each,100.0,,0.0400,0.0400,2.8197,2.8197,,,,,,,,
MI HUNGRY BYO Chicken Tikka + Avocado Salad,6.00,OZ-wt,6.00,OZ-wt,1.00,1.00,lb,=,,Inactive,=,,Inactive,No,,,"Cont, Black Plastic Round 32oz with Lid",0.10,Each,100.0,,0.0233,0.0233,2.8197,2.8197,,,,,,,,
MI HUNGRY BYO Chicken Tikka + Avocado Salad,6.00,OZ-wt,6.00,OZ-wt,1.00,1.00,lb,=,,Inactive,=,,Inactive,No,,,"Lid, Pan Third",0.10,Each,100.0,,0.0400,0.0400,2.8197,2.8197,,,,,,,,
MI HUNGRY BYO Chicken Tikka + Avocado Salad,6.00,OZ-wt,6.00,OZ-wt,1.00,1.00,lb,=,,Inactive,=,,Inactive,No,,,"Pan, Third",0.10,Each,100.0,,0.0650,0.0650,2.8197,2.8197,,,,,,,,
MI HUNGRY BYO Chicken Tikka + Avocado Salad,6.00,OZ-wt,6.00,OZ-wt,1.00,1.00,lb,=,,Inactive,=,,Inactive,No,,,"Pan, Half",0.10,Each,100.0,,0.0550,0.0550,2.8197,2.8197,,,,,,,,
MI HUNGRY BYO Chicken Tikka + Avocado Salad,6.00,OZ-wt,6.00,OZ-wt,1.00,1.00,lb,=,,Inactive,=,,Inactive,No,,,"Lid, Pan Half",0.10,Each,100.0,,0.0365,0.0365,2.8197,2.8197,,,,,,,,
MI HUNGRY BYO Chicken Tikka Bowl,6.00,OZ-wt,6.00,OZ-wt,1.00,1.00,lb,=,,Inactive,=,,Inactive,No,,,"Cont, Black Plastic Round 32oz with Lid",0.10,Each,100.0,,0.0233,0.0233,2.2067,2.2067,,,,,,,,
MI HUNGRY BYO Chicken Tikka Bowl,6.00,OZ-wt,6.00,OZ-wt,1.00,1.00,lb,=,,Inactive,=,,Inactive,No,,,"Cont, Black Plastic Round 32oz with Lid",0.10,Each,100.0,,0.0233,0.0233,2.2067,2.2067,,,,,,,,
MI HUNGRY BYO Chicken Tikka Bowl,6.00,OZ-wt,6.00,OZ-wt,1.00,1.00,lb,=,,Inactive,=,,Inactive,No,,,"Cont, Black Plastic Round 32oz with Lid",0.10,Each,100.0,,0.0233,0.0233,2.2067,2.2067,,,,,,,,
MI HUNGRY BYO Chicken Tikka Bowl,6.00,OZ-wt,6.00,OZ-wt,1.00,1.00,lb,=,,Inactive,=,,Inactive,No,,,"Cont, Black Plastic Round 32oz with Lid",0.10,Each,100.0,,0.0233,0.0233,2.2067,2.2067,,,,,,,,
MI HUNGRY BYO Chicken Tikka Bowl,6.00,OZ-wt,6.00,OZ-wt,1.00,1.00,lb,=,,Inactive,=,,Inactive,No,,,"Pan, Third",0.10,Each,100.0,,0.0650,0.0650,2.2067,2.2067,,,,,,,,
MI HUNGRY BYO Chicken Tikka Bowl,6.00,OZ-wt,6.00,OZ-wt,1.00,1.00,lb,=,,Inactive,=,,Inactive,No,,,"Lid, Pan Third",0.10,Each,100.0,,0.0400,0.0400,2.2067,2.2067,,,,,,,,
MI HUNGRY BYO Chicken Tikka Bowl,6.00,OZ-wt,6.00,OZ-wt,1.00,1.00,lb,=,,Inactive,=,,Inactive,No,,,"Cont, Black Plastic Round 32oz with Lid",0.10,Each,100.0,,0.0233,0.0233,2.2067,2.2067,,,,,,,,
MI HUNGRY BYO Chicken Tikka Bowl,6.00,OZ-wt,6.00,OZ-wt,1.00,1.00,lb,=,,Inactive,=,,Inactive,No,,,"Lid, Pan Third",0.10,Each,100.0,,0.0400,0.0400,2.2067,2.2067,,,,,,,,
MI HUNGRY BYO Chicken Tikka Bowl,6.00,OZ-wt,6.00,OZ-wt,1.00,1.00,lb,=,,Inactive,=,,Inactive,No,,,"Pan, Third",0.10,Each,100.0,,0.0650,0.0650,2.2067,2.2067,,,,,,,,
MI HUNGRY BYO Chicken Tikka Bowl,6.00,OZ-wt,6.00,OZ-wt,1.00,1.00,lb,=,,Inactive,=,,Inactive,No,,,"Pan, Half",0.10,Each,100.0,,0.0550,0.0550,2.2067,2.2067,,,,,,,,
MI HUNGRY BYO Chicken Tikka Bowl,6.00,OZ-wt,6.00,OZ-wt,1.00,1.00,lb,=,,Inactive,=,,Inactive,No,,,"Lid, Pan Half",0.10,Each,100.0,,0.0365,0.0365,2.2067,2.2067,,,,,,,,
MI HUNGRY BYO Chicken Tikka Bowl,6.00,OZ-wt,6.00,OZ-wt,1.00,1.00,lb,=,,Inactive,=,,Inactive,No,,,BATCH Pickled Onions,0.65,OZ-wt,100.0,,0.0552,0.0552,2.2067,2.2067,,,,,,,,
MI HUNGRY BYO Chicken Tikka Bowl,6.00,OZ-wt,6.00,OZ-wt,1.00,1.00,lb,=,,Inactive,=,,Inactive,No,,,EVERMADE Tomato Garlic Sauce,2.00,OZ-fl,100.0,,0.3762,0.3762,2.2067,2.2067,,,,,,,,
MI HUNGRY BYO Chicken Tikka Bowl,6.00,OZ-wt,6.00,OZ-wt,1.00,1.00,lb,=,,Inactive,=,,Inactive,No,,,BATCH Chicken Tikka Cooked New,4.50,OZ-wt,100.0,,0.6520,0.6520,2.2067,2.2067,,,,,,,,
MI HUNGRY BYO Chicken Tikka Bowl,6.00,OZ-wt,6.00,OZ-wt,1.00,1.00,lb,=,,Inactive,=,,Inactive,No,,,BATCH Basmati Rice,7.00,OZ-wt,100.0,,0.1773,0.1773,2.2067,2.2067,,,,,,,,
MI HUNGRY BYO Chicken Tikka Bowl,6.00,OZ-wt,6.00,OZ-wt,1.00,1.00,lb,=,,Inactive,=,,Inactive,No,,,BATCH Sautéed Spinach,2.50,OZ-wt,100.0,,0.2651,0.2651,2.2067,2.2067,,,,,,,,
MI HUNGRY BYO Chicken Tikka Bowl,6.00,OZ-wt,6.00,OZ-wt,1.00,1.00,lb,=,,Inactive,=,,Inactive,No,,,BATCH Kachumber Salad,0.70,OZ-wt,100.0,,0.0572,0.0572,2.2067,2.2067,,,,,,,,
MI HUNGRY BYO Chicken Tikka Bowl,6.00,OZ-wt,6.00,OZ-wt,1.00,1.00,lb,=,,Inactive,=,,Inactive,No,,,BATCH Toasted Cumin Yogurt,0.75,OZ-fl,100.0,,0.0667,0.0667,2.2067,2.2067,,,,,,,,
MI HUNGRY BYO Chicken Tikka Bowl,6.00,OZ-wt,6.00,OZ-wt,1.00,1.00,lb,=,,Inactive,=,,Inactive,No,,,BATCH Mint Cilantro Chutney,0.75,OZ-fl,100.0,,0.1390,0.1390,2.2067,2.2067,,,,,,,,
MI HUNGRY BYO Lamb Kebab Bowl,6.00,OZ-wt,6.00,OZ-wt,1.00,1.00,lb,=,,Inactive,=,,Inactive,No,,,BATCH Lamb Kebab Meatballs Cooked,4.00,Each,100.0,,2.2442,2.2442,3.3873,3.3873,,,,,,,,
MI HUNGRY BYO Lamb Kebab Bowl,6.00,OZ-wt,6.00,OZ-wt,1.00,1.00,lb,=,,Inactive,=,,Inactive,No,,,BATCH Mint Cilantro Chutney,0.75,OZ-fl,100.0,,0.1390,0.1390,3.3873,3.3873,,,,,,,,
MI HUNGRY BYO Lamb Kebab Bowl,6.00,OZ-wt,6.00,OZ-wt,1.00,1.00,lb,=,,Inactive,=,,Inactive,No,,,BATCH Pickled Onions,0.65,OZ-wt,100.0,,0.0552,0.0552,3.3873,3.3873,,,,,,,,
MI HUNGRY BYO Lamb Kebab Bowl,6.00,OZ-wt,6.00,OZ-wt,1.00,1.00,lb,=,,Inactive,=,,Inactive,No,,,YIELD Cucumber Chopped,0.70,OZ-wt,100.0,,0.0225,0.0225,3.3873,3.3873,,,,,,,,
MI HUNGRY BYO Lamb Kebab Bowl,6.00,OZ-wt,6.00,OZ-wt,1.00,1.00,lb,=,,Inactive,=,,Inactive,No,,,EVERMADE Peanut Sesame Sauce,2.00,OZ-fl,100.0,,0.2655,0.2655,3.3873,3.3873,,,,,,,,
MI HUNGRY BYO Lamb Kebab Bowl,6.00,OZ-wt,6.00,OZ-wt,1.00,1.00,lb,=,,Inactive,=,,Inactive,No,,,BATCH Spiced Chickpeas,2.00,OZ-wt,100.0,,0.0889,0.0889,3.3873,3.3873,,,,,,,,
MI HUNGRY BYO Lamb Kebab Bowl,6.00,OZ-wt,6.00,OZ-wt,1.00,1.00,lb,=,,Inactive,=,,Inactive,No,,,"Cont, Black Plastic Round 32oz with Lid",0.10,Each,100.0,,0.0233,0.0233,3.3873,3.3873,,,,,,,,
MI HUNGRY BYO Lamb Kebab Bowl,6.00,OZ-wt,6.00,OZ-wt,1.00,1.00,lb,=,,Inactive,=,,Inactive,No,,,"Cont, Black Plastic Round 32oz with Lid",0.10,Each,100.0,,0.0233,0.0233,3.3873,3.3873,,,,,,,,
MI HUNGRY BYO Lamb Kebab Bowl,6.00,OZ-wt,6.00,OZ-wt,1.00,1.00,lb,=,,Inactive,=,,Inactive,No,,,"Cont, Black Plastic Round 32oz with Lid",0.10,Each,100.0,,0.0233,0.0233,3.3873,3.3873,,,,,,,,
MI HUNGRY BYO Lamb Kebab Bowl,6.00,OZ-wt,6.00,OZ-wt,1.00,1.00,lb,=,,Inactive,=,,Inactive,No,,,"Pan, Third",0.10,Each,100.0,,0.0650,0.0650,3.3873,3.3873,,,,,,,,
MI HUNGRY BYO Lamb Kebab Bowl,6.00,OZ-wt,6.00,OZ-wt,1.00,1.00,lb,=,,Inactive,=,,Inactive,No,,,"Lid, Pan Third",0.10,Each,100.0,,0.0400,0.0400,3.3873,3.3873,,,,,,,,
MI HUNGRY BYO Lamb Kebab Bowl,6.00,OZ-wt,6.00,OZ-wt,1.00,1.00,lb,=,,Inactive,=,,Inactive,No,,,"Cont, Black Plastic Round 32oz with Lid",0.10,Each,100.0,,0.0233,0.0233,3.3873,3.3873,,,,,,,,
MI HUNGRY BYO Lamb Kebab Bowl,6.00,OZ-wt,6.00,OZ-wt,1.00,1.00,lb,=,,Inactive,=,,Inactive,No,,,"Lid, Pan Third",0.10,Each,100.0,,0.0400,0.0400,3.3873,3.3873,,,,,,,,
MI HUNGRY BYO Lamb Kebab Bowl,6.00,OZ-wt,6.00,OZ-wt,1.00,1.00,lb,=,,Inactive,=,,Inactive,No,,,"Pan, Third",0.10,Each,100.0,,0.0650,0.0650,3.3873,3.3873,,,,,,,,
MI HUNGRY BYO Lamb Kebab Bowl,6.00,OZ-wt,6.00,OZ-wt,1.00,1.00,lb,=,,Inactive,=,,Inactive,No,,,"Pan, Half",0.10,Each,100.0,,0.0550,0.0550,3.3873,3.3873,,,,,,,,
MI HUNGRY BYO Lamb Kebab Bowl,6.00,OZ-wt,6.00,OZ-wt,1.00,1.00,lb,=,,Inactive,=,,Inactive,No,,,"Lid, Pan Half",0.10,Each,100.0,,0.0365,0.0365,3.3873,3.3873,,,,,,,,
MI HUNGRY BYO Lamb Kebab Bowl,6.00,OZ-wt,6.00,OZ-wt,1.00,1.00,lb,=,,Inactive,=,,Inactive,No,,,BATCH Basmati Rice,7.00,OZ-wt,100.0,,0.1773,0.1773,3.3873,3.3873,,,,,,,,
MI HUNGRY BYO Paneer Tikka Bowl,6.00,OZ-wt,6.00,OZ-wt,1.00,1.00,lb,=,,Inactive,=,,Inactive,No,,,"Cont, Black Plastic Round 32oz with Lid",0.10,Each,100.0,,0.0233,0.0233,3.0146,3.0146,,,,,,,,
MI HUNGRY BYO Paneer Tikka Bowl,6.00,OZ-wt,6.00,OZ-wt,1.00,1.00,lb,=,,Inactive,=,,Inactive,No,,,"Cont, Black Plastic Round 32oz with Lid",0.10,Each,100.0,,0.0233,0.0233,3.0146,3.0146,,,,,,,,
MI HUNGRY BYO Paneer Tikka Bowl,6.00,OZ-wt,6.00,OZ-wt,1.00,1.00,lb,=,,Inactive,=,,Inactive,No,,,Thin Sev,0.25,OZ-wt,100.0,,0.0457,0.0457,3.0146,3.0146,,,,,,,,
MI HUNGRY BYO Paneer Tikka Bowl,6.00,OZ-wt,6.00,OZ-wt,1.00,1.00,lb,=,,Inactive,=,,Inactive,No,,,EVERMADE Tamarind Ginger Chutney,0.75,OZ-fl,100.0,,0.1641,0.1641,3.0146,3.0146,,,,,,,,
MI HUNGRY BYO Paneer Tikka Bowl,6.00,OZ-wt,6.00,OZ-wt,1.00,1.00,lb,=,,Inactive,=,,Inactive,No,,,YIELD Cilantro Chopped,0.05,OZ-wt,100.0,,0.0188,0.0188,3.0146,3.0146,,,,,,,,
MI HUNGRY BYO Paneer Tikka Bowl,6.00,OZ-wt,6.00,OZ-wt,1.00,1.00,lb,=,,Inactive,=,,Inactive,No,,,BATCH Sautéed Spinach,2.50,OZ-wt,100.0,,0.2651,0.2651,3.0146,3.0146,,,,,,,,
MI HUNGRY BYO Paneer Tikka Bowl,6.00,OZ-wt,6.00,OZ-wt,1.00,1.00,lb,=,,Inactive,=,,Inactive,No,,,BATCH Tandoori Paneer Cooked,5.00,Each,100.0,,1.2726,1.2726,3.0146,3.0146,,,,,,,,
MI HUNGRY BYO Paneer Tikka Bowl,6.00,OZ-wt,6.00,OZ-wt,1.00,1.00,lb,=,,Inactive,=,,Inactive,No,,,BATCH Lemon Turmeric Rice,7.00,OZ-wt,100.0,,0.2141,0.2141,3.0146,3.0146,,,,,,,,
MI HUNGRY BYO Paneer Tikka Bowl,6.00,OZ-wt,6.00,OZ-wt,1.00,1.00,lb,=,,Inactive,=,,Inactive,No,,,EVERMADE Tomato Garlic Sauce,2.00,OZ-fl,100.0,,0.3762,0.3762,3.0146,3.0146,,,,,,,,
MI HUNGRY BYO Paneer Tikka Bowl,6.00,OZ-wt,6.00,OZ-wt,1.00,1.00,lb,=,,Inactive,=,,Inactive,No,,,BATCH Mint Cilantro Chutney,0.75,OZ-fl,100.0,,0.1390,0.1390,3.0146,3.0146,,,,,,,,
MI HUNGRY BYO Paneer Tikka Bowl,6.00,OZ-wt,6.00,OZ-wt,1.00,1.00,lb,=,,Inactive,=,,Inactive,No,,,BATCH Pickled Onions,0.65,OZ-wt,100.0,,0.0552,0.0552,3.0146,3.0146,,,,,,,,
MI HUNGRY BYO Paneer Tikka Bowl,6.00,OZ-wt,6.00,OZ-wt,1.00,1.00,lb,=,,Inactive,=,,Inactive,No,,,YIELD Cucumber Chopped,0.70,OZ-wt,100.0,,0.0225,0.0225,3.0146,3.0146,,,,,,,,
MI HUNGRY BYO Paneer Tikka Bowl,6.00,OZ-wt,6.00,OZ-wt,1.00,1.00,lb,=,,Inactive,=,,Inactive,No,,,"Cont, Black Plastic Round 32oz with Lid",0.10,Each,100.0,,0.0233,0.0233,3.0146,3.0146,,,,,,,,
MI HUNGRY BYO Paneer Tikka Bowl,6.00,OZ-wt,6.00,OZ-wt,1.00,1.00,lb,=,,Inactive,=,,Inactive,No,,,"Cont, Black Plastic Round 32oz with Lid",0.10,Each,100.0,,0.0233,0.0233,3.0146,3.0146,,,,,,,,
MI HUNGRY BYO Paneer Tikka Bowl,6.00,OZ-wt,6.00,OZ-wt,1.00,1.00,lb,=,,Inactive,=,,Inactive,No,,,"Cont, Black Plastic Round 32oz with Lid",0.10,Each,100.0,,0.0233,0.0233,3.0146,3.0146,,,,,,,,
MI HUNGRY BYO Paneer Tikka Bowl,6.00,OZ-wt,6.00,OZ-wt,1.00,1.00,lb,=,,Inactive,=,,Inactive,No,,,"Pan, Third",0.10,Each,100.0,,0.0650,0.0650,3.0146,3.0146,,,,,,,,
MI HUNGRY BYO Paneer Tikka Bowl,6.00,OZ-wt,6.00,OZ-wt,1.00,1.00,lb,=,,Inactive,=,,Inactive,No,,,"Lid, Pan Third",0.10,Each,100.0,,0.0400,0.0400,3.0146,3.0146,,,,,,,,
MI HUNGRY BYO Paneer Tikka Bowl,6.00,OZ-wt,6.00,OZ-wt,1.00,1.00,lb,=,,Inactive,=,,Inactive,No,,,"Cont, Black Plastic Round 32oz with Lid",0.10,Each,100.0,,0.0233,0.0233,3.0146,3.0146,,,,,,,,
MI HUNGRY BYO Paneer Tikka Bowl,6.00,OZ-wt,6.00,OZ-wt,1.00,1.00,lb,=,,Inactive,=,,Inactive,No,,,"Lid, Pan Third",0.10,Each,100.0,,0.0400,0.0400,3.0146,3.0146,,,,,,,,
MI HUNGRY BYO Paneer Tikka Bowl,6.00,OZ-wt,6.00,OZ-wt,1.00,1.00,lb,=,,Inactive,=,,Inactive,No,,,"Pan, Third",0.10,Each,100.0,,0.0650,0.0650,3.0146,3.0146,,,,,,,,
MI HUNGRY BYO Paneer Tikka Bowl,6.00,OZ-wt,6.00,OZ-wt,1.00,1.00,lb,=,,Inactive,=,,Inactive,No,,,"Pan, Half",0.10,Each,100.0,,0.0550,0.0550,3.0146,3.0146,,,,,,,,
MI HUNGRY BYO Paneer Tikka Bowl,6.00,OZ-wt,6.00,OZ-wt,1.00,1.00,lb,=,,Inactive,=,,Inactive,No,,,"Lid, Pan Half",0.10,Each,100.0,,0.0365,0.0365,3.0146,3.0146,,,,,,,,
MI HUNGRY BYO Spiced Cauliflower + Quinoa,6.00,OZ-wt,6.00,OZ-wt,1.00,1.00,lb,=,,Inactive,=,,Inactive,No,,,"Cont, Black Plastic Round 32oz with Lid",0.10,Each,100.0,,0.0233,0.0233,2.6096,2.6096,,,,,,,,
MI HUNGRY BYO Spiced Cauliflower + Quinoa,6.00,OZ-wt,6.00,OZ-wt,1.00,1.00,lb,=,,Inactive,=,,Inactive,No,,,BATCH Roasted Lentils,0.35,OZ-wt,100.0,,0.0544,0.0544,2.6096,2.6096,,,,,,,,
MI HUNGRY BYO Spiced Cauliflower + Quinoa,6.00,OZ-wt,6.00,OZ-wt,1.00,1.00,lb,=,,Inactive,=,,Inactive,No,,,BATCH Carrot Slaw,0.65,OZ-wt,100.0,,0.0591,0.0591,2.6096,2.6096,,,,,,,,
MI HUNGRY BYO Spiced Cauliflower + Quinoa,6.00,OZ-wt,6.00,OZ-wt,1.00,1.00,lb,=,,Inactive,=,,Inactive,No,,,EVERMADE Coconut Ginger Sauce,2.00,OZ-fl,100.0,,0.3999,0.3999,2.6096,2.6096,,,,,,,,
MI HUNGRY BYO Spiced Cauliflower + Quinoa,6.00,OZ-wt,6.00,OZ-wt,1.00,1.00,lb,=,,Inactive,=,,Inactive,No,,,BATCH Cauliflower + Potato Cooked,4.50,OZ-wt,100.0,,0.9151,0.9151,2.6096,2.6096,,,,,,,,
MI HUNGRY BYO Spiced Cauliflower + Quinoa,6.00,OZ-wt,6.00,OZ-wt,1.00,1.00,lb,=,,Inactive,=,,Inactive,No,,,BATCH Masala Quinoa,7.00,OZ-wt,100.0,,0.2787,0.2787,2.6096,2.6096,,,,,,,,
MI HUNGRY BYO Spiced Cauliflower + Quinoa,6.00,OZ-wt,6.00,OZ-wt,1.00,1.00,lb,=,,Inactive,=,,Inactive,No,,,EVERMADE Tamarind Ginger Chutney,0.75,OZ-fl,100.0,,0.1641,0.1641,2.6096,2.6096,,,,,,,,
MI HUNGRY BYO Spiced Cauliflower + Quinoa,6.00,OZ-wt,6.00,OZ-wt,1.00,1.00,lb,=,,Inactive,=,,Inactive,No,,,BATCH Sautéed Spinach,2.50,OZ-wt,100.0,,0.2651,0.2651,2.6096,2.6096,,,,,,,,
MI HUNGRY BYO Spiced Cauliflower + Quinoa,6.00,OZ-wt,6.00,OZ-wt,1.00,1.00,lb,=,,Inactive,=,,Inactive,No,,,BATCH Pickled Onions,0.65,OZ-wt,100.0,,0.0552,0.0552,2.6096,2.6096,,,,,,,,
MI HUNGRY BYO Spiced Cauliflower + Quinoa,6.00,OZ-wt,6.00,OZ-wt,1.00,1.00,lb,=,,Inactive,=,,Inactive,No,,,"Cont, Black Plastic Round 32oz with Lid",0.10,Each,100.0,,0.0233,0.0233,2.6096,2.6096,,,,,,,,
MI HUNGRY BYO Spiced Cauliflower + Quinoa,6.00,OZ-wt,6.00,OZ-wt,1.00,1.00,lb,=,,Inactive,=,,Inactive,No,,,"Cont, Black Plastic Round 32oz with Lid",0.10,Each,100.0,,0.0233,0.0233,2.6096,2.6096,,,,,,,,
MI HUNGRY BYO Spiced Cauliflower + Quinoa,6.00,OZ-wt,6.00,OZ-wt,1.00,1.00,lb,=,,Inactive,=,,Inactive,No,,,"Cont, Black Plastic Round 32oz with Lid",0.10,Each,100.0,,0.0233,0.0233,2.6096,2.6096,,,,,,,,
MI HUNGRY BYO Spiced Cauliflower + Quinoa,6.00,OZ-wt,6.00,OZ-wt,1.00,1.00,lb,=,,Inactive,=,,Inactive,No,,,"Pan, Third",0.10,Each,100.0,,0.0650,0.0650,2.6096,2.6096,,,,,,,,
MI HUNGRY BYO Spiced Cauliflower + Quinoa,6.00,OZ-wt,6.00,OZ-wt,1.00,1.00,lb,=,,Inactive,=,,Inactive,No,,,"Lid, Pan Third",0.10,Each,100.0,,0.0400,0.0400,2.6096,2.6096,,,,,,,,
MI HUNGRY BYO Spiced Cauliflower + Quinoa,6.00,OZ-wt,6.00,OZ-wt,1.00,1.00,lb,=,,Inactive,=,,Inactive,No,,,"Cont, Black Plastic Round 32oz with Lid",0.10,Each,100.0,,0.0233,0.0233,2.6096,2.6096,,,,,,,,
MI HUNGRY BYO Spiced Cauliflower + Quinoa,6.00,OZ-wt,6.00,OZ-wt,1.00,1.00,lb,=,,Inactive,=,,Inactive,No,,,"Lid, Pan Third",0.10,Each,100.0,,0.0400,0.0400,2.6096,2.6096,,,,,,,,
MI HUNGRY BYO Spiced Cauliflower + Quinoa,6.00,OZ-wt,6.00,OZ-wt,1.00,1.00,lb,=,,Inactive,=,,Inactive,No,,,"Pan, Third",0.10,Each,100.0,,0.0650,0.0650,2.6096,2.6096,,,,,,,,
MI HUNGRY BYO Spiced Cauliflower + Quinoa,6.00,OZ-wt,6.00,OZ-wt,1.00,1.00,lb,=,,Inactive,=,,Inactive,No,,,"Pan, Half",0.10,Each,100.0,,0.0550,0.0550,2.6096,2.6096,,,,,,,,
MI HUNGRY BYO Spiced Cauliflower + Quinoa,6.00,OZ-wt,6.00,OZ-wt,1.00,1.00,lb,=,,Inactive,=,,Inactive,No,,,"Lid, Pan Half",0.10,Each,100.0,,0.0365,0.0365,2.6096,2.6096,,,,,,,,
MI HUNGRY BYO Spicy Chili Chicken Bowl,6.00,OZ-wt,6.00,OZ-wt,1.00,1.00,lb,=,,Inactive,=,,Inactive,No,,,BATCH Mango Salsa,0.70,OZ-wt,100.0,,0.4607,0.4607,2.3729,2.3729,,,,,,,,
MI HUNGRY BYO Spicy Chili Chicken Bowl,6.00,OZ-wt,6.00,OZ-wt,1.00,1.00,lb,=,,Inactive,=,,Inactive,No,,,BATCH Spiced Chickpeas,2.00,OZ-wt,100.0,,0.0889,0.0889,2.3729,2.3729,,,,,,,,
MI HUNGRY BYO Spicy Chili Chicken Bowl,6.00,OZ-wt,6.00,OZ-wt,1.00,1.00,lb,=,,Inactive,=,,Inactive,No,,,EVERMADE Coconut Ginger Sauce,2.00,OZ-fl,100.0,,0.3999,0.3999,2.3729,2.3729,,,,,,,,
MI HUNGRY BYO Spicy Chili Chicken Bowl,6.00,OZ-wt,6.00,OZ-wt,1.00,1.00,lb,=,,Inactive,=,,Inactive,No,,,BATCH Spicy Chili Chicken Cooked,4.50,OZ-wt,100.0,,0.7275,0.7275,2.3729,2.3729,,,,,,,,
MI HUNGRY BYO Spicy Chili Chicken Bowl,6.00,OZ-wt,6.00,OZ-wt,1.00,1.00,lb,=,,Inactive,=,,Inactive,No,,,"Cont, Black Plastic Round 32oz with Lid",0.10,Each,100.0,,0.0233,0.0233,2.3729,2.3729,,,,,,,,
MI HUNGRY BYO Spicy Chili Chicken Bowl,6.00,OZ-wt,6.00,OZ-wt,1.00,1.00,lb,=,,Inactive,=,,Inactive,No,,,"Cont, Black Plastic Round 32oz with Lid",0.10,Each,100.0,,0.0233,0.0233,2.3729,2.3729,,,,,,,,
MI HUNGRY BYO Spicy Chili Chicken Bowl,6.00,OZ-wt,6.00,OZ-wt,1.00,1.00,lb,=,,Inactive,=,,Inactive,No,,,"Cont, Black Plastic Round 32oz with Lid",0.10,Each,100.0,,0.0233,0.0233,2.3729,2.3729,,,,,,,,
MI HUNGRY BYO Spicy Chili Chicken Bowl,6.00,OZ-wt,6.00,OZ-wt,1.00,1.00,lb,=,,Inactive,=,,Inactive,No,,,"Pan, Third",0.10,Each,100.0,,0.0650,0.0650,2.3729,2.3729,,,,,,,,
MI HUNGRY BYO Spicy Chili Chicken Bowl,6.00,OZ-wt,6.00,OZ-wt,1.00,1.00,lb,=,,Inactive,=,,Inactive,No,,,"Lid, Pan Third",0.10,Each,100.0,,0.0400,0.0400,2.3729,2.3729,,,,,,,,
MI HUNGRY BYO Spicy Chili Chicken Bowl,6.00,OZ-wt,6.00,OZ-wt,1.00,1.00,lb,=,,Inactive,=,,Inactive,No,,,"Cont, Black Plastic Round 32oz with Lid",0.10,Each,100.0,,0.0233,0.0233,2.3729,2.3729,,,,,,,,
MI HUNGRY BYO Spicy Chili Chicken Bowl,6.00,OZ-wt,6.00,OZ-wt,1.00,1.00,lb,=,,Inactive,=,,Inactive,No,,,"Lid, Pan Third",0.10,Each,100.0,,0.0400,0.0400,2.3729,2.3729,,,,,,,,
MI HUNGRY BYO Spicy Chili Chicken Bowl,6.00,OZ-wt,6.00,OZ-wt,1.00,1.00,lb,=,,Inactive,=,,Inactive,No,,,"Pan, Third",0.10,Each,100.0,,0.0650,0.0650,2.3729,2.3729,,,,,,,,
MI HUNGRY BYO Spicy Chili Chicken Bowl,6.00,OZ-wt,6.00,OZ-wt,1.00,1.00,lb,=,,Inactive,=,,Inactive,No,,,"Pan, Half",0.10,Each,100.0,,0.0550,0.0550,2.3729,2.3729,,,,,,,,
MI HUNGRY BYO Spicy Chili Chicken Bowl,6.00,OZ-wt,6.00,OZ-wt,1.00,1.00,lb,=,,Inactive,=,,Inactive,No,,,"Lid, Pan Half",0.10,Each,100.0,,0.0365,0.0365,2.3729,2.3729,,,,,,,,
MI HUNGRY BYO Spicy Chili Chicken Bowl,6.00,OZ-wt,6.00,OZ-wt,1.00,1.00,lb,=,,Inactive,=,,Inactive,No,,,BATCH Basmati Rice,7.00,OZ-wt,100.0,,0.1773,0.1773,2.3729,2.3729,,,,,,,,
MI HUNGRY BYO Spicy Chili Chicken Bowl,6.00,OZ-wt,6.00,OZ-wt,1.00,1.00,lb,=,,Inactive,=,,Inactive,No,,,BATCH Kachumber Salad,0.70,OZ-wt,100.0,,0.0572,0.0572,2.3729,2.3729,,,,,,,,
MI HUNGRY BYO Spicy Chili Chicken Bowl,6.00,OZ-wt,6.00,OZ-wt,1.00,1.00,lb,=,,Inactive,=,,Inactive,No,,,BATCH Toasted Cumin Yogurt,0.75,OZ-fl,100.0,,0.0667,0.0667,2.3729,2.3729,,,,,,,,
MI HUNGRY BYO Sweet Potato Bowl,6.00,OZ-wt,6.00,OZ-wt,1.00,1.00,lb,=,,Inactive,=,,Inactive,No,,,EVERMADE Tamarind Ginger Chutney,0.75,OZ-fl,100.0,,0.1641,0.1641,1.9386,1.9386,,,,,,,,
MI HUNGRY BYO Sweet Potato Bowl,6.00,OZ-wt,6.00,OZ-wt,1.00,1.00,lb,=,,Inactive,=,,Inactive,No,,,EVERMADE Coconut Ginger Sauce,2.00,OZ-fl,100.0,,0.3999,0.3999,1.9386,1.9386,,,,,,,,
MI HUNGRY BYO Sweet Potato Bowl,6.00,OZ-wt,6.00,OZ-wt,1.00,1.00,lb,=,,Inactive,=,,Inactive,No,,,BATCH Roasted Lentils,0.35,OZ-wt,100.0,,0.0544,0.0544,1.9386,1.9386,,,,,,,,
MI HUNGRY BYO Sweet Potato Bowl,6.00,OZ-wt,6.00,OZ-wt,1.00,1.00,lb,=,,Inactive,=,,Inactive,No,,,BATCH Masala Beets,0.70,OZ-wt,100.0,,0.1354,0.1354,1.9386,1.9386,,,,,,,,
MI HUNGRY BYO Sweet Potato Bowl,6.00,OZ-wt,6.00,OZ-wt,1.00,1.00,lb,=,,Inactive,=,,Inactive,No,,,BATCH Pickled Radish,0.30,OZ-wt,100.0,,0.0111,0.0111,1.9386,1.9386,,,,,,,,
MI HUNGRY BYO Sweet Potato Bowl,6.00,OZ-wt,6.00,OZ-wt,1.00,1.00,lb,=,,Inactive,=,,Inactive,No,,,YIELD Cucumber Chopped,0.70,OZ-wt,100.0,,0.0225,0.0225,1.9386,1.9386,,,,,,,,
MI HUNGRY BYO Sweet Potato Bowl,6.00,OZ-wt,6.00,OZ-wt,1.00,1.00,lb,=,,Inactive,=,,Inactive,No,,,BATCH Eggplant Cooked,3.00,OZ-wt,100.0,,0.5812,0.5812,1.9386,1.9386,,,,,,,,
MI HUNGRY BYO Sweet Potato Bowl,6.00,OZ-wt,6.00,OZ-wt,1.00,1.00,lb,=,,Inactive,=,,Inactive,No,,,BATCH Sweet Potato Tikki,4.00,Each,100.0,,0.3559,0.3559,1.9386,1.9386,,,,,,,,
MI HUNGRY BYO Sweet Potato Bowl,6.00,OZ-wt,6.00,OZ-wt,1.00,1.00,lb,=,,Inactive,=,,Inactive,No,,,BATCH Lemon Turmeric Rice,7.00,OZ-wt,100.0,,0.2141,0.2141,1.9386,1.9386,,,,,,,,
MI HUNGRY BYO Tofu Cauliflower Bowl,6.00,OZ-wt,6.00,OZ-wt,1.00,1.00,lb,=,,Inactive,=,,Inactive,No,,,EVERMADE Peanut Sesame Sauce,2.00,OZ-fl,100.0,,0.2655,0.2655,1.8944,1.8944,,,,,,,,
MI HUNGRY BYO Tofu Cauliflower Bowl,6.00,OZ-wt,6.00,OZ-wt,1.00,1.00,lb,=,,Inactive,=,,Inactive,No,,,MOBYS Coriander Chili Chutney,0.75,OZ-fl,100.0,,0.1951,0.1951,1.8944,1.8944,,,,,,,,
MI HUNGRY BYO Tofu Cauliflower Bowl,6.00,OZ-wt,6.00,OZ-wt,1.00,1.00,lb,=,,Inactive,=,,Inactive,No,,,YIELD Cucumber Chopped,0.70,OZ-wt,100.0,,0.0225,0.0225,1.8944,1.8944,,,,,,,,
MI HUNGRY BYO Tofu Cauliflower Bowl,6.00,OZ-wt,6.00,OZ-wt,1.00,1.00,lb,=,,Inactive,=,,Inactive,No,,,BATCH Masala Beets,0.70,OZ-wt,100.0,,0.1354,0.1354,1.8944,1.8944,,,,,,,,
MI HUNGRY BYO Tofu Cauliflower Bowl,6.00,OZ-wt,6.00,OZ-wt,1.00,1.00,lb,=,,Inactive,=,,Inactive,No,,,BATCH Sautéed Spinach,2.50,OZ-wt,100.0,,0.2651,0.2651,1.8944,1.8944,,,,,,,,
MI HUNGRY BYO Tofu Cauliflower Bowl,6.00,OZ-wt,6.00,OZ-wt,1.00,1.00,lb,=,,Inactive,=,,Inactive,No,,,BATCH Lemon Turmeric Rice,7.00,OZ-wt,100.0,,0.2141,0.2141,1.8944,1.8944,,,,,,,,
MI HUNGRY BYO Tofu Cauliflower Bowl,6.00,OZ-wt,6.00,OZ-wt,1.00,1.00,lb,=,,Inactive,=,,Inactive,No,,,BATCH Tofu Cauliflower Cooked,4.50,OZ-wt,100.0,,0.7075,0.7075,1.8944,1.8944,,,,,,,,
MI HUNGRY BYO Tofu Cauliflower Bowl,6.00,OZ-wt,6.00,OZ-wt,1.00,1.00,lb,=,,Inactive,=,,Inactive,No,,,"Seed, Pumpkin",0.35,OZ-wt,100.0,,0.0892,0.0892,1.8944,1.8944,,,,,,,,
MI HUNGRY Carrot Slaw,1.00,Each,1.00,Each,1.00,,Inactive,=,,Inactive,=,1.00,Each,No,,,BATCH Carrot Slaw,40.00,OZ-wt,100.0,,3.6347,3.6347,3.6347,3.6347,,0.00,,,0.00,,0.00,
MI HUNGRY Cauliflower + Potato,1.00,Each,1.00,Each,1.00,,Inactive,=,,Inactive,=,1.00,Each,No,,,BATCH Cauliflower + Potato Cooked,72.00,OZ-wt,100.0,,14.6410,14.6410,15.5554,15.5554,,0.00,,,0.00,,0.00,
MI HUNGRY Cauliflower + Potato,1.00,Each,1.00,Each,1.00,,Inactive,=,,Inactive,=,1.00,Each,No,,,"Pan, Half",1.00,Each,100.0,,0.5495,0.5495,15.5554,15.5554,,0.00,,,0.00,,0.00,
MI HUNGRY Cauliflower + Potato,1.00,Each,1.00,Each,1.00,,Inactive,=,,Inactive,=,1.00,Each,No,,,"Lid, Pan Half",1.00,Each,100.0,,0.3649,0.3649,15.5554,15.5554,,0.00,,,0.00,,0.00,
MI HUNGRY Charred Eggplant,1.00,Each,1.00,Each,1.00,,Inactive,=,,Inactive,=,1.00,Each,No,,,BATCH Eggplant Cooked,64.00,OZ-wt,100.0,,12.3996,12.3996,12.3996,12.3996,,0.00,,,0.00,,0.00,
MI HUNGRY Chicken Tikka,1.00,Each,1.00,Each,1.00,,Inactive,=,,Inactive,=,1.00,Each,No,,,BATCH Chicken Tikka Cooked New,72.00,OZ-wt,100.0,,10.4313,10.4313,11.3457,11.3457,,0.00,,,0.00,,0.00,
MI HUNGRY Chicken Tikka,1.00,Each,1.00,Each,1.00,,Inactive,=,,Inactive,=,1.00,Each,No,,,"Pan, Half",1.00,Each,100.0,,0.5495,0.5495,11.3457,11.3457,,0.00,,,0.00,,0.00,
MI HUNGRY Chicken Tikka,1.00,Each,1.00,Each,1.00,,Inactive,=,,Inactive,=,1.00,Each,No,,,"Lid, Pan Half",1.00,Each,100.0,,0.3649,0.3649,11.3457,11.3457,,0.00,,,0.00,,0.00,
MI HUNGRY Chicken Tikka + Avocado Salad,1.00,Each,1.00,Each,1.00,,Inactive,=,,Inactive,=,1.00,Each,No,,,BATCH Roasted Lentils,0.05,OZ-wt,100.0,,0.0078,0.0078,2.9110,2.9110,,0.00,,,0.00,,0.00,
MI HUNGRY Chicken Tikka + Avocado Salad,1.00,Each,1.00,Each,1.00,,Inactive,=,,Inactive,=,1.00,Each,No,,,MI To Go Bowl Disposables - Online,1.00,Each,100.0,,0.6065,0.6065,2.9110,2.9110,,0.00,,,0.00,,0.00,
MI HUNGRY Chicken Tikka + Avocado Salad,1.00,Each,1.00,Each,1.00,,Inactive,=,,Inactive,=,1.00,Each,No,,,BATCH Toasted Cumin Yogurt,1.00,OZ-fl,100.0,,0.0890,0.0890,2.9110,2.9110,,0.00,,,0.00,,0.00,
MI HUNGRY Chicken Tikka + Avocado Salad,1.00,Each,1.00,Each,1.00,,Inactive,=,,Inactive,=,1.00,Each,No,,,BATCH Kokum Vinaigrette,1.00,OZ-fl,100.0,,0.0814,0.0814,2.9110,2.9110,,0.00,,,0.00,,0.00,
MI HUNGRY Chicken Tikka + Avocado Salad,1.00,Each,1.00,Each,1.00,,Inactive,=,,Inactive,=,1.00,Each,No,,,Avocado,0.50,Each,100.0,,0.3568,0.3568,2.9110,2.9110,,0.00,,,0.00,,0.00,
MI HUNGRY Chicken Tikka + Avocado Salad,1.00,Each,1.00,Each,1.00,,Inactive,=,,Inactive,=,1.00,Each,No,,,BATCH Carrot Slaw,0.50,OZ-wt,100.0,,0.0454,0.0454,2.9110,2.9110,,0.00,,,0.00,,0.00,
MI HUNGRY Chicken Tikka + Avocado Salad,1.00,Each,1.00,Each,1.00,,Inactive,=,,Inactive,=,1.00,Each,No,,,BATCH Kachumber Salad,0.50,OZ-wt,100.0,,0.0408,0.0408,2.9110,2.9110,,0.00,,,0.00,,0.00,
MI HUNGRY Chicken Tikka + Avocado Salad,1.00,Each,1.00,Each,1.00,,Inactive,=,,Inactive,=,1.00,Each,No,,,BATCH Harvest Vegetables Cooked,1.65,OZ-wt,100.0,,0.4591,0.4591,2.9110,2.9110,,0.00,,,0.00,,0.00,
MI HUNGRY Chicken Tikka + Avocado Salad,1.00,Each,1.00,Each,1.00,,Inactive,=,,Inactive,=,1.00,Each,No,,,BATCH Chicken Tikka Cooked New,4.00,OZ-wt,100.0,,0.5795,0.5795,2.9110,2.9110,,0.00,,,0.00,,0.00,
MI HUNGRY Chicken Tikka + Avocado Salad,1.00,Each,1.00,Each,1.00,,Inactive,=,,Inactive,=,1.00,Each,No,,,Arugula,0.75,OZ-wt,100.0,,0.1992,0.1992,2.9110,2.9110,,0.00,,,0.00,,0.00,
MI HUNGRY Chicken Tikka + Avocado Salad,1.00,Each,1.00,Each,1.00,,Inactive,=,,Inactive,=,1.00,Each,No,,,YIELD Romaine Chopped,2.85,OZ-wt,100.0,,0.4455,0.4455,2.9110,2.9110,,0.00,,,0.00,,0.00,
MI HUNGRY Chicken Tikka Noodle Bowl,1.00,Each,1.00,Each,1.00,,Inactive,=,,Inactive,=,1.00,Each,No,,,EVERMADE Tomato Garlic Sauce,4.00,OZ-fl,100.0,,0.7524,0.7524,2.9027,2.9027,,0.00,,,0.00,,0.00,
MI HUNGRY Chicken Tikka Noodle Bowl,1.00,Each,1.00,Each,1.00,,Inactive,=,,Inactive,=,1.00,Each,No,,,BATCH South Indian Rice Noodles,6.50,OZ-wt,100.0,,0.3521,0.3521,2.9027,2.9027,,0.00,,,0.00,,0.00,
MI HUNGRY Chicken Tikka Noodle Bowl,1.00,Each,1.00,Each,1.00,,Inactive,=,,Inactive,=,1.00,Each,No,,,MI To Go Bowl Disposables - Online,1.00,Each,100.0,,0.6065,0.6065,2.9027,2.9027,,0.00,,,0.00,,0.00,
MI HUNGRY Chicken Tikka Noodle Bowl,1.00,Each,1.00,Each,1.00,,Inactive,=,,Inactive,=,1.00,Each,No,,,BATCH Pickled Onions,0.50,OZ-wt,100.0,,0.0425,0.0425,2.9027,2.9027,,0.00,,,0.00,,0.00,
MI HUNGRY Chicken Tikka Noodle Bowl,1.00,Each,1.00,Each,1.00,,Inactive,=,,Inactive,=,1.00,Each,No,,,BATCH Kachumber Salad,0.50,OZ-wt,100.0,,0.0408,0.0408,2.9027,2.9027,,0.00,,,0.00,,0.00,
MI HUNGRY Chicken Tikka Noodle Bowl,1.00,Each,1.00,Each,1.00,,Inactive,=,,Inactive,=,1.00,Each,No,,,BATCH Sautéed Spinach,2.40,OZ-wt,100.0,,0.2545,0.2545,2.9027,2.9027,,0.00,,,0.00,,0.00,
MI HUNGRY Chicken Tikka Noodle Bowl,1.00,Each,1.00,Each,1.00,,Inactive,=,,Inactive,=,1.00,Each,No,,,BATCH Chicken Tikka Cooked New,4.00,OZ-wt,100.0,,0.5795,0.5795,2.9027,2.9027,,0.00,,,0.00,,0.00,
MI HUNGRY Chicken Tikka Noodle Bowl,1.00,Each,1.00,Each,1.00,,Inactive,=,,Inactive,=,1.00,Each,No,,,BATCH Mint Cilantro Chutney,1.00,OZ-fl,100.0,,0.1854,0.1854,2.9027,2.9027,,0.00,,,0.00,,0.00,
MI HUNGRY Chicken Tikka Noodle Bowl,1.00,Each,1.00,Each,1.00,,Inactive,=,,Inactive,=,1.00,Each,No,,,BATCH Toasted Cumin Yogurt,1.00,OZ-fl,100.0,,0.0890,0.0890,2.9027,2.9027,,0.00,,,0.00,,0.00,
MI HUNGRY Chicken Tikka Rice Bowl,1.00,Each,1.00,Each,1.00,,Inactive,=,,Inactive,=,1.00,Each,No,,,EVERMADE Tomato Garlic Sauce,4.00,OZ-fl,100.0,,0.7524,0.7524,2.7355,2.7355,,0.00,,,0.00,,0.00,
MI HUNGRY Chicken Tikka Rice Bowl,1.00,Each,1.00,Each,1.00,,Inactive,=,,Inactive,=,1.00,Each,No,,,MI To Go Bowl Disposables - Online,1.00,Each,100.0,,0.6065,0.6065,2.7355,2.7355,,0.00,,,0.00,,0.00,
MI HUNGRY Chicken Tikka Rice Bowl,1.00,Each,1.00,Each,1.00,,Inactive,=,,Inactive,=,1.00,Each,No,,,BATCH Pickled Onions,0.50,OZ-wt,100.0,,0.0425,0.0425,2.7355,2.7355,,0.00,,,0.00,,0.00,
MI HUNGRY Chicken Tikka Rice Bowl,1.00,Each,1.00,Each,1.00,,Inactive,=,,Inactive,=,1.00,Each,No,,,BATCH Kachumber Salad,0.50,OZ-wt,100.0,,0.0408,0.0408,2.7355,2.7355,,0.00,,,0.00,,0.00,
MI HUNGRY Chicken Tikka Rice Bowl,1.00,Each,1.00,Each,1.00,,Inactive,=,,Inactive,=,1.00,Each,No,,,BATCH Sautéed Spinach,2.40,OZ-wt,100.0,,0.2545,0.2545,2.7355,2.7355,,0.00,,,0.00,,0.00,
MI HUNGRY Chicken Tikka Rice Bowl,1.00,Each,1.00,Each,1.00,,Inactive,=,,Inactive,=,1.00,Each,No,,,BATCH Chicken Tikka Cooked New,4.00,OZ-wt,100.0,,0.5795,0.5795,2.7355,2.7355,,0.00,,,0.00,,0.00,
MI HUNGRY Chicken Tikka Rice Bowl,1.00,Each,1.00,Each,1.00,,Inactive,=,,Inactive,=,1.00,Each,No,,,BATCH Basmati Rice,7.30,OZ-wt,100.0,,0.1849,0.1849,2.7355,2.7355,,0.00,,,0.00,,0.00,
MI HUNGRY Chicken Tikka Rice Bowl,1.00,Each,1.00,Each,1.00,,Inactive,=,,Inactive,=,1.00,Each,No,,,BATCH Mint Cilantro Chutney,1.00,OZ-fl,100.0,,0.1854,0.1854,2.7355,2.7355,,0.00,,,0.00,,0.00,
MI HUNGRY Chicken Tikka Rice Bowl,1.00,Each,1.00,Each,1.00,,Inactive,=,,Inactive,=,1.00,Each,No,,,BATCH Toasted Cumin Yogurt,1.00,OZ-fl,100.0,,0.0890,0.0890,2.7355,2.7355,,0.00,,,0.00,,0.00,
MI HUNGRY Coconut Ginger Sauce,1.00,Each,1.00,Each,1.00,,Inactive,=,,Inactive,=,1.00,Each,No,,,EVERMADE Coconut Ginger Sauce,32.00,OZ-fl,100.0,,6.3987,6.3987,6.7417,6.7417,,0.00,,,0.00,,0.00,
MI HUNGRY Coconut Ginger Sauce,1.00,Each,1.00,Each,1.00,,Inactive,=,,Inactive,=,1.00,Each,No,,,"Cont, Deli 32oz with Lid",1.00,Each,100.0,,0.3430,0.3430,6.7417,6.7417,,0.00,,,0.00,,0.00,
MI HUNGRY Coriander Chili,1.00,Each,1.00,Each,1.00,,Inactive,=,,Inactive,=,1.00,Each,No,,,"Cont, Deli 32oz with Lid",1.00,Each,100.0,,0.3430,0.3430,8.6667,8.6667,,0.00,,,0.00,,0.00,
MI HUNGRY Coriander Chili,1.00,Each,1.00,Each,1.00,,Inactive,=,,Inactive,=,1.00,Each,No,,,MOBYS Coriander Chili Chutney,32.00,OZ-fl,100.0,,8.3237,8.3237,8.6667,8.6667,,0.00,,,0.00,,0.00,
MI HUNGRY Cucumber Cubes,1.00,Each,1.00,Each,1.00,,Inactive,=,,Inactive,=,1.00,Each,No,,,YIELD Cucumber Chopped,40.00,OZ-wt,100.0,,1.2871,1.2871,1.2871,1.2871,,0.00,,,0.00,,0.00,
MI HUNGRY Garlic Naan,1.00,Each,1.00,Each,1.00,,Inactive,=,,Inactive,=,1.00,Each,No,,,NEST Roasted Garlic Butter,0.75,OZ-fl,100.0,,0.1368,0.1368,1.0681,1.0681,,0.00,0 D 0 H 0 M,,0.00,,0.00,
MI HUNGRY Garlic Naan,1.00,Each,1.00,Each,1.00,,Inactive,=,,Inactive,=,1.00,Each,No,,,Naan - Stonefire,1.00,CT,100.0,,0.9313,0.9313,1.0681,1.0681,,0.00,0 D 0 H 0 M,,0.00,,0.00,
MI HUNGRY Ginger Shrimp Bowl,1.00,Each,1.00,Each,1.00,,Inactive,=,,Inactive,=,1.00,Each,No,,,EVERMADE Tamarind Chili Sauce,4.00,OZ-fl,100.0,,0.6996,0.6996,5.2397,5.2397,,0.00,,,0.00,,0.00,
MI HUNGRY Ginger Shrimp Bowl,1.00,Each,1.00,Each,1.00,,Inactive,=,,Inactive,=,1.00,Each,No,,,EVERMADE Tamarind Ginger Chutney,0.80,OZ-wt,100.0,,0.1429,0.1429,5.2397,5.2397,,0.00,,,0.00,,0.00,
MI HUNGRY Ginger Shrimp Bowl,1.00,Each,1.00,Each,1.00,,Inactive,=,,Inactive,=,1.00,Each,No,,,BATCH Spiced Chickpeas,3.10,OZ-wt,100.0,,0.1377,0.1377,5.2397,5.2397,,0.00,,,0.00,,0.00,
MI HUNGRY Ginger Shrimp Bowl,1.00,Each,1.00,Each,1.00,,Inactive,=,,Inactive,=,1.00,Each,No,,,MI To Go Bowl Disposables - In House,1.00,Each,100.0,,0.4878,0.4878,5.2397,5.2397,,0.00,,,0.00,,0.00,
MI HUNGRY Ginger Shrimp Bowl,1.00,Each,1.00,Each,1.00,,Inactive,=,,Inactive,=,1.00,Each,No,,,BATCH Shrimp Cooked,6.00,Each,100.0,,2.8610,2.8610,5.2397,5.2397,,0.00,,,0.00,,0.00,
MI HUNGRY Ginger Shrimp Bowl,1.00,Each,1.00,Each,1.00,,Inactive,=,,Inactive,=,1.00,Each,No,,,BATCH Mango Salsa,0.50,OZ-wt,100.0,,0.3291,0.3291,5.2397,5.2397,,0.00,,,0.00,,0.00,
MI HUNGRY Ginger Shrimp Bowl,1.00,Each,1.00,Each,1.00,,Inactive,=,,Inactive,=,1.00,Each,No,,,BATCH South Indian Rice Noodles,6.50,OZ-wt,100.0,,0.3521,0.3521,5.2397,5.2397,,0.00,,,0.00,,0.00,
MI HUNGRY Ginger Shrimp Bowl,1.00,Each,1.00,Each,1.00,,Inactive,=,,Inactive,=,1.00,Each,No,,,MOBYS Mango Coconut Yogurt,1.00,OZ-fl,100.0,,0.2295,0.2295,5.2397,5.2397,,0.00,,,0.00,,0.00,
MI HUNGRY Ginger Tamarind,1.00,Each,1.00,Each,1.00,,Inactive,=,,Inactive,=,1.00,Each,No,,,"Cont, Deli 32oz with Lid",1.00,Each,100.0,,0.3430,0.3430,7.3459,7.3459,,0.00,,,0.00,,0.00,
MI HUNGRY Ginger Tamarind,1.00,Each,1.00,Each,1.00,,Inactive,=,,Inactive,=,1.00,Each,No,,,EVERMADE Tamarind Ginger Chutney,32.00,OZ-fl,100.0,,7.0029,7.0029,7.3459,7.3459,,0.00,,,0.00,,0.00,
MI HUNGRY Harvest Veggies,1.00,Each,1.00,Each,1.00,,Inactive,=,,Inactive,=,1.00,Each,No,,,BATCH Harvest Vegetables Cooked,72.00,OZ-wt,100.0,,20.0327,20.0327,20.0327,20.0327,,0.00,,,0.00,,0.00,
MI HUNGRY House Vinaigrette,1.00,Each,1.00,Each,1.00,,Inactive,=,,Inactive,=,1.00,Each,No,,,"Cont, Deli 32oz with Lid",1.00,Each,100.0,,0.3430,0.3430,3.4108,3.4108,,0.00,,,0.00,,0.00,
MI HUNGRY House Vinaigrette,1.00,Each,1.00,Each,1.00,,Inactive,=,,Inactive,=,1.00,Each,No,,,BATCH House Vinaigrette,32.00,OZ-fl,100.0,,3.0678,3.0678,3.4108,3.4108,,0.00,,,0.00,,0.00,
MI HUNGRY Indian Street Corn,1.00,Each,1.00,Each,1.00,,Inactive,=,,Inactive,=,1.00,Each,No,,,BATCH Indian Street Corn,40.00,OZ-wt,100.0,,0.9397,0.9397,0.9397,0.9397,,0.00,,,0.00,,0.00,
MI HUNGRY Indian Yogurt,1.00,Each,1.00,Each,1.00,,Inactive,=,,Inactive,=,1.00,Each,No,,,"Cont, Black Plastic Round 32oz with Lid",1.00,Each,100.0,,0.2330,0.2330,5.7052,5.7052,,,,,,,,
MI HUNGRY Indian Yogurt,1.00,Each,1.00,Each,1.00,,Inactive,=,,Inactive,=,1.00,Each,No,,,BATCH Indian Yogurt,32.00,OZ-fl,100.0,,5.4722,5.4722,5.7052,5.7052,,,,,,,,
MI HUNGRY Kachumber Salad,1.00,Each,1.00,Each,1.00,,Inactive,=,,Inactive,=,1.00,Each,No,,,BATCH Kachumber Salad,40.00,OZ-wt,100.0,,3.2663,3.2663,3.2663,3.2663,,0.00,,,0.00,,0.00,
MI HUNGRY Kokum Vinaigrette,1.00,Each,1.00,Each,1.00,,Inactive,=,,Inactive,=,1.00,Each,No,,,"Cont, Deli 32oz with Lid",1.00,Each,100.0,,0.3430,0.3430,2.9463,2.9463,,0.00,,,0.00,,0.00,
MI HUNGRY Kokum Vinaigrette,1.00,Each,1.00,Each,1.00,,Inactive,=,,Inactive,=,1.00,Each,No,,,BATCH Kokum Vinaigrette,32.00,OZ-fl,100.0,,2.6033,2.6033,2.9463,2.9463,,0.00,,,0.00,,0.00,
MI HUNGRY Lamb Kebab Bowl,1.00,Each,1.00,Each,1.00,,Inactive,=,,Inactive,=,1.00,Each,No,,,BATCH Lamb Kebab Meatballs Cooked,4.00,CT,100.0,,2.2442,2.2442,3.9398,3.9398,,0.00,,,0.00,,0.00,
MI HUNGRY Lamb Kebab Bowl,1.00,Each,1.00,Each,1.00,,Inactive,=,,Inactive,=,1.00,Each,No,,,BATCH Spiced Chickpeas,3.10,OZ-wt,100.0,,0.1377,0.1377,3.9398,3.9398,,0.00,,,0.00,,0.00,
MI HUNGRY Lamb Kebab Bowl,1.00,Each,1.00,Each,1.00,,Inactive,=,,Inactive,=,1.00,Each,No,,,EVERMADE Peanut Sesame Sauce,4.00,OZ-fl,100.0,,0.5310,0.5310,3.9398,3.9398,,0.00,,,0.00,,0.00,
MI HUNGRY Lamb Kebab Bowl,1.00,Each,1.00,Each,1.00,,Inactive,=,,Inactive,=,1.00,Each,No,,,MI To Go Bowl Disposables - Online,1.00,Each,100.0,,0.6065,0.6065,3.9398,3.9398,,0.00,,,0.00,,0.00,
MI HUNGRY Lamb Kebab Bowl,1.00,Each,1.00,Each,1.00,,Inactive,=,,Inactive,=,1.00,Each,No,,,BATCH Pickled Onions,0.40,OZ-wt,100.0,,0.0340,0.0340,3.9398,3.9398,,0.00,,,0.00,,0.00,
MI HUNGRY Lamb Kebab Bowl,1.00,Each,1.00,Each,1.00,,Inactive,=,,Inactive,=,1.00,Each,No,,,YIELD Cucumber Chopped,0.50,OZ-wt,100.0,,0.0161,0.0161,3.9398,3.9398,,0.00,,,0.00,,0.00,
MI HUNGRY Lamb Kebab Bowl,1.00,Each,1.00,Each,1.00,,Inactive,=,,Inactive,=,1.00,Each,No,,,BATCH Basmati Rice,7.30,OZ-wt,100.0,,0.1849,0.1849,3.9398,3.9398,,0.00,,,0.00,,0.00,
MI HUNGRY Lamb Kebab Bowl,1.00,Each,1.00,Each,1.00,,Inactive,=,,Inactive,=,1.00,Each,No,,,BATCH Mint Cilantro Chutney,1.00,OZ-fl,100.0,,0.1854,0.1854,3.9398,3.9398,,0.00,,,0.00,,0.00,
MI HUNGRY Lamb Kebab Meatballs,1.00,Each,1.00,Each,1.00,,Inactive,=,,Inactive,=,1.00,Each,No,,,BATCH Lamb Kebab Meatballs Cooked,48.00,Each,100.0,,26.9304,26.9304,26.9304,26.9304,,0.00,,,0.00,,0.00,
MI HUNGRY Lemon Turmeric Rice,1.00,Each,1.00,Each,1.00,,Inactive,=,,Inactive,=,1.00,Each,No,,,BATCH Lemon Turmeric Rice,64.00,OZ-wt,100.0,,1.9579,1.9579,1.9579,1.9579,,0.00,,,0.00,,0.00,
MI HUNGRY Masala Beets,1.00,Each,1.00,Each,1.00,,Inactive,=,,Inactive,=,1.00,Each,No,,,BATCH Masala Beets,40.00,OZ-wt,100.0,,7.7362,7.7362,7.7362,7.7362,,0.00,,,0.00,,0.00,
MI HUNGRY Mint Cilantro Chutney,1.00,Each,1.00,Each,1.00,,Inactive,=,,Inactive,=,1.00,Each,No,,,BATCH Mint Cilantro Chutney,32.00,OZ-fl,100.0,,5.9322,5.9322,5.9322,5.9322,,0.00,,,0.00,,0.00,
MI HUNGRY Peanut Sesame,1.00,Each,1.00,Each,1.00,,Inactive,=,,Inactive,=,1.00,Each,No,,,EVERMADE Peanut Sesame Sauce,32.00,OZ-fl,100.0,,4.2477,4.2477,4.5907,4.5907,,0.00,,,0.00,,0.00,
MI HUNGRY Peanut Sesame,1.00,Each,1.00,Each,1.00,,Inactive,=,,Inactive,=,1.00,Each,No,,,"Cont, Deli 32oz with Lid",1.00,Each,100.0,,0.3430,0.3430,4.5907,4.5907,,0.00,,,0.00,,0.00,
MI HUNGRY Pickled Onions,1.00,Each,1.00,Each,1.00,,Inactive,=,,Inactive,=,1.00,Each,No,,,BATCH Pickled Onions,40.00,OZ-wt,100.0,,3.3964,3.3964,3.3964,3.3964,,0.00,,,0.00,,0.00,
MI HUNGRY Pickled Radishes,1.00,Each,1.00,Each,1.00,,Inactive,=,,Inactive,=,1.00,Each,No,,,BATCH Pickled Radish,40.00,OZ-wt,100.0,,1.4758,1.4758,1.4758,1.4758,,0.00,,,0.00,,0.00,
MI HUNGRY Roasted Lentils,1.00,Each,1.00,Each,1.00,,Inactive,=,,Inactive,=,1.00,Each,No,,,BATCH Roasted Lentils,5.00,OZ-wt,100.0,,0.7768,0.7768,0.7768,0.7768,,0.00,,,0.00,,0.00,
MI HUNGRY Sautéed Spinach,1.00,Each,1.00,Each,1.00,,Inactive,=,,Inactive,=,1.00,Each,No,,,BATCH Sautéed Spinach,64.00,OZ-wt,100.0,,6.7864,6.7864,7.7008,7.7008,,0.00,,,0.00,,0.00,
MI HUNGRY Sautéed Spinach,1.00,Each,1.00,Each,1.00,,Inactive,=,,Inactive,=,1.00,Each,No,,,"Pan, Half",1.00,Each,100.0,,0.5495,0.5495,7.7008,7.7008,,0.00,,,0.00,,0.00,
MI HUNGRY Sautéed Spinach,1.00,Each,1.00,Each,1.00,,Inactive,=,,Inactive,=,1.00,Each,No,,,"Lid, Pan Half",1.00,Each,100.0,,0.3649,0.3649,7.7008,7.7008,,0.00,,,0.00,,0.00,
MI HUNGRY Sexygreens,1.00,Each,1.00,Each,1.00,,Inactive,=,,Inactive,=,1.00,Each,No,,,"Lettuce, Arcadian",61.00,OZ-wt,100.0,,12.0729,12.0729,12.0729,12.0729,,0.00,,,0.00,,0.00,
MI HUNGRY South Indian Rice Noodles,1.00,Each,1.00,Each,1.00,,Inactive,=,,Inactive,=,1.00,Each,No,,,"Lid, Pan Half",1.00,Each,100.0,,0.3649,0.3649,4.3815,4.3815,,0.00,,,0.00,,0.00,
MI HUNGRY South Indian Rice Noodles,1.00,Each,1.00,Each,1.00,,Inactive,=,,Inactive,=,1.00,Each,No,,,"Pan, Half",1.00,Each,100.0,,0.5495,0.5495,4.3815,4.3815,,0.00,,,0.00,,0.00,
MI HUNGRY South Indian Rice Noodles,1.00,Each,1.00,Each,1.00,,Inactive,=,,Inactive,=,1.00,Each,No,,,BATCH South Indian Rice Noodles,64.00,OZ-wt,100.0,,3.4671,3.4671,4.3815,4.3815,,0.00,,,0.00,,0.00,
MI HUNGRY Spiced Chickpeas,1.00,Each,1.00,Each,1.00,,Inactive,=,,Inactive,=,1.00,Each,No,,,BATCH Spiced Chickpeas,64.00,OZ-wt,100.0,,2.8435,2.8435,2.8435,2.8435,,0.00,,,0.00,,0.00,
MI HUNGRY Spicy Chili Chicken,1.00,Each,1.00,Each,1.00,,Inactive,=,,Inactive,=,1.00,Each,No,,,BATCH Spicy Chili Chicken Cooked,72.00,OZ-wt,100.0,,11.6407,11.6407,12.5551,12.5551,,0.00,,,0.00,,0.00,
MI HUNGRY Spicy Chili Chicken,1.00,Each,1.00,Each,1.00,,Inactive,=,,Inactive,=,1.00,Each,No,,,"Pan, Half",1.00,Each,100.0,,0.5495,0.5495,12.5551,12.5551,,0.00,,,0.00,,0.00,
MI HUNGRY Spicy Chili Chicken,1.00,Each,1.00,Each,1.00,,Inactive,=,,Inactive,=,1.00,Each,No,,,"Lid, Pan Half",1.00,Each,100.0,,0.3649,0.3649,12.5551,12.5551,,0.00,,,0.00,,0.00,
MI HUNGRY Spicy Chili Chicken Bowl,1.00,Each,1.00,Each,1.00,,Inactive,=,,Inactive,=,1.00,Each,No,,,EVERMADE Coconut Ginger Sauce,4.00,OZ-fl,100.0,,0.7998,0.7998,2.9153,2.9153,,0.00,,,0.00,,0.00,
MI HUNGRY Spicy Chili Chicken Bowl,1.00,Each,1.00,Each,1.00,,Inactive,=,,Inactive,=,1.00,Each,No,,,MI To Go Bowl Disposables - Online,1.00,Each,100.0,,0.6065,0.6065,2.9153,2.9153,,0.00,,,0.00,,0.00,
MI HUNGRY Spicy Chili Chicken Bowl,1.00,Each,1.00,Each,1.00,,Inactive,=,,Inactive,=,1.00,Each,No,,,BATCH Kachumber Salad,0.50,OZ-wt,100.0,,0.0408,0.0408,2.9153,2.9153,,0.00,,,0.00,,0.00,
MI HUNGRY Spicy Chili Chicken Bowl,1.00,Each,1.00,Each,1.00,,Inactive,=,,Inactive,=,1.00,Each,No,,,BATCH Mango Salsa,0.50,OZ-wt,100.0,,0.3291,0.3291,2.9153,2.9153,,0.00,,,0.00,,0.00,
MI HUNGRY Spicy Chili Chicken Bowl,1.00,Each,1.00,Each,1.00,,Inactive,=,,Inactive,=,1.00,Each,No,,,BATCH Spiced Chickpeas,3.10,OZ-wt,100.0,,0.1377,0.1377,2.9153,2.9153,,0.00,,,0.00,,0.00,
MI HUNGRY Spicy Chili Chicken Bowl,1.00,Each,1.00,Each,1.00,,Inactive,=,,Inactive,=,1.00,Each,No,,,BATCH Spicy Chili Chicken Cooked,4.50,OZ-wt,100.0,,0.7275,0.7275,2.9153,2.9153,,0.00,,,0.00,,0.00,
MI HUNGRY Spicy Chili Chicken Bowl,1.00,Each,1.00,Each,1.00,,Inactive,=,,Inactive,=,1.00,Each,No,,,BATCH Basmati Rice,7.30,OZ-wt,100.0,,0.1849,0.1849,2.9153,2.9153,,0.00,,,0.00,,0.00,
MI HUNGRY Spicy Chili Chicken Bowl,1.00,Each,1.00,Each,1.00,,Inactive,=,,Inactive,=,1.00,Each,No,,,BATCH Toasted Cumin Yogurt,1.00,OZ-fl,100.0,,0.0890,0.0890,2.9153,2.9153,,0.00,,,0.00,,0.00,
MI HUNGRY Sweet Potato Bowl,1.00,Each,1.00,Each,1.00,,Inactive,=,,Inactive,=,1.00,Each,No,,,EVERMADE Tamarind Ginger Chutney,0.80,OZ-wt,100.0,,0.1429,0.1429,2.5580,2.5580,,0.00,,,0.00,,0.00,
MI HUNGRY Sweet Potato Bowl,1.00,Each,1.00,Each,1.00,,Inactive,=,,Inactive,=,1.00,Each,No,,,EVERMADE Coconut Ginger Sauce,4.00,OZ-fl,100.0,,0.7998,0.7998,2.5580,2.5580,,0.00,,,0.00,,0.00,
MI HUNGRY Sweet Potato Bowl,1.00,Each,1.00,Each,1.00,,Inactive,=,,Inactive,=,1.00,Each,No,,,MI To Go Bowl Disposables - Online,1.00,Each,100.0,,0.6065,0.6065,2.5580,2.5580,,0.00,,,0.00,,0.00,
MI HUNGRY Sweet Potato Bowl,1.00,Each,1.00,Each,1.00,,Inactive,=,,Inactive,=,1.00,Each,No,,,BATCH Roasted Lentils,0.05,OZ-wt,100.0,,0.0078,0.0078,2.5580,2.5580,,0.00,,,0.00,,0.00,
MI HUNGRY Sweet Potato Bowl,1.00,Each,1.00,Each,1.00,,Inactive,=,,Inactive,=,1.00,Each,No,,,BATCH Pickled Radish,0.50,OZ-wt,100.0,,0.0184,0.0184,2.5580,2.5580,,0.00,,,0.00,,0.00,
MI HUNGRY Sweet Potato Bowl,1.00,Each,1.00,Each,1.00,,Inactive,=,,Inactive,=,1.00,Each,No,,,BATCH Masala Beets,0.50,OZ-wt,100.0,,0.0967,0.0967,2.5580,2.5580,,0.00,,,0.00,,0.00,
MI HUNGRY Sweet Potato Bowl,1.00,Each,1.00,Each,1.00,,Inactive,=,,Inactive,=,1.00,Each,No,,,YIELD Cucumber Chopped,0.50,OZ-wt,100.0,,0.0161,0.0161,2.5580,2.5580,,0.00,,,0.00,,0.00,
MI HUNGRY Sweet Potato Bowl,1.00,Each,1.00,Each,1.00,,Inactive,=,,Inactive,=,1.00,Each,No,,,BATCH Eggplant Cooked,1.50,OZ-wt,100.0,,0.2906,0.2906,2.5580,2.5580,,0.00,,,0.00,,0.00,
MI HUNGRY Sweet Potato Bowl,1.00,Each,1.00,Each,1.00,,Inactive,=,,Inactive,=,1.00,Each,No,,,BATCH Sweet Potato Tikki,3.20,OZ-wt,100.0,,0.3559,0.3559,2.5580,2.5580,,0.00,,,0.00,,0.00,
MI HUNGRY Sweet Potato Bowl,1.00,Each,1.00,Each,1.00,,Inactive,=,,Inactive,=,1.00,Each,No,,,BATCH Lemon Turmeric Rice,7.30,OZ-wt,100.0,,0.2233,0.2233,2.5580,2.5580,,0.00,,,0.00,,0.00,
MI HUNGRY Sweet Potato Tikki,1.00,Each,1.00,Each,1.00,,Inactive,=,,Inactive,=,1.00,Each,No,,,"Pan, Half",1.00,Each,100.0,,0.5495,0.5495,5.1850,5.1850,,0.00,,,0.00,,0.00,
MI HUNGRY Sweet Potato Tikki,1.00,Each,1.00,Each,1.00,,Inactive,=,,Inactive,=,1.00,Each,No,,,"Lid, Pan Half",1.00,Each,100.0,,0.3649,0.3649,5.1850,5.1850,,0.00,,,0.00,,0.00,
MI HUNGRY Sweet Potato Tikki,1.00,Each,1.00,Each,1.00,,Inactive,=,,Inactive,=,1.00,Each,No,,,BATCH Sweet Potato Tikki,48.00,Each,100.0,,4.2706,4.2706,5.1850,5.1850,,0.00,,,0.00,,0.00,
MI HUNGRY Tamarind Chili Sauce,1.00,Each,1.00,Each,1.00,,Inactive,=,,Inactive,=,1.00,Each,No,,,"Cont, Deli 32oz with Lid",1.00,Each,100.0,,0.3430,0.3430,5.9402,5.9402,,0.00,,,0.00,,0.00,
MI HUNGRY Tamarind Chili Sauce,1.00,Each,1.00,Each,1.00,,Inactive,=,,Inactive,=,1.00,Each,No,,,EVERMADE Tamarind Chili Sauce,32.00,OZ-fl,100.0,,5.5972,5.5972,5.9402,5.9402,,0.00,,,0.00,,0.00,
MI HUNGRY Tandoori Paneer,1.00,Each,1.00,Each,1.00,,Inactive,=,,Inactive,=,1.00,Each,No,,,BATCH Tandoori Paneer Cooked,60.00,Each,100.0,,15.2707,15.2707,15.2707,15.2707,,0.00,,,0.00,,0.00,
MI HUNGRY Tandoori Paneer Bowl,1.00,Each,1.00,Each,1.00,,Inactive,=,,Inactive,=,1.00,Each,No,,,EVERMADE Tamarind Ginger Chutney,0.80,OZ-wt,100.0,,0.1429,0.1429,3.5005,3.5005,,0.00,,,0.00,,0.00,
MI HUNGRY Tandoori Paneer Bowl,1.00,Each,1.00,Each,1.00,,Inactive,=,,Inactive,=,1.00,Each,No,,,EVERMADE Tomato Garlic Sauce,4.00,OZ-fl,100.0,,0.7524,0.7524,3.5005,3.5005,,0.00,,,0.00,,0.00,
MI HUNGRY Tandoori Paneer Bowl,1.00,Each,1.00,Each,1.00,,Inactive,=,,Inactive,=,1.00,Each,No,,,MI To Go Bowl Disposables - Online,1.00,Each,100.0,,0.6065,0.6065,3.5005,3.5005,,0.00,,,0.00,,0.00,
MI HUNGRY Tandoori Paneer Bowl,1.00,Each,1.00,Each,1.00,,Inactive,=,,Inactive,=,1.00,Each,No,,,BATCH Tandoori Paneer Cooked,5.00,Each,100.0,,1.2726,1.2726,3.5005,3.5005,,0.00,,,0.00,,0.00,
MI HUNGRY Tandoori Paneer Bowl,1.00,Each,1.00,Each,1.00,,Inactive,=,,Inactive,=,1.00,Each,No,,,YIELD Cilantro Chopped,0.10,OZ-wt,100.0,,0.0377,0.0377,3.5005,3.5005,,0.00,,,0.00,,0.00,
MI HUNGRY Tandoori Paneer Bowl,1.00,Each,1.00,Each,1.00,,Inactive,=,,Inactive,=,1.00,Each,No,,,YIELD Cucumber Chopped,0.50,OZ-wt,100.0,,0.0161,0.0161,3.5005,3.5005,,0.00,,,0.00,,0.00,
MI HUNGRY Tandoori Paneer Bowl,1.00,Each,1.00,Each,1.00,,Inactive,=,,Inactive,=,1.00,Each,No,,,BATCH Sautéed Spinach,2.40,OZ-wt,100.0,,0.2545,0.2545,3.5005,3.5005,,0.00,,,0.00,,0.00,
MI HUNGRY Tandoori Paneer Bowl,1.00,Each,1.00,Each,1.00,,Inactive,=,,Inactive,=,1.00,Each,No,,,BATCH Lemon Turmeric Rice,7.30,OZ-wt,100.0,,0.2233,0.2233,3.5005,3.5005,,0.00,,,0.00,,0.00,
MI HUNGRY Tandoori Paneer Bowl,1.00,Each,1.00,Each,1.00,,Inactive,=,,Inactive,=,1.00,Each,No,,,BATCH Mint Cilantro Chutney,1.00,OZ-fl,100.0,,0.1854,0.1854,3.5005,3.5005,,0.00,,,0.00,,0.00,
MI HUNGRY Tandoori Paneer Bowl,1.00,Each,1.00,Each,1.00,,Inactive,=,,Inactive,=,1.00,Each,No,,,Thin Sev,0.05,OZ-wt,100.0,,0.0091,0.0091,3.5005,3.5005,,0.00,,,0.00,,0.00,
MI HUNGRY Test 1,1.00,Each,1.00,Each,1.00,,Inactive,=,,Inactive,=,1.00,Each,No,,,EVERMADE Tomato Garlic Sauce,4.00,OZ-fl,100.0,,0.7524,0.7524,1.6476,1.6476,,,,,,,,
MI HUNGRY Test 1,1.00,Each,1.00,Each,1.00,,Inactive,=,,Inactive,=,1.00,Each,No,,,BATCH Basmati Rice,7.30,OZ-wt,100.0,,0.1849,0.1849,1.6476,1.6476,,,,,,,,
MI HUNGRY Test 1,1.00,Each,1.00,Each,1.00,,Inactive,=,,Inactive,=,1.00,Each,No,,,BATCH Chicken Tikka Cooked New,4.00,OZ-fl,100.0,,0.4288,0.4288,1.6476,1.6476,,,,,,,,
MI HUNGRY Test 1,1.00,Each,1.00,Each,1.00,,Inactive,=,,Inactive,=,1.00,Each,No,,,BATCH Sautéed Spinach,2.00,OZ-fl,100.0,,0.2253,0.2253,1.6476,1.6476,,,,,,,,
MI HUNGRY Test 1,1.00,Each,1.00,Each,1.00,,Inactive,=,,Inactive,=,1.00,Each,No,,,BATCH Indian Street Corn,0.50,OZ-wt,100.0,,0.0117,0.0117,1.6476,1.6476,,,,,,,,
MI HUNGRY Test 1,1.00,Each,1.00,Each,1.00,,Inactive,=,,Inactive,=,1.00,Each,No,,,BATCH Toasted Cumin Yogurt,0.50,OZ-fl,100.0,,0.0445,0.0445,1.6476,1.6476,,,,,,,,
MI HUNGRY Test 2,1.00,Each,1.00,Each,1.00,,Inactive,=,,Inactive,=,1.00,Each,No,,,EVERMADE Tamarind Ginger Chutney,0.50,OZ-fl,100.0,,0.1094,0.1094,1.9667,1.9667,,,,,,,,
MI HUNGRY Test 2,1.00,Each,1.00,Each,1.00,,Inactive,=,,Inactive,=,1.00,Each,No,,,EVERMADE Coconut Ginger Sauce,4.00,OZ-fl,100.0,,0.7998,0.7998,1.9667,1.9667,,,,,,,,
MI HUNGRY Test 2,1.00,Each,1.00,Each,1.00,,Inactive,=,,Inactive,=,1.00,Each,No,,,YIELD Cucumber Chopped,0.50,OZ-fl,100.0,,0.0133,0.0133,1.9667,1.9667,,,,,,,,
MI HUNGRY Test 2,1.00,Each,1.00,Each,1.00,,Inactive,=,,Inactive,=,1.00,Each,No,,,BATCH Lemon Turmeric Rice,7.30,OZ-wt,100.0,,0.2233,0.2233,1.9667,1.9667,,,,,,,,
MI HUNGRY Test 2,1.00,Each,1.00,Each,1.00,,Inactive,=,,Inactive,=,1.00,Each,No,,,BATCH Eggplant Cooked,2.00,OZ-fl,100.0,,0.4650,0.4650,1.9667,1.9667,,,,,,,,
MI HUNGRY Test 2,1.00,Each,1.00,Each,1.00,,Inactive,=,,Inactive,=,1.00,Each,No,,,BATCH Sweet Potato Tikki,3.20,OZ-wt,100.0,,0.3559,0.3559,1.9667,1.9667,,,,,,,,
MI HUNGRY Test 3,1.00,Each,1.00,Each,1.00,,Inactive,=,,Inactive,=,1.00,Each,No,,,BATCH Lamb Kebab Meatballs Cooked,4.00,Each,100.0,,2.2442,2.2442,6.4549,6.4549,,,,,,,,
MI HUNGRY Test 3,1.00,Each,1.00,Each,1.00,,Inactive,=,,Inactive,=,1.00,Each,No,,,EVERMADE Peanut Sesame Sauce,4.00,OZ-fl,100.0,,0.5310,0.5310,6.4549,6.4549,,,,,,,,
MI HUNGRY Test 3,1.00,Each,1.00,Each,1.00,,Inactive,=,,Inactive,=,1.00,Each,No,,,BATCH Basmati Rice,7.30,OZ-wt,100.0,,0.1849,0.1849,6.4549,6.4549,,,,,,,,
MI HUNGRY Test 3,1.00,Each,1.00,Each,1.00,,Inactive,=,,Inactive,=,1.00,Each,No,,,BATCH Mint Cilantro Chutney,0.50,Quart,100.0,,2.9661,2.9661,6.4549,6.4549,,,,,,,,
MI HUNGRY Test 3,1.00,Each,1.00,Each,1.00,,Inactive,=,,Inactive,=,1.00,Each,No,,,BATCH Pickled Onions,0.75,OZ-wt,100.0,,0.0637,0.0637,6.4549,6.4549,,,,,,,,
MI HUNGRY Test 3,1.00,Each,1.00,Each,1.00,,Inactive,=,,Inactive,=,1.00,Each,No,,,BATCH Eggplant Cooked,2.00,OZ-fl,100.0,,0.4650,0.4650,6.4549,6.4549,,,,,,,,
MI HUNGRY Test 5,1.00,Each,1.00,Each,1.00,,Inactive,=,,Inactive,=,1.00,Each,No,,,EVERMADE Tomato Garlic Sauce,4.00,OZ-fl,100.0,,0.7524,0.7524,1.3319,1.3319,,,,,,,,
MI HUNGRY Test 5,1.00,Each,1.00,Each,1.00,,Inactive,=,,Inactive,=,1.00,Each,No,,,BATCH Chicken Tikka Cooked New,4.00,OZ-wt,100.0,,0.5795,0.5795,1.3319,1.3319,,,,,,,,
MI HUNGRY Test 6,1.00,Each,1.00,Each,1.00,,Inactive,=,,Inactive,=,1.00,Each,No,,,BATCH Lamb Kebab Meatballs Cooked,48.00,Each,100.0,,26.9304,26.9304,463.6982,463.6982,,,,,,,,
MI HUNGRY Test 6,1.00,Each,1.00,Each,1.00,,Inactive,=,,Inactive,=,1.00,Each,No,,,MI Indian Yogurt,1.00,Each,100.0,,0.9477,0.9477,463.6982,463.6982,,,,,,,,
MI HUNGRY Test 6,1.00,Each,1.00,Each,1.00,,Inactive,=,,Inactive,=,1.00,Each,No,,,MI Mini Samosas,1.00,Each,100.0,,1.2239,1.2239,463.6982,463.6982,,,,,,,,
MI HUNGRY Test 6,1.00,Each,1.00,Each,1.00,,Inactive,=,,Inactive,=,1.00,Each,No,,,MI Masala Chai Cookies,1.00,Each,100.0,,0.3164,0.3164,463.6982,463.6982,,,,,,,,
MI HUNGRY Test 6,1.00,Each,1.00,Each,1.00,,Inactive,=,,Inactive,=,1.00,Each,No,,,MI Garlic Naan,1.00,Each,100.0,,1.0680,1.0680,463.6982,463.6982,,,,,,,,
MI HUNGRY Test 6,1.00,Each,1.00,Each,1.00,,Inactive,=,,Inactive,=,1.00,Each,No,,,MI Naan,1.00,Each,100.0,,0.9313,0.9313,463.6982,463.6982,,,,,,,,
MI HUNGRY Test 6,1.00,Each,1.00,Each,1.00,,Inactive,=,,Inactive,=,1.00,Each,No,,,MI Spiced Cauliflower + Quinoa Bowl - In House,1.00,Each,100.0,,2.9483,2.9483,463.6982,463.6982,,,,,,,,
MI HUNGRY Test 6,1.00,Each,1.00,Each,1.00,,Inactive,=,,Inactive,=,1.00,Each,No,,,MI Tandoori Paneer Burrito - In House,1.00,Each,100.0,,3.5035,3.5035,463.6982,463.6982,,,,,,,,
MI HUNGRY Test 6,1.00,Each,1.00,Each,1.00,,Inactive,=,,Inactive,=,1.00,Each,No,,,MI Spicy Chicken Burrito - In House,1.00,Each,100.0,,2.5992,2.5992,463.6982,463.6982,,,,,,,,
MI HUNGRY Test 6,1.00,Each,1.00,Each,1.00,,Inactive,=,,Inactive,=,1.00,Each,No,,,MI Butter Chicken Burrito - In House,1.00,Each,100.0,,3.7132,3.7132,463.6982,463.6982,,,,,,,,
MI HUNGRY Test 6,1.00,Each,1.00,Each,1.00,,Inactive,=,,Inactive,=,1.00,Each,No,,,MI CP Saag Paneer Plate - In House,1.00,Each,100.0,,2.8679,2.8679,463.6982,463.6982,,,,,,,,
MI HUNGRY Test 6,1.00,Each,1.00,Each,1.00,,Inactive,=,,Inactive,=,1.00,Each,No,,,MI CP Aloo Gobhi Plate - In House,1.00,Each,100.0,,2.2864,2.2864,463.6982,463.6982,,,,,,,,
MI HUNGRY Test 6,1.00,Each,1.00,Each,1.00,,Inactive,=,,Inactive,=,1.00,Each,No,,,MI CP Paneer Butter Masala Plate - In House,1.00,Each,100.0,,3.6914,3.6914,463.6982,463.6982,,,,,,,,
MI HUNGRY Test 6,1.00,Each,1.00,Each,1.00,,Inactive,=,,Inactive,=,1.00,Each,No,,,MI CP Butter Chicken Plate - In House,1.00,Each,100.0,,3.0336,3.0336,463.6982,463.6982,,,,,,,,
MI HUNGRY Test 6,1.00,Each,1.00,Each,1.00,,Inactive,=,,Inactive,=,1.00,Each,No,,,MI CP Chicken Tikka Masala Plate - In House,1.00,Each,100.0,,3.0010,3.0010,463.6982,463.6982,,,,,,,,
MI HUNGRY Test 6,1.00,Each,1.00,Each,1.00,,Inactive,=,,Inactive,=,1.00,Each,No,,,YIELD Cilantro Chopped,3.00,OZ-wt,100.0,,1.1304,1.1304,463.6982,463.6982,,,,,,,,
MI HUNGRY Test 6,1.00,Each,1.00,Each,1.00,,Inactive,=,,Inactive,=,1.00,Each,No,,,MI Chopped Cilantro,1.00,Each,100.0,,0.0306,0.0306,463.6982,463.6982,,,,,,,,
MI HUNGRY Test 6,1.00,Each,1.00,Each,1.00,,Inactive,=,,Inactive,=,1.00,Each,No,,,Thin Sev,5.00,OZ-wt,100.0,,0.9132,0.9132,463.6982,463.6982,,,,,,,,
MI HUNGRY Test 6,1.00,Each,1.00,Each,1.00,,Inactive,=,,Inactive,=,1.00,Each,No,,,BATCH Shredded Paneer,40.00,OZ-wt,100.0,,8.2920,8.2920,463.6982,463.6982,,,,,,,,
MI HUNGRY Test 6,1.00,Each,1.00,Each,1.00,,Inactive,=,,Inactive,=,1.00,Each,No,,,MI Masala Chai Cookies - 10,1.00,Each,100.0,,1.4819,1.4819,463.6982,463.6982,,,,,,,,
MI HUNGRY Test 6,1.00,Each,1.00,Each,1.00,,Inactive,=,,Inactive,=,1.00,Each,No,,,MI Lentil Chip Tray - 10,1.00,Each,100.0,,4.6375,4.6375,463.6982,463.6982,,,,,,,,
MI HUNGRY Test 6,1.00,Each,1.00,Each,1.00,,Inactive,=,,Inactive,=,1.00,Each,No,,,MI Samosa Tray - 20,1.00,Each,100.0,,12.3231,12.3231,463.6982,463.6982,,,,,,,,
MI HUNGRY Test 6,1.00,Each,1.00,Each,1.00,,Inactive,=,,Inactive,=,1.00,Each,No,,,BATCH Tikka Masala Sauce,1.00,Quart,100.0,,5.8882,5.8882,463.6982,463.6982,,,,,,,,
MI HUNGRY Test 6,1.00,Each,1.00,Each,1.00,,Inactive,=,,Inactive,=,1.00,Each,No,,,BATCH Cauliflower + Potato Cooked,72.00,OZ-wt,100.0,,14.6410,14.6410,463.6982,463.6982,,,,,,,,
MI HUNGRY Test 6,1.00,Each,1.00,Each,1.00,,Inactive,=,,Inactive,=,1.00,Each,No,,,BATCH Masala Quinoa,64.00,OZ-wt,100.0,,2.5484,2.5484,463.6982,463.6982,,,,,,,,
MI HUNGRY Test 6,1.00,Each,1.00,Each,1.00,,Inactive,=,,Inactive,=,1.00,Each,No,,,MI Garlic Naan Basket Small,1.00,Each,100.0,,6.3897,6.3897,463.6982,463.6982,,,,,,,,
MI HUNGRY Test 6,1.00,Each,1.00,Each,1.00,,Inactive,=,,Inactive,=,1.00,Each,No,,,MI Combo Naan Basket Small,1.00,Each,100.0,,6.9106,6.9106,463.6982,463.6982,,,,,,,,
MI HUNGRY Test 6,1.00,Each,1.00,Each,1.00,,Inactive,=,,Inactive,=,1.00,Each,No,,,MI Plain Naan Basket Small,1.00,Each,100.0,,5.7058,5.7058,463.6982,463.6982,,,,,,,,
MI HUNGRY Test 6,1.00,Each,1.00,Each,1.00,,Inactive,=,,Inactive,=,1.00,Each,No,,,EVERMADE Coconut Ginger Sauce,32.00,OZ-fl,100.0,,6.3987,6.3987,463.6982,463.6982,,,,,,,,
MI HUNGRY Test 6,1.00,Each,1.00,Each,1.00,,Inactive,=,,Inactive,=,1.00,Each,No,,,EVERMADE Peanut Sesame Sauce,32.00,OZ-fl,100.0,,4.2477,4.2477,463.6982,463.6982,,,,,,,,
MI HUNGRY Test 6,1.00,Each,1.00,Each,1.00,,Inactive,=,,Inactive,=,1.00,Each,No,,,EVERMADE Tamarind Chili Sauce,32.00,OZ-fl,100.0,,5.5972,5.5972,463.6982,463.6982,,,,,,,,
MI HUNGRY Test 6,1.00,Each,1.00,Each,1.00,,Inactive,=,,Inactive,=,1.00,Each,No,,,EVERMADE Tamarind Ginger Chutney,1.00,Quart,100.0,,7.0029,7.0029,463.6982,463.6982,,,,,,,,
MI HUNGRY Test 6,1.00,Each,1.00,Each,1.00,,Inactive,=,,Inactive,=,1.00,Each,No,,,EVERMADE Tomato Garlic Sauce,32.00,OZ-fl,100.0,,6.0189,6.0189,463.6982,463.6982,,,,,,,,
MI HUNGRY Test 6,1.00,Each,1.00,Each,1.00,,Inactive,=,,Inactive,=,1.00,Each,No,,,MI Aloo Need Is Love - In House,1.00,Each,100.0,,2.4394,2.4394,463.6982,463.6982,,,,,,,,
MI HUNGRY Test 6,1.00,Each,1.00,Each,1.00,,Inactive,=,,Inactive,=,1.00,Each,No,,,MI Vibes + Veggies - In House,1.00,Each,100.0,,3.2050,3.2050,463.6982,463.6982,,,,,,,,
MI HUNGRY Test 6,1.00,Each,1.00,Each,1.00,,Inactive,=,,Inactive,=,1.00,Each,No,,,MI Harvest Chicken Bowl - In House,1.00,Each,100.0,,3.1004,3.1004,463.6982,463.6982,,,,,,,,
MI HUNGRY Test 6,1.00,Each,1.00,Each,1.00,,Inactive,=,,Inactive,=,1.00,Each,No,,,MI Chicken Tikka + Avocado Salad - In House,1.00,Each,100.0,,2.7922,2.7922,463.6982,463.6982,,,,,,,,
MI HUNGRY Test 6,1.00,Each,1.00,Each,1.00,,Inactive,=,,Inactive,=,1.00,Each,No,,,MI Tandoori Paneer Bowl - In House,1.00,Each,100.0,,3.3817,3.3817,463.6982,463.6982,,,,,,,,
MI HUNGRY Test 6,1.00,Each,1.00,Each,1.00,,Inactive,=,,Inactive,=,1.00,Each,No,,,MI Spicy Chili Chicken Bowl - In House,1.00,Each,100.0,,2.7966,2.7966,463.6982,463.6982,,,,,,,,
MI HUNGRY Test 6,1.00,Each,1.00,Each,1.00,,Inactive,=,,Inactive,=,1.00,Each,No,,,MI Open Sesame - In House,1.00,Each,100.0,,3.8295,3.8295,463.6982,463.6982,,,,,,,,
MI HUNGRY Test 6,1.00,Each,1.00,Each,1.00,,Inactive,=,,Inactive,=,1.00,Each,No,,,MI Home Cooking - In House,1.00,Each,100.0,,5.2398,5.2398,463.6982,463.6982,,,,,,,,
MI HUNGRY Test 6,1.00,Each,1.00,Each,1.00,,Inactive,=,,Inactive,=,1.00,Each,No,,,MI Chicken Tikka Bowl - In House,1.00,Each,100.0,,2.6167,2.6167,463.6982,463.6982,,,,,,,,
MI HUNGRY Test 6,1.00,Each,1.00,Each,1.00,,Inactive,=,,Inactive,=,1.00,Each,No,,,MOBYS Coriander Chili Chutney,1.00,Quart,100.0,,8.3237,8.3237,463.6982,463.6982,,,,,,,,
MI HUNGRY Test 6,1.00,Each,1.00,Each,1.00,,Inactive,=,,Inactive,=,1.00,Each,No,,,BATCH Mint Cilantro Chutney,1.00,Quart,100.0,,5.9322,5.9322,463.6982,463.6982,,,,,,,,
MI HUNGRY Test 6,1.00,Each,1.00,Each,1.00,,Inactive,=,,Inactive,=,1.00,Each,No,,,BATCH Toasted Cumin Yogurt,1.00,Quart,100.0,,2.8477,2.8477,463.6982,463.6982,,,,,,,,
MI HUNGRY Test 6,1.00,Each,1.00,Each,1.00,,Inactive,=,,Inactive,=,1.00,Each,No,,,BATCH Kokum Vinaigrette,1.00,Quart,100.0,,2.6033,2.6033,463.6982,463.6982,,,,,,,,
MI HUNGRY Test 6,1.00,Each,1.00,Each,1.00,,Inactive,=,,Inactive,=,1.00,Each,No,,,BATCH House Vinaigrette,1.00,Quart,100.0,,3.0678,3.0678,463.6982,463.6982,,,,,,,,
MI HUNGRY Test 6,1.00,Each,1.00,Each,1.00,,Inactive,=,,Inactive,=,1.00,Each,No,,,Samosa,1.00,Each,100.0,,0.2990,0.2990,463.6982,463.6982,,,,,,,,
MI HUNGRY Test 6,1.00,Each,1.00,Each,1.00,,Inactive,=,,Inactive,=,1.00,Each,No,,,Naan - Stonefire,1.00,Each,100.0,,0.9313,0.9313,463.6982,463.6982,,,,,,,,
MI HUNGRY Test 6,1.00,Each,1.00,Each,1.00,,Inactive,=,,Inactive,=,1.00,Each,No,,,MI Indian Yogurt,1.00,Each,100.0,,0.9477,0.9477,463.6982,463.6982,,,,,,,,
MI HUNGRY Test 6,1.00,Each,1.00,Each,1.00,,Inactive,=,,Inactive,=,1.00,Each,No,,,MI Garlic Naan,1.00,Each,100.0,,1.0680,1.0680,463.6982,463.6982,,,,,,,,
MI HUNGRY Test 6,1.00,Each,1.00,Each,1.00,,Inactive,=,,Inactive,=,1.00,Each,No,,,MI Cucumber Raita,1.00,Each,100.0,,0.4868,0.4868,463.6982,463.6982,,,,,,,,
MI HUNGRY Test 6,1.00,Each,1.00,Each,1.00,,Inactive,=,,Inactive,=,1.00,Each,No,,,Papad Lentil Chips,5.00,Each,100.0,,0.4165,0.4165,463.6982,463.6982,,,,,,,,
MI HUNGRY Test 6,1.00,Each,1.00,Each,1.00,,Inactive,=,,Inactive,=,1.00,Each,No,,,MI Avocado,10.00,Each,100.0,,3.5679,3.5679,463.6982,463.6982,,,,,,,,
MI HUNGRY Test 6,1.00,Each,1.00,Each,1.00,,Inactive,=,,Inactive,=,1.00,Each,No,,,BATCH Masala Chai Cookies,10.00,Each,100.0,,1.4819,1.4819,463.6982,463.6982,,,,,,,,
MI HUNGRY Test 6,1.00,Each,1.00,Each,1.00,,Inactive,=,,Inactive,=,1.00,Each,No,,,BATCH Sweet Potato Tikki,48.00,Each,100.0,,4.2706,4.2706,463.6982,463.6982,,,,,,,,
MI HUNGRY Test 6,1.00,Each,1.00,Each,1.00,,Inactive,=,,Inactive,=,1.00,Each,No,,,BATCH Tandoori Paneer Cooked,60.00,Each,100.0,,15.2707,15.2707,463.6982,463.6982,,,,,,,,
MI HUNGRY Test 6,1.00,Each,1.00,Each,1.00,,Inactive,=,,Inactive,=,1.00,Each,No,,,BATCH Shrimp Cooked,72.00,Each,100.0,,34.3318,34.3318,463.6982,463.6982,,,,,,,,
MI HUNGRY Test 6,1.00,Each,1.00,Each,1.00,,Inactive,=,,Inactive,=,1.00,Each,No,,,BATCH Roasted Lentils,5.00,OZ-wt,100.0,,0.7768,0.7768,463.6982,463.6982,,,,,,,,
MI HUNGRY Test 6,1.00,Each,1.00,Each,1.00,,Inactive,=,,Inactive,=,1.00,Each,No,,,"Seed, Pumpkin",6.00,OZ-wt,100.0,,1.5290,1.5290,463.6982,463.6982,,,,,,,,
MI HUNGRY Test 6,1.00,Each,1.00,Each,1.00,,Inactive,=,,Inactive,=,1.00,Each,No,,,BATCH Pickled Radish,40.00,OZ-wt,100.0,,1.4758,1.4758,463.6982,463.6982,,,,,,,,
MI HUNGRY Test 6,1.00,Each,1.00,Each,1.00,,Inactive,=,,Inactive,=,1.00,Each,No,,,BATCH Pickled Onions,40.00,OZ-wt,100.0,,3.3964,3.3964,463.6982,463.6982,,,,,,,,
MI HUNGRY Test 6,1.00,Each,1.00,Each,1.00,,Inactive,=,,Inactive,=,1.00,Each,No,,,BATCH Kachumber Salad,40.00,OZ-wt,100.0,,3.2663,3.2663,463.6982,463.6982,,,,,,,,
MI HUNGRY Test 6,1.00,Each,1.00,Each,1.00,,Inactive,=,,Inactive,=,1.00,Each,No,,,BATCH Masala Beets,40.00,OZ-wt,100.0,,7.7362,7.7362,463.6982,463.6982,,,,,,,,
MI HUNGRY Test 6,1.00,Each,1.00,Each,1.00,,Inactive,=,,Inactive,=,1.00,Each,No,,,YIELD Cucumber Chopped,40.00,OZ-wt,100.0,,1.2871,1.2871,463.6982,463.6982,,,,,,,,
MI HUNGRY Test 6,1.00,Each,1.00,Each,1.00,,Inactive,=,,Inactive,=,1.00,Each,No,,,BATCH Carrot Slaw,40.00,OZ-wt,100.0,,3.6347,3.6347,463.6982,463.6982,,,,,,,,
MI HUNGRY Test 6,1.00,Each,1.00,Each,1.00,,Inactive,=,,Inactive,=,1.00,Each,No,,,BATCH Indian Street Corn,40.00,OZ-wt,100.0,,0.9397,0.9397,463.6982,463.6982,,,,,,,,
MI HUNGRY Test 6,1.00,Each,1.00,Each,1.00,,Inactive,=,,Inactive,=,1.00,Each,No,,,BATCH Mango Salsa,40.00,OZ-wt,100.0,,26.3267,26.3267,463.6982,463.6982,,,,,,,,
MI HUNGRY Test 6,1.00,Each,1.00,Each,1.00,,Inactive,=,,Inactive,=,1.00,Each,No,,,Arugula,48.00,OZ-wt,100.0,,12.7500,12.7500,463.6982,463.6982,,,,,,,,
MI HUNGRY Test 6,1.00,Each,1.00,Each,1.00,,Inactive,=,,Inactive,=,1.00,Each,No,,,"Spinach, Baby",54.00,OZ-wt,100.0,,11.3484,11.3484,463.6982,463.6982,,,,,,,,
MI HUNGRY Test 6,1.00,Each,1.00,Each,1.00,,Inactive,=,,Inactive,=,1.00,Each,No,,,"Lettuce, Arcadian",61.00,OZ-wt,100.0,,12.0729,12.0729,463.6982,463.6982,,,,,,,,
MI HUNGRY Test 6,1.00,Each,1.00,Each,1.00,,Inactive,=,,Inactive,=,1.00,Each,No,,,YIELD Romaine Chopped,61.00,OZ-wt,100.0,,9.5348,9.5348,463.6982,463.6982,,,,,,,,
MI HUNGRY Test 6,1.00,Each,1.00,Each,1.00,,Inactive,=,,Inactive,=,1.00,Each,No,,,BATCH Supergrains,64.00,OZ-wt,100.0,,3.1865,3.1865,463.6982,463.6982,,,,,,,,
MI HUNGRY Test 6,1.00,Each,1.00,Each,1.00,,Inactive,=,,Inactive,=,1.00,Each,No,,,BATCH Basmati Rice,64.00,OZ-wt,100.0,,1.6206,1.6206,463.6982,463.6982,,,,,,,,
MI HUNGRY Test 6,1.00,Each,1.00,Each,1.00,,Inactive,=,,Inactive,=,1.00,Each,No,,,BATCH South Indian Rice Noodles,64.00,OZ-wt,100.0,,3.4671,3.4671,463.6982,463.6982,,,,,,,,
MI HUNGRY Test 6,1.00,Each,1.00,Each,1.00,,Inactive,=,,Inactive,=,1.00,Each,No,,,BATCH Sautéed Spinach,64.00,OZ-wt,100.0,,6.7864,6.7864,463.6982,463.6982,,,,,,,,
MI HUNGRY Test 6,1.00,Each,1.00,Each,1.00,,Inactive,=,,Inactive,=,1.00,Each,No,,,BATCH Eggplant Cooked,64.00,OZ-wt,100.0,,12.3996,12.3996,463.6982,463.6982,,,,,,,,
MI HUNGRY Test 6,1.00,Each,1.00,Each,1.00,,Inactive,=,,Inactive,=,1.00,Each,No,,,BATCH Lemon Turmeric Rice,64.00,OZ-wt,100.0,,1.9579,1.9579,463.6982,463.6982,,,,,,,,
MI HUNGRY Test 6,1.00,Each,1.00,Each,1.00,,Inactive,=,,Inactive,=,1.00,Each,No,,,BATCH Spiced Chickpeas,64.00,OZ-wt,100.0,,2.8435,2.8435,463.6982,463.6982,,,,,,,,
MI HUNGRY Test 6,1.00,Each,1.00,Each,1.00,,Inactive,=,,Inactive,=,1.00,Each,No,,,BATCH Tossed Green Beans,64.00,OZ-wt,100.0,,18.7889,18.7889,463.6982,463.6982,,,,,,,,
MI HUNGRY Test 6,1.00,Each,1.00,Each,1.00,,Inactive,=,,Inactive,=,1.00,Each,No,,,BATCH Harvest Vegetables Cooked,72.00,OZ-wt,100.0,,20.0327,20.0327,463.6982,463.6982,,,,,,,,
MI HUNGRY Test 6,1.00,Each,1.00,Each,1.00,,Inactive,=,,Inactive,=,1.00,Each,No,,,BATCH Chicken Tikka Cooked New,72.00,OZ-wt,100.0,,10.4313,10.4313,463.6982,463.6982,,,,,,,,
MI HUNGRY Test 6,1.00,Each,1.00,Each,1.00,,Inactive,=,,Inactive,=,1.00,Each,No,,,BATCH Spicy Chili Chicken Cooked,72.00,OZ-wt,100.0,,11.6407,11.6407,463.6982,463.6982,,,,,,,,
MI HUNGRY Test Saag Makai,1.00,Each,1.00,Each,1.00,,Inactive,=,,Inactive,=,1.00,Each,No,,,"Corn, Frozen",1.00,lb,100.0,,1.0040,1.0040,9.1289,9.1289,,,,,,,,
MI HUNGRY Test Saag Makai,1.00,Each,1.00,Each,1.00,,Inactive,=,,Inactive,=,1.00,Each,No,,,BATCH Sautéed Spinach,64.00,OZ-fl,100.0,,7.2105,7.2105,9.1289,9.1289,,,,,,,,
MI HUNGRY Test Saag Makai,1.00,Each,1.00,Each,1.00,,Inactive,=,,Inactive,=,1.00,Each,No,,,"Pan, Half",1.00,Each,100.0,,0.5495,0.5495,9.1289,9.1289,,,,,,,,
MI HUNGRY Test Saag Makai,1.00,Each,1.00,Each,1.00,,Inactive,=,,Inactive,=,1.00,Each,No,,,"Lid, Pan Half",1.00,Each,100.0,,0.3649,0.3649,9.1289,9.1289,,,,,,,,
MI HUNGRY Tikka Chance On Me,1.00,Each,1.00,Each,1.00,,Inactive,=,,Inactive,=,1.00,Each,No,,,EVERMADE Tomato Garlic Sauce,4.00,OZ-fl,100.0,,0.7524,0.7524,2.7355,2.7355,,0.00,,,0.00,,0.00,
MI HUNGRY Tikka Chance On Me,1.00,Each,1.00,Each,1.00,,Inactive,=,,Inactive,=,1.00,Each,No,,,MI To Go Bowl Disposables - Online,1.00,Each,100.0,,0.6065,0.6065,2.7355,2.7355,,0.00,,,0.00,,0.00,
MI HUNGRY Tikka Chance On Me,1.00,Each,1.00,Each,1.00,,Inactive,=,,Inactive,=,1.00,Each,No,,,BATCH Pickled Onions,0.50,OZ-wt,100.0,,0.0425,0.0425,2.7355,2.7355,,0.00,,,0.00,,0.00,
MI HUNGRY Tikka Chance On Me,1.00,Each,1.00,Each,1.00,,Inactive,=,,Inactive,=,1.00,Each,No,,,BATCH Kachumber Salad,0.50,OZ-wt,100.0,,0.0408,0.0408,2.7355,2.7355,,0.00,,,0.00,,0.00,
MI HUNGRY Tikka Chance On Me,1.00,Each,1.00,Each,1.00,,Inactive,=,,Inactive,=,1.00,Each,No,,,BATCH Sautéed Spinach,2.40,OZ-wt,100.0,,0.2545,0.2545,2.7355,2.7355,,0.00,,,0.00,,0.00,
MI HUNGRY Tikka Chance On Me,1.00,Each,1.00,Each,1.00,,Inactive,=,,Inactive,=,1.00,Each,No,,,BATCH Chicken Tikka Cooked New,4.00,OZ-wt,100.0,,0.5795,0.5795,2.7355,2.7355,,0.00,,,0.00,,0.00,
MI HUNGRY Tikka Chance On Me,1.00,Each,1.00,Each,1.00,,Inactive,=,,Inactive,=,1.00,Each,No,,,BATCH Basmati Rice,7.30,OZ-wt,100.0,,0.1849,0.1849,2.7355,2.7355,,0.00,,,0.00,,0.00,
MI HUNGRY Tikka Chance On Me,1.00,Each,1.00,Each,1.00,,Inactive,=,,Inactive,=,1.00,Each,No,,,BATCH Mint Cilantro Chutney,1.00,OZ-fl,100.0,,0.1854,0.1854,2.7355,2.7355,,0.00,,,0.00,,0.00,
MI HUNGRY Tikka Chance On Me,1.00,Each,1.00,Each,1.00,,Inactive,=,,Inactive,=,1.00,Each,No,,,BATCH Toasted Cumin Yogurt,1.00,OZ-fl,100.0,,0.0890,0.0890,2.7355,2.7355,,0.00,,,0.00,,0.00,
MI HUNGRY Toasted Cumin Yogurt,1.00,Each,1.00,Each,1.00,,Inactive,=,,Inactive,=,1.00,Each,No,,,BATCH Toasted Cumin Yogurt,32.00,OZ-fl,100.0,,2.8477,2.8477,2.8477,2.8477,,0.00,,,0.00,,0.00,
MI HUNGRY Tomato Garlic Sauce,1.00,Each,1.00,Each,1.00,,Inactive,=,,Inactive,=,1.00,Each,No,,,EVERMADE Tomato Garlic Sauce,32.00,OZ-fl,100.0,,6.0189,6.0189,6.3619,6.3619,,0.00,,,0.00,,0.00,
MI HUNGRY Tomato Garlic Sauce,1.00,Each,1.00,Each,1.00,,Inactive,=,,Inactive,=,1.00,Each,No,,,"Cont, Deli 32oz with Lid",1.00,Each,100.0,,0.3430,0.3430,6.3619,6.3619,,0.00,,,0.00,,0.00,
MI HUNGRY Tossed Green Beans,1.00,Each,1.00,Each,1.00,,Inactive,=,,Inactive,=,1.00,Each,No,,,"Lid, Pan Half",1.00,Each,100.0,,0.3649,0.3649,19.7033,19.7033,,0.00,,,0.00,,0.00,
MI HUNGRY Tossed Green Beans,1.00,Each,1.00,Each,1.00,,Inactive,=,,Inactive,=,1.00,Each,No,,,"Pan, Half",1.00,Each,100.0,,0.5495,0.5495,19.7033,19.7033,,0.00,,,0.00,,0.00,
MI HUNGRY Tossed Green Beans,1.00,Each,1.00,Each,1.00,,Inactive,=,,Inactive,=,1.00,Each,No,,,BATCH Tossed Green Beans,64.00,OZ-wt,100.0,,18.7889,18.7889,19.7033,19.7033,,0.00,,,0.00,,0.00,
MI HUNGRY Turmeric Ginger Shrimp,1.00,Each,1.00,Each,1.00,,Inactive,=,,Inactive,=,1.00,Each,No,,,BATCH Shrimp Cooked,72.00,Each,100.0,,34.3318,34.3318,35.2462,35.2462,,0.00,,,0.00,,0.00,
MI HUNGRY Turmeric Ginger Shrimp,1.00,Each,1.00,Each,1.00,,Inactive,=,,Inactive,=,1.00,Each,No,,,"Pan, Half",1.00,Each,100.0,,0.5495,0.5495,35.2462,35.2462,,0.00,,,0.00,,0.00,
MI HUNGRY Turmeric Ginger Shrimp,1.00,Each,1.00,Each,1.00,,Inactive,=,,Inactive,=,1.00,Each,No,,,"Lid, Pan Half",1.00,Each,100.0,,0.3649,0.3649,35.2462,35.2462,,0.00,,,0.00,,0.00,
MI Icaro Spearmint Yerba Mate,1.00,Each,1.00,Each,1.00,,Inactive,=,,Inactive,=,1.00,Each,No,,,"Tea, Mint Icaro Yerba Mate",1.00,Each,100.0,,2.1200,2.1200,2.1200,2.1200,,0.00,,,0.00,,0.00,
MI Iced Oat Milk Masala Chai,1.00,Each,1.00,Each,1.00,,Inactive,=,,Inactive,=,1.00,Each,No,,,"Milk, Oat",5.50,OZ-fl,100.0,,0.6153,0.6153,1.9005,1.9005,,,,,,,,
MI Iced Oat Milk Masala Chai,1.00,Each,1.00,Each,1.00,,Inactive,=,,Inactive,=,1.00,Each,No,,,"Cup, 16oz Rasa",1.00,Each,100.0,,0.0900,0.0900,1.9005,1.9005,,,,,,,,
MI Iced Oat Milk Masala Chai,1.00,Each,1.00,Each,1.00,,Inactive,=,,Inactive,=,1.00,Each,No,,,"Lid, Cup 16oz",1.00,Each,100.0,,0.0314,0.0314,1.9005,1.9005,,,,,,,,
MI Iced Oat Milk Masala Chai,1.00,Each,1.00,Each,1.00,,Inactive,=,,Inactive,=,1.00,Each,No,,,"Straw, Wrapped",1.00,Each,100.0,,0.0180,0.0180,1.9005,1.9005,,,,,,,,
MI Iced Oat Milk Masala Chai,1.00,Each,1.00,Each,1.00,,Inactive,=,,Inactive,=,1.00,Each,No,,,"Concentrate, Chai",5.50,OZ-fl,100.0,,1.1458,1.1458,1.9005,1.9005,,,,,,,,
MI Iced Oat Milk Masala Chai - 1 Gallon,1.00,Each,1.00,Each,1.00,,Inactive,=,,Inactive,=,1.00,Each,No,,,"Bag, 1 Gallon Beverage",1.00,Each,100.0,,1.9996,1.9996,22.4929,22.4929,,,,,,,,
MI Iced Oat Milk Masala Chai - 1 Gallon,1.00,Each,1.00,Each,1.00,,Inactive,=,,Inactive,=,1.00,Each,No,,,"Milk, Oat",64.00,OZ-fl,100.0,,7.1600,7.1600,22.4929,22.4929,,,,,,,,
MI Iced Oat Milk Masala Chai - 1 Gallon,1.00,Each,1.00,Each,1.00,,Inactive,=,,Inactive,=,1.00,Each,No,,,"Concentrate, Chai",64.00,OZ-fl,100.0,,13.3333,13.3333,22.4929,22.4929,,,,,,,,
MI Iced Oat Milk Masala Chai - 1/2 Gallon,1.00,Each,1.00,Each,1.00,,Inactive,=,,Inactive,=,1.00,Each,No,,,"Bag, 1 Gallon Beverage",1.00,Each,100.0,,1.9996,1.9996,12.2463,12.2463,,,,,,,,
MI Iced Oat Milk Masala Chai - 1/2 Gallon,1.00,Each,1.00,Each,1.00,,Inactive,=,,Inactive,=,1.00,Each,No,,,"Milk, Oat",32.00,OZ-fl,100.0,,3.5800,3.5800,12.2463,12.2463,,,,,,,,
MI Iced Oat Milk Masala Chai - 1/2 Gallon,1.00,Each,1.00,Each,1.00,,Inactive,=,,Inactive,=,1.00,Each,No,,,"Concentrate, Chai",32.00,OZ-fl,100.0,,6.6667,6.6667,12.2463,12.2463,,,,,,,,
MI Iced Oat Milk Masala Chai - OLD,12.00,OZ-fl,12.00,OZ-fl,1.00,,Inactive,=,1.00,OZ-fl,=,,Inactive,No,,,"Concentrate, Chai",5.50,OZ-fl,100.0,,1.1458,1.1458,1.9005,1.9005,,,,,,,,
MI Iced Oat Milk Masala Chai - OLD,12.00,OZ-fl,12.00,OZ-fl,1.00,,Inactive,=,1.00,OZ-fl,=,,Inactive,No,,,"Straw, Wrapped",1.00,Each,100.0,,0.0180,0.0180,1.9005,1.9005,,,,,,,,
MI Iced Oat Milk Masala Chai - OLD,12.00,OZ-fl,12.00,OZ-fl,1.00,,Inactive,=,1.00,OZ-fl,=,,Inactive,No,,,"Lid, Cup 16oz",1.00,Each,100.0,,0.0314,0.0314,1.9005,1.9005,,,,,,,,
MI Iced Oat Milk Masala Chai - OLD,12.00,OZ-fl,12.00,OZ-fl,1.00,,Inactive,=,1.00,OZ-fl,=,,Inactive,No,,,"Cup, 16oz Rasa",1.00,Each,100.0,,0.0900,0.0900,1.9005,1.9005,,,,,,,,
MI Iced Oat Milk Masala Chai - OLD,12.00,OZ-fl,12.00,OZ-fl,1.00,,Inactive,=,1.00,OZ-fl,=,,Inactive,No,,,"Milk, Oat",5.50,OZ-fl,100.0,,0.6153,0.6153,1.9005,1.9005,,,,,,,,
MI Indaba Sauvignon Blanc - bottle,1.00,Each,1.00,Each,1.00,,Inactive,=,,Inactive,=,1.00,Each,No,,,"Wine, Indaba Sauvignon Blanc",0.75,Liter,100.0,,6.3307,6.3307,6.3307,6.3307,,0.00,,,0.00,,0.00,
MI Indaba Sauvignon Blanc - glass,1.00,Each,1.00,Each,1.00,,Inactive,=,,Inactive,=,1.00,Each,No,,,"Wine, Indaba Sauvignon Blanc",6.00,OZ-fl,100.0,,1.4978,1.4978,1.4978,1.4978,,0.00,,,0.00,,0.00,
MI Indian Burrito Box for 9 - Catering,1.00,Each,1.00,Each,1.00,,Inactive,=,,Inactive,=,1.00,Each,No,,,"Pan, Full",1.00,Each,100.0,,1.5990,1.5990,2.4780,2.4780,,0.00,,,0.00,,0.00,
MI Indian Burrito Box for 9 - Catering,1.00,Each,1.00,Each,1.00,,Inactive,=,,Inactive,=,1.00,Each,No,,,"Lid, Pan Full",1.00,Each,100.0,,0.8790,0.8790,2.4780,2.4780,,0.00,,,0.00,,0.00,
MI Indian Street Corn,1.00,Each,1.00,Each,1.00,,Inactive,=,,Inactive,=,1.00,Each,No,,,BATCH Indian Street Corn,0.50,OZ-wt,100.0,,0.0117,0.0117,0.0117,0.0117,,0.00,,,0.00,,0.00,
MI Indian Street Corn - Classic,1.00,Each,1.00,Each,1.00,,Inactive,=,,Inactive,=,1.00,Each,No,,,BATCH Indian Street Corn,0.60,OZ-wt,100.0,,0.0141,0.0141,0.0141,0.0141,,0.00,,,0.00,,0.00,
MI Indian Street Corn - Desi Deluxe,1.00,Each,1.00,Each,1.00,,Inactive,=,,Inactive,=,1.00,Each,No,,,BATCH Indian Street Corn,0.56,OZ-wt,100.0,,0.0132,0.0132,0.0132,0.0132,,0.00,,,0.00,,0.00,
MI Indian Street Corn - Party Pack,1.00,Each,1.00,Each,1.00,,Inactive,=,,Inactive,=,1.00,Each,No,,,BATCH Indian Street Corn,0.70,OZ-wt,100.0,,0.0164,0.0164,0.0164,0.0164,,0.00,,,0.00,,0.00,
MI Indian Yogurt,1.00,Each,1.00,Each,1.00,,Inactive,=,,Inactive,=,1.00,Each,No,,,MI To Go Side Disposables,1.00,Each,100.0,,0.0927,0.0927,0.9477,0.9477,,0.00,,,0.00,,0.00,
MI Indian Yogurt,1.00,Each,1.00,Each,1.00,,Inactive,=,,Inactive,=,1.00,Each,No,,,BATCH Indian Yogurt,1.00,Cont-5oz-fl,100.0,,0.8550,0.8550,0.9477,0.9477,,0.00,,,0.00,,0.00,
MI Kachumber Salad,1.00,Each,1.00,Each,1.00,,Inactive,=,,Inactive,=,1.00,Each,No,,,BATCH Kachumber Salad,0.50,OZ-wt,100.0,,0.0408,0.0408,0.0408,0.0408,,0.00,,,0.00,,0.00,
MI Kachumber Salad - Classic,1.00,Each,1.00,Each,1.00,,Inactive,=,,Inactive,=,1.00,Each,No,,,BATCH Kachumber Salad,0.60,OZ-wt,100.0,,0.0490,0.0490,0.0490,0.0490,,0.00,,,0.00,,0.00,
MI Kachumber Salad - Desi Deluxe,1.00,Each,1.00,Each,1.00,,Inactive,=,,Inactive,=,1.00,Each,No,,,BATCH Kachumber Salad,0.56,OZ-wt,100.0,,0.0457,0.0457,0.0457,0.0457,,0.00,,,0.00,,0.00,
MI Kachumber Salad - Party Pack,1.00,Each,1.00,Each,1.00,,Inactive,=,,Inactive,=,1.00,Each,No,,,BATCH Kachumber Salad,0.70,OZ-wt,100.0,,0.0572,0.0572,0.0572,0.0572,,0.00,,,0.00,,0.00,
MI Kids Meal - In House,1.00,Each,1.00,Each,1.00,,Inactive,=,,Inactive,=,1.00,Each,No,,,MI To Go Kids Disposables - In House,1.00,Each,100.0,,0.8032,0.8032,0.8032,0.8032,,0.00,,,0.00,,0.00,
MI Kids Meal - Online,1.00,Each,1.00,Each,1.00,,Inactive,=,,Inactive,=,1.00,Each,No,,,MI To Go Kids Disposables - Online,1.00,Each,100.0,,0.8966,0.8966,0.8966,0.8966,,0.00,,,0.00,,0.00,
MI Kingfisher 1 bottle,1.00,Each,1.00,Each,1.00,,Inactive,=,,Inactive,=,1.00,Each,No,,,"Beer, Kingfisher",1.00,Bottle,100.0,,1.5583,1.5583,1.5583,1.5583,,0.00,,,0.00,,0.00,
MI Kokum Punch,1.00,Each,1.00,Each,1.00,,Inactive,=,,Inactive,=,1.00,Each,No,,,"Cup, 16oz Rasa",1.00,Each,100.0,,0.0900,0.0900,0.5532,0.5532,,,,,,,,
MI Kokum Punch,1.00,Each,1.00,Each,1.00,,Inactive,=,,Inactive,=,1.00,Each,No,,,BATCH Kokum Punch,16.00,OZ-fl,100.0,,0.4138,0.4138,0.5532,0.5532,,,,,,,,
MI Kokum Punch,1.00,Each,1.00,Each,1.00,,Inactive,=,,Inactive,=,1.00,Each,No,,,"Straw, Wrapped",1.00,Each,100.0,,0.0180,0.0180,0.5532,0.5532,,,,,,,,
MI Kokum Punch,1.00,Each,1.00,Each,1.00,,Inactive,=,,Inactive,=,1.00,Each,No,,,"Lid, Cup 16oz",1.00,Each,100.0,,0.0314,0.0314,0.5532,0.5532,,,,,,,,
MI Kokum Punch - 1 Gallon,1.00,Each,1.00,Each,1.00,,Inactive,=,,Inactive,=,1.00,Each,No,,,BATCH Kokum Punch,1.00,Gal,100.0,,3.3107,3.3107,5.3103,5.3103,,,,,,,,
MI Kokum Punch - 1 Gallon,1.00,Each,1.00,Each,1.00,,Inactive,=,,Inactive,=,1.00,Each,No,,,"Bag, 1 Gallon Beverage",1.00,Each,100.0,,1.9996,1.9996,5.3103,5.3103,,,,,,,,
MI Kokum Punch - 1/2 Gallon,1.00,Each,1.00,Each,1.00,,Inactive,=,,Inactive,=,1.00,Each,No,,,BATCH Kokum Punch,0.50,Gal,100.0,,1.6554,1.6554,3.6550,3.6550,,,,,,,,
MI Kokum Punch - 1/2 Gallon,1.00,Each,1.00,Each,1.00,,Inactive,=,,Inactive,=,1.00,Each,No,,,"Bag, 1 Gallon Beverage",1.00,Each,100.0,,1.9996,1.9996,3.6550,3.6550,,,,,,,,
MI Kokum Vinaigrette - Portion Cup,1.00,Each,1.00,Each,1.00,,Inactive,=,,Inactive,=,1.00,Each,No,,,BATCH Kokum Vinaigrette,1.50,OZ-fl,100.0,,0.1220,0.1220,0.1450,0.1450,,,,,,,,
MI Kokum Vinaigrette - Portion Cup,1.00,Each,1.00,Each,1.00,,Inactive,=,,Inactive,=,1.00,Each,No,,,"Lid, Cup Portion 1.5/2oz",1.00,Each,100.0,,0.0104,0.0104,0.1450,0.1450,,,,,,,,
MI Kokum Vinaigrette - Portion Cup,1.00,Each,1.00,Each,1.00,,Inactive,=,,Inactive,=,1.00,Each,No,,,"Cup, Portion 1.5oz",1.00,Each,100.0,,0.0126,0.0126,0.1450,0.1450,,,,,,,,
MI Kokum Vinaigrette Dressing,1.00,Each,1.00,Each,1.00,,Inactive,=,,Inactive,=,1.00,Each,No,,,BATCH Kokum Vinaigrette,1.00,OZ-fl,100.0,,0.0814,0.0814,0.0814,0.0814,,0.00,,,0.00,,0.00,
MI Kokum Vinaigrette Dressing - Classic,1.00,Each,1.00,Each,1.00,,Inactive,=,,Inactive,=,1.00,Each,No,,,BATCH Kokum Vinaigrette,0.43,OZ-fl,100.0,,0.0350,0.0350,0.0350,0.0350,,0.00,,,0.00,,0.00,
MI Kokum Vinaigrette Dressing - Desi Deluxe,1.00,Each,1.00,Each,1.00,,Inactive,=,,Inactive,=,1.00,Each,No,,,BATCH Kokum Vinaigrette,0.48,OZ-fl,100.0,,0.0390,0.0390,0.0390,0.0390,,0.00,,,0.00,,0.00,
MI Kokum Vinaigrette Dressing - Party Pack,1.00,Each,1.00,Each,1.00,,Inactive,=,,Inactive,=,1.00,Each,No,,,BATCH Kokum Vinaigrette,0.50,OZ-fl,100.0,,0.0407,0.0407,0.0407,0.0407,,0.00,,,0.00,,0.00,
MI LaCroix Grapefruit,1.00,Each,1.00,Each,1.00,,Inactive,=,,Inactive,=,1.00,Each,No,,,"Can, Water LaCroix Grapefruit",1.00,Can-12oz-fl,100.0,,0.6127,0.6127,0.6127,0.6127,,0.00,,,0.00,,0.00,
MI LaCroix Lime,1.00,Each,1.00,Each,1.00,,Inactive,=,,Inactive,=,1.00,Each,No,,,"Can, Water LaCroix Lime",1.00,Can-12oz-fl,100.0,,0.6119,0.6119,0.6119,0.6119,,0.00,,,0.00,,0.00,
MI Lamb Kebab - Catering - Additional Item,1.00,Each,1.00,Each,1.00,,Inactive,=,,Inactive,=,1.00,Each,No,,,BATCH Lamb Kebab Meatballs Cooked,40.00,Each,100.0,,22.4420,22.4420,23.4916,23.4916,,0.00,,,0.00,,0.00,
MI Lamb Kebab - Catering - Additional Item,1.00,Each,1.00,Each,1.00,,Inactive,=,,Inactive,=,1.00,Each,No,,,"Pan, Third",1.00,Each,100.0,,0.6498,0.6498,23.4916,23.4916,,0.00,,,0.00,,0.00,
MI Lamb Kebab - Catering - Additional Item,1.00,Each,1.00,Each,1.00,,Inactive,=,,Inactive,=,1.00,Each,No,,,"Lid, Pan Third",1.00,Each,100.0,,0.3998,0.3998,23.4916,23.4916,,0.00,,,0.00,,0.00,
MI Lamb Kebab - Classic,1.00,Each,1.00,Each,1.00,,Inactive,=,,Inactive,=,1.00,Each,No,,,BATCH Lamb Kebab Meatballs Cooked,1.75,CT,100.0,,0.9818,0.9818,0.9818,0.9818,,0.00,,,0.00,,0.00,
MI Lamb Kebab - Desi Deluxe,1.00,Each,1.00,Each,1.00,,Inactive,=,,Inactive,=,1.00,Each,No,,,BATCH Lamb Kebab Meatballs Cooked,1.67,CT,100.0,,0.9370,0.9370,0.9370,0.9370,,0.00,,,0.00,,0.00,
MI Lamb Kebab - Kids,1.00,Each,1.00,Each,1.00,,Inactive,=,,Inactive,=,1.00,Each,No,,,BATCH Lamb Kebab Meatballs Cooked,2.00,CT,100.0,,1.1221,1.1221,1.1221,1.1221,,0.00,,,0.00,,0.00,
MI Lamb Kebab - Party Pack,1.00,Each,1.00,Each,1.00,,Inactive,=,,Inactive,=,1.00,Each,No,,,BATCH Lamb Kebab Meatballs Cooked,2.00,CT,100.0,,1.1221,1.1221,1.1221,1.1221,,0.00,,,0.00,,0.00,
MI Lamb Kebab Bowl - In House,1.00,Each,1.00,Each,1.00,,Inactive,=,,Inactive,=,1.00,Each,No,,,BATCH Lamb Kebab Meatballs Cooked,4.00,CT,100.0,,2.2442,2.2442,3.8296,3.8296,,0.00,,,0.00,,0.00,
MI Lamb Kebab Bowl - In House,1.00,Each,1.00,Each,1.00,,Inactive,=,,Inactive,=,1.00,Each,No,,,BATCH Spiced Chickpeas,3.10,OZ-wt,100.0,,0.1377,0.1377,3.8296,3.8296,,0.00,,,0.00,,0.00,
MI Lamb Kebab Bowl - In House,1.00,Each,1.00,Each,1.00,,Inactive,=,,Inactive,=,1.00,Each,No,,,EVERMADE Peanut Sesame Sauce,4.00,OZ-fl,100.0,,0.5310,0.5310,3.8296,3.8296,,0.00,,,0.00,,0.00,
MI Lamb Kebab Bowl - In House,1.00,Each,1.00,Each,1.00,,Inactive,=,,Inactive,=,1.00,Each,No,,,MI To Go Bowl Disposables - In House,1.00,Each,100.0,,0.4878,0.4878,3.8296,3.8296,,0.00,,,0.00,,0.00,
MI Lamb Kebab Bowl - In House,1.00,Each,1.00,Each,1.00,,Inactive,=,,Inactive,=,1.00,Each,No,,,YIELD Cucumber Chopped,0.50,OZ-wt,100.0,,0.0161,0.0161,3.8296,3.8296,,0.00,,,0.00,,0.00,
MI Lamb Kebab Bowl - In House,1.00,Each,1.00,Each,1.00,,Inactive,=,,Inactive,=,1.00,Each,No,,,BATCH Basmati Rice,7.30,OZ-wt,100.0,,0.1849,0.1849,3.8296,3.8296,,0.00,,,0.00,,0.00,
MI Lamb Kebab Bowl - In House,1.00,Each,1.00,Each,1.00,,Inactive,=,,Inactive,=,1.00,Each,No,,,BATCH Pickled Onions,0.50,OZ-wt,100.0,,0.0425,0.0425,3.8296,3.8296,,0.00,,,0.00,,0.00,
MI Lamb Kebab Bowl - In House,1.00,Each,1.00,Each,1.00,,Inactive,=,,Inactive,=,1.00,Each,No,,,BATCH Mint Cilantro Chutney,1.00,OZ-fl,100.0,,0.1854,0.1854,3.8296,3.8296,,0.00,,,0.00,,0.00,
MI Lamb Kebab Bowl - Online,1.00,Each,1.00,Each,1.00,,Inactive,=,,Inactive,=,1.00,Each,No,,,MI To Go Bowl Disposables - Online,1.00,Each,100.0,,0.6065,0.6065,0.6065,0.6065,,0.00,,,0.00,,0.00,
MI Lamb Kebab Meatballs,1.00,Each,1.00,Each,1.00,,Inactive,=,,Inactive,=,1.00,Each,No,,,BATCH Lamb Kebab Meatballs Cooked,4.00,CT,100.0,,2.2442,2.2442,2.2442,2.2442,,0.00,,,0.00,,0.00,
MI Lemon Turmeric Rice,1.00,Each,1.00,Each,1.00,,Inactive,=,,Inactive,=,1.00,Each,No,,,BATCH Lemon Turmeric Rice,8.00,OZ-wt,100.0,,0.2447,0.2447,0.2447,0.2447,,0.00,,,0.00,,0.00,
MI Lemon Turmeric Rice - Catering - Additional Item,1.00,Each,1.00,Each,1.00,,Inactive,=,,Inactive,=,1.00,Each,No,,,"Pan, Third",1.00,Each,100.0,,0.6498,0.6498,2.2197,2.2197,,0.00,,,0.00,,0.00,
MI Lemon Turmeric Rice - Catering - Additional Item,1.00,Each,1.00,Each,1.00,,Inactive,=,,Inactive,=,1.00,Each,No,,,"Lid, Pan Third",1.00,Each,100.0,,0.3998,0.3998,2.2197,2.2197,,0.00,,,0.00,,0.00,
MI Lemon Turmeric Rice - Catering - Additional Item,1.00,Each,1.00,Each,1.00,,Inactive,=,,Inactive,=,1.00,Each,No,,,BATCH Lemon Turmeric Rice,38.25,OZ-wt,100.0,,1.1701,1.1701,2.2197,2.2197,,0.00,,,0.00,,0.00,
MI Lemon Turmeric Rice - Classic,1.00,Each,1.00,Each,1.00,,Inactive,=,,Inactive,=,1.00,Each,No,,,BATCH Lemon Turmeric Rice,3.64,OZ-wt,100.0,,0.1114,0.1114,0.1114,0.1114,,0.00,,,0.00,,0.00,
MI Lemon Turmeric Rice - Desi Deluxe,1.00,Each,1.00,Each,1.00,,Inactive,=,,Inactive,=,1.00,Each,No,,,BATCH Lemon Turmeric Rice,3.40,OZ-wt,100.0,,0.1040,0.1040,0.1040,0.1040,,0.00,,,0.00,,0.00,
MI Lemon Turmeric Rice - Party Pack,1.00,Each,1.00,Each,1.00,,Inactive,=,,Inactive,=,1.00,Each,No,,,BATCH Lemon Turmeric Rice,4.25,OZ-wt,100.0,,0.1300,0.1300,0.1300,0.1300,,0.00,,,0.00,,0.00,
MI Lemon Turmeric Rice - Side,1.00,Each,1.00,Each,1.00,,Inactive,=,,Inactive,=,1.00,Each,No,,,"Lid, Cup Soup",1.00,Each,100.0,,0.0550,0.0550,0.3647,0.3647,,0.00,,,0.00,,0.00,
MI Lemon Turmeric Rice - Side,1.00,Each,1.00,Each,1.00,,Inactive,=,,Inactive,=,1.00,Each,No,,,"Cup, Soup",1.00,Each,100.0,,0.0650,0.0650,0.3647,0.3647,,0.00,,,0.00,,0.00,
MI Lemon Turmeric Rice - Side,1.00,Each,1.00,Each,1.00,,Inactive,=,,Inactive,=,1.00,Each,No,,,BATCH Lemon Turmeric Rice,8.00,OZ-wt,100.0,,0.2447,0.2447,0.3647,0.3647,,0.00,,,0.00,,0.00,
MI Lentil Chip Tray - 10,1.00,Each,1.00,Each,1.00,,Inactive,=,,Inactive,=,1.00,Each,No,,,EVERMADE Sweet Tamarind,8.00,OZ-fl,100.0,,1.4487,1.4487,4.6376,4.6376,,0.00,,,0.00,,0.00,
MI Lentil Chip Tray - 10,1.00,Each,1.00,Each,1.00,,Inactive,=,,Inactive,=,1.00,Each,No,,,"Lid, Cup Soup",2.00,Each,100.0,,0.1099,0.1099,4.6376,4.6376,,0.00,,,0.00,,0.00,
MI Lentil Chip Tray - 10,1.00,Each,1.00,Each,1.00,,Inactive,=,,Inactive,=,1.00,Each,No,,,"Cup, Soup",2.00,Each,100.0,,0.1299,0.1299,4.6376,4.6376,,0.00,,,0.00,,0.00,
MI Lentil Chip Tray - 10,1.00,Each,1.00,Each,1.00,,Inactive,=,,Inactive,=,1.00,Each,No,,,"Pan, Third",1.00,Each,100.0,,0.6498,0.6498,4.6376,4.6376,,0.00,,,0.00,,0.00,
MI Lentil Chip Tray - 10,1.00,Each,1.00,Each,1.00,,Inactive,=,,Inactive,=,1.00,Each,No,,,"Lid, Pan Third",1.00,Each,100.0,,0.3998,0.3998,4.6376,4.6376,,0.00,,,0.00,,0.00,
MI Lentil Chip Tray - 10,1.00,Each,1.00,Each,1.00,,Inactive,=,,Inactive,=,1.00,Each,No,,,Papad Lentil Chips,5.00,Each,100.0,,0.4165,0.4165,4.6376,4.6376,,0.00,,,0.00,,0.00,
MI Lentil Chip Tray - 10,1.00,Each,1.00,Each,1.00,,Inactive,=,,Inactive,=,1.00,Each,No,,,BATCH Mint Cilantro Chutney,8.00,OZ-fl,100.0,,1.4830,1.4830,4.6376,4.6376,,0.00,,,0.00,,0.00,
MI Lentil Chips,1.00,Each,1.00,Each,1.00,,Inactive,=,,Inactive,=,1.00,Each,No,,,BATCH Lentil Chips,1.00,Each,100.0,,0.0416,0.0416,0.0416,0.0416,,0.00,,,0.00,,0.00,
MI Maine Root - Blueberry,1.00,Each,1.00,Each,1.00,,Inactive,=,,Inactive,=,1.00,Each,No,,,"Soda, Maine Root Blueberry",2.00,OZ-fl,100.0,,0.0000,0.0000,0.1394,0.1394,,,,,,,,
MI Maine Root - Blueberry,1.00,Each,1.00,Each,1.00,,Inactive,=,,Inactive,=,1.00,Each,No,,,"Cup, 16oz Rasa",1.00,Each,100.0,,0.0900,0.0900,0.1394,0.1394,,,,,,,,
MI Maine Root - Blueberry,1.00,Each,1.00,Each,1.00,,Inactive,=,,Inactive,=,1.00,Each,No,,,"Straw, Wrapped",1.00,Each,100.0,,0.0180,0.0180,0.1394,0.1394,,,,,,,,
MI Maine Root - Blueberry,1.00,Each,1.00,Each,1.00,,Inactive,=,,Inactive,=,1.00,Each,No,,,"Lid, Cup 16oz",1.00,Each,100.0,,0.0314,0.0314,0.1394,0.1394,,,,,,,,
MI Maine Root - Diet Mexican Cola,1.00,Each,1.00,Each,1.00,,Inactive,=,,Inactive,=,1.00,Each,No,,,"Soda, Maine Root Diet Cola",2.00,OZ-fl,100.0,,0.0000,0.0000,0.1394,0.1394,,,,,,,,
MI Maine Root - Diet Mexican Cola,1.00,Each,1.00,Each,1.00,,Inactive,=,,Inactive,=,1.00,Each,No,,,"Cup, 16oz Rasa",1.00,Each,100.0,,0.0900,0.0900,0.1394,0.1394,,,,,,,,
MI Maine Root - Diet Mexican Cola,1.00,Each,1.00,Each,1.00,,Inactive,=,,Inactive,=,1.00,Each,No,,,"Straw, Wrapped",1.00,Each,100.0,,0.0180,0.0180,0.1394,0.1394,,,,,,,,
MI Maine Root - Diet Mexican Cola,1.00,Each,1.00,Each,1.00,,Inactive,=,,Inactive,=,1.00,Each,No,,,"Lid, Cup 16oz",1.00,Each,100.0,,0.0314,0.0314,0.1394,0.1394,,,,,,,,
MI Maine Root - Ginger Brew,1.00,Each,1.00,Each,1.00,,Inactive,=,,Inactive,=,1.00,Each,No,,,"Soda, Maine Root Ginger Brew",2.00,OZ-fl,100.0,,0.0000,0.0000,0.1394,0.1394,,,,,,,,
MI Maine Root - Ginger Brew,1.00,Each,1.00,Each,1.00,,Inactive,=,,Inactive,=,1.00,Each,No,,,"Cup, 16oz Rasa",1.00,Each,100.0,,0.0900,0.0900,0.1394,0.1394,,,,,,,,
MI Maine Root - Ginger Brew,1.00,Each,1.00,Each,1.00,,Inactive,=,,Inactive,=,1.00,Each,No,,,"Straw, Wrapped",1.00,Each,100.0,,0.0180,0.0180,0.1394,0.1394,,,,,,,,
MI Maine Root - Ginger Brew,1.00,Each,1.00,Each,1.00,,Inactive,=,,Inactive,=,1.00,Each,No,,,"Lid, Cup 16oz",1.00,Each,100.0,,0.0314,0.0314,0.1394,0.1394,,,,,,,,
MI Maine Root - Lemon Lime,1.00,Each,1.00,Each,1.00,,Inactive,=,,Inactive,=,1.00,Each,No,,,"Soda, Maine Root Lemon-Lime",2.00,OZ-fl,100.0,,0.0000,0.0000,0.1394,0.1394,,,,,,,,
MI Maine Root - Lemon Lime,1.00,Each,1.00,Each,1.00,,Inactive,=,,Inactive,=,1.00,Each,No,,,"Cup, 16oz Rasa",1.00,Each,100.0,,0.0900,0.0900,0.1394,0.1394,,,,,,,,
MI Maine Root - Lemon Lime,1.00,Each,1.00,Each,1.00,,Inactive,=,,Inactive,=,1.00,Each,No,,,"Straw, Wrapped",1.00,Each,100.0,,0.0180,0.0180,0.1394,0.1394,,,,,,,,
MI Maine Root - Lemon Lime,1.00,Each,1.00,Each,1.00,,Inactive,=,,Inactive,=,1.00,Each,No,,,"Lid, Cup 16oz",1.00,Each,100.0,,0.0314,0.0314,0.1394,0.1394,,,,,,,,
MI Maine Root - Mexicane Cola,1.00,Each,1.00,Each,1.00,,Inactive,=,,Inactive,=,1.00,Each,No,,,"Soda, Maine Root Cola",2.00,OZ-fl,100.0,,0.0000,0.0000,0.1394,0.1394,,,,,,,,
MI Maine Root - Mexicane Cola,1.00,Each,1.00,Each,1.00,,Inactive,=,,Inactive,=,1.00,Each,No,,,"Cup, 16oz Rasa",1.00,Each,100.0,,0.0900,0.0900,0.1394,0.1394,,,,,,,,
MI Maine Root - Mexicane Cola,1.00,Each,1.00,Each,1.00,,Inactive,=,,Inactive,=,1.00,Each,No,,,"Straw, Wrapped",1.00,Each,100.0,,0.0180,0.0180,0.1394,0.1394,,,,,,,,
MI Maine Root - Mexicane Cola,1.00,Each,1.00,Each,1.00,,Inactive,=,,Inactive,=,1.00,Each,No,,,"Lid, Cup 16oz",1.00,Each,100.0,,0.0314,0.0314,0.1394,0.1394,,,,,,,,
MI Maine Root - Root Beer,1.00,Each,1.00,Each,1.00,,Inactive,=,,Inactive,=,1.00,Each,No,,,"Soda, Maine Root Root Beer",2.00,OZ-fl,100.0,,0.0000,0.0000,0.1394,0.1394,,,,,,,,
MI Maine Root - Root Beer,1.00,Each,1.00,Each,1.00,,Inactive,=,,Inactive,=,1.00,Each,No,,,"Cup, 16oz Rasa",1.00,Each,100.0,,0.0900,0.0900,0.1394,0.1394,,,,,,,,
MI Maine Root - Root Beer,1.00,Each,1.00,Each,1.00,,Inactive,=,,Inactive,=,1.00,Each,No,,,"Straw, Wrapped",1.00,Each,100.0,,0.0180,0.0180,0.1394,0.1394,,,,,,,,
MI Maine Root - Root Beer,1.00,Each,1.00,Each,1.00,,Inactive,=,,Inactive,=,1.00,Each,No,,,"Lid, Cup 16oz",1.00,Each,100.0,,0.0314,0.0314,0.1394,0.1394,,,,,,,,
MI Mango Coconut Yogurt,1.00,Each,1.00,Each,1.00,,Inactive,=,,Inactive,=,1.00,Each,No,,,MOBYS Mango Coconut Yogurt,1.00,OZ-fl,100.0,,0.2295,0.2295,0.2295,0.2295,,0.00,,,0.00,,0.00,
MI Mango Coconut Yogurt - Classic,1.00,Each,1.00,Each,1.00,,Inactive,=,,Inactive,=,1.00,Each,No,,,MOBYS Mango Coconut Yogurt,0.43,OZ-fl,100.0,,0.0987,0.0987,0.0987,0.0987,,0.00,,,0.00,,0.00,
MI Mango Coconut Yogurt - Desi Deluxe,1.00,Each,1.00,Each,1.00,,Inactive,=,,Inactive,=,1.00,Each,No,,,MOBYS Mango Coconut Yogurt,0.48,OZ-fl,100.0,,0.1102,0.1102,0.1102,0.1102,,0.00,,,0.00,,0.00,
MI Mango Coconut Yogurt - Party Pack,1.00,Each,1.00,Each,1.00,,Inactive,=,,Inactive,=,1.00,Each,No,,,MOBYS Mango Coconut Yogurt,0.50,OZ-fl,100.0,,0.1148,0.1148,0.1148,0.1148,,0.00,,,0.00,,0.00,
MI Mango Coconut Yogurt - Portion Cup,1.00,Each,1.00,Each,1.00,,Inactive,=,,Inactive,=,1.00,Each,No,,,MOBYS Mango Coconut Yogurt,1.50,OZ-fl,100.0,,0.3443,0.3443,0.3673,0.3673,,,,,,,,
MI Mango Coconut Yogurt - Portion Cup,1.00,Each,1.00,Each,1.00,,Inactive,=,,Inactive,=,1.00,Each,No,,,"Lid, Cup Portion 1.5/2oz",1.00,Each,100.0,,0.0104,0.0104,0.3673,0.3673,,,,,,,,
MI Mango Coconut Yogurt - Portion Cup,1.00,Each,1.00,Each,1.00,,Inactive,=,,Inactive,=,1.00,Each,No,,,"Cup, Portion 1.5oz",1.00,Each,100.0,,0.0126,0.0126,0.3673,0.3673,,,,,,,,
MI Mango Lassi,1.00,Each,1.00,Each,1.00,,Inactive,=,,Inactive,=,1.00,Each,No,,,"Cup, 16oz Rasa",1.00,Each,100.0,,0.0900,0.0900,1.4784,1.4784,,,,,,,,
MI Mango Lassi,1.00,Each,1.00,Each,1.00,,Inactive,=,,Inactive,=,1.00,Each,No,,,"Straw, Wrapped",1.00,Each,100.0,,0.0180,0.0180,1.4784,1.4784,,,,,,,,
MI Mango Lassi,1.00,Each,1.00,Each,1.00,,Inactive,=,,Inactive,=,1.00,Each,No,,,"Lid, Cup 16oz",1.00,Each,100.0,,0.0314,0.0314,1.4784,1.4784,,,,,,,,
MI Mango Lassi,1.00,Each,1.00,Each,1.00,,Inactive,=,,Inactive,=,1.00,Each,No,,,BATCH Mango Lassi,16.00,OZ-fl,100.0,,1.3390,1.3390,1.4784,1.4784,,,,,,,,
MI Mango Lassi - 1 Cup,1.00,Each,1.00,Each,1.00,,Inactive,=,,Inactive,=,1.00,Each,No,,,"Cup, 16oz Rasa",1.00,Each,100.0,,0.0900,0.0900,0.8089,0.8089,,,,,,,,
MI Mango Lassi - 1 Cup,1.00,Each,1.00,Each,1.00,,Inactive,=,,Inactive,=,1.00,Each,No,,,"Straw, Wrapped",1.00,Each,100.0,,0.0180,0.0180,0.8089,0.8089,,,,,,,,
MI Mango Lassi - 1 Cup,1.00,Each,1.00,Each,1.00,,Inactive,=,,Inactive,=,1.00,Each,No,,,"Lid, Cup 16oz",1.00,Each,100.0,,0.0314,0.0314,0.8089,0.8089,,,,,,,,
MI Mango Lassi - 1 Cup,1.00,Each,1.00,Each,1.00,,Inactive,=,,Inactive,=,1.00,Each,No,,,BATCH Mango Lassi,8.00,OZ-fl,100.0,,0.6695,0.6695,0.8089,0.8089,,,,,,,,
MI Mango Lassi - 1 Gallon,1.00,Each,1.00,Each,1.00,,Inactive,=,,Inactive,=,1.00,Each,No,,,"Bag, 1 Gallon Beverage",1.00,Each,100.0,,1.9996,1.9996,12.7117,12.7117,,,,,,,,
MI Mango Lassi - 1 Gallon,1.00,Each,1.00,Each,1.00,,Inactive,=,,Inactive,=,1.00,Each,No,,,BATCH Mango Lassi,1.00,Gal,100.0,,10.7121,10.7121,12.7117,12.7117,,,,,,,,
MI Mango Lassi - 1/2 Gallon,1.00,Each,1.00,Each,1.00,,Inactive,=,,Inactive,=,1.00,Each,No,,,"Bag, 1 Gallon Beverage",1.00,Each,100.0,,1.9996,1.9996,7.3557,7.3557,,,,,,,,
MI Mango Lassi - 1/2 Gallon,1.00,Each,1.00,Each,1.00,,Inactive,=,,Inactive,=,1.00,Each,No,,,BATCH Mango Lassi,0.50,Gal,100.0,,5.3561,5.3561,7.3557,7.3557,,,,,,,,
MI Mango Lassi - 12 oz fl,1.00,Each,1.00,Each,1.00,,Inactive,=,,Inactive,=,1.00,Each,No,,,BATCH Mango Lassi,12.00,OZ-fl,100.0,,1.0043,1.0043,1.0043,1.0043,,,,,,,,
MI Mango Salsa,1.00,Each,1.00,Each,1.00,,Inactive,=,,Inactive,=,1.00,Each,No,,,BATCH Mango Salsa,0.50,OZ-wt,100.0,,0.3291,0.3291,0.3291,0.3291,,0.00,,,0.00,,0.00,
MI Mango Salsa - Classic,1.00,Each,1.00,Each,1.00,,Inactive,=,,Inactive,=,1.00,Each,No,,,BATCH Mango Salsa,0.60,OZ-wt,100.0,,0.3949,0.3949,0.3949,0.3949,,0.00,,,0.00,,0.00,
MI Mango Salsa - Desi Deluxe,1.00,Each,1.00,Each,1.00,,Inactive,=,,Inactive,=,1.00,Each,No,,,BATCH Mango Salsa,0.56,OZ-wt,100.0,,0.3686,0.3686,0.3686,0.3686,,0.00,,,0.00,,0.00,
MI Mango Salsa - Party Pack,1.00,Each,1.00,Each,1.00,,Inactive,=,,Inactive,=,1.00,Each,No,,,BATCH Mango Salsa,0.70,OZ-wt,100.0,,0.4607,0.4607,0.4607,0.4607,,0.00,,,0.00,,0.00,
MI Masala Beets,1.00,Each,1.00,Each,1.00,,Inactive,=,,Inactive,=,1.00,Each,No,,,BATCH Masala Beets,0.50,OZ-wt,100.0,,0.0967,0.0967,0.0967,0.0967,,0.00,,,0.00,,0.00,
MI Masala Beets - Classic,1.00,Each,1.00,Each,1.00,,Inactive,=,,Inactive,=,1.00,Each,No,,,BATCH Masala Beets,0.43,OZ-wt,100.0,,0.0832,0.0832,0.0832,0.0832,,0.00,,,0.00,,0.00,
MI Masala Beets - Desi Deluxe,1.00,Each,1.00,Each,1.00,,Inactive,=,,Inactive,=,1.00,Each,No,,,BATCH Masala Beets,0.40,OZ-wt,100.0,,0.0774,0.0774,0.0774,0.0774,,0.00,,,0.00,,0.00,
MI Masala Beets - Party Pack,1.00,Each,1.00,Each,1.00,,Inactive,=,,Inactive,=,1.00,Each,No,,,BATCH Masala Beets,0.50,OZ-wt,100.0,,0.0967,0.0967,0.0967,0.0967,,0.00,,,0.00,,0.00,
MI Masala Chai Cookie - Single,1.00,Each,1.00,Each,1.00,,Inactive,=,,Inactive,=,1.00,Each,No,,,BATCH Masala Chai Cookies,1.00,Each,100.0,,0.1482,0.1482,0.1682,0.1682,,0.00,,,0.00,,0.00,
MI Masala Chai Cookie - Single,1.00,Each,1.00,Each,1.00,,Inactive,=,,Inactive,=,1.00,Each,No,,,"Bag, Cookie",1.00,Each,100.0,,0.0200,0.0200,0.1682,0.1682,,0.00,,,0.00,,0.00,
MI Masala Chai Cookies,1.00,Each,1.00,Each,1.00,,Inactive,=,,Inactive,=,1.00,Each,No,,,BATCH Masala Chai Cookies,2.00,Each,100.0,,0.2964,0.2964,0.3164,0.3164,,0.00,,,0.00,,0.00,
MI Masala Chai Cookies,1.00,Each,1.00,Each,1.00,,Inactive,=,,Inactive,=,1.00,Each,No,,,"Bag, Cookie",1.00,Each,100.0,,0.0200,0.0200,0.3164,0.3164,,0.00,,,0.00,,0.00,
MI Masala Chai Cookies - 10,1.00,Each,1.00,Each,1.00,,Inactive,=,,Inactive,=,1.00,Each,No,,,BATCH Masala Chai Cookies,10.00,Each,100.0,,1.4819,1.4819,1.4819,1.4819,,0.00,,,0.00,,0.00,
MI Masala Chai Cookies - 100,1.00,Each,1.00,Each,1.00,,Inactive,=,,Inactive,=,1.00,Each,No,,,BATCH Masala Chai Cookies,100.00,Each,100.0,,14.8191,14.8191,14.8191,14.8191,,0.00,,,0.00,,0.00,
MI Masala Chai Cookies - 20,1.00,Each,1.00,Each,1.00,,Inactive,=,,Inactive,=,1.00,Each,No,,,BATCH Masala Chai Cookies,20.00,Each,100.0,,2.9638,2.9638,2.9638,2.9638,,0.00,,,0.00,,0.00,
MI Masala Chai Cookies - 30,1.00,Each,1.00,Each,1.00,,Inactive,=,,Inactive,=,1.00,Each,No,,,BATCH Masala Chai Cookies,30.00,Each,100.0,,4.4457,4.4457,4.4457,4.4457,,0.00,,,0.00,,0.00,
MI Masala Chai Cookies - 50,1.00,Each,1.00,Each,1.00,,Inactive,=,,Inactive,=,1.00,Each,No,,,BATCH Masala Chai Cookies,50.00,Each,100.0,,7.4096,7.4096,7.4096,7.4096,,0.00,,,0.00,,0.00,
MI Masala Gin + Tonic,1.00,Each,1.00,Each,1.00,,Inactive,=,,Inactive,=,1.00,Each,No,,,BATCH Masala Gin + Tonic,6.00,OZ-fl,100.0,,2.6524,2.6524,2.6524,2.6524,,0.00,,,0.00,,0.00,
MI Masala Gin + Tonic 1 jar,1.00,Each,1.00,Each,1.00,,Inactive,=,,Inactive,=,1.00,Each,No,,,"Lid, Cup 16oz",1.00,Each,100.0,,0.0314,0.0314,7.1944,7.1944,,0.00,,,0.00,,0.00,
MI Masala Gin + Tonic 1 jar,1.00,Each,1.00,Each,1.00,,Inactive,=,,Inactive,=,1.00,Each,No,,,"Cup, 16oz Rasa",1.00,Each,100.0,,0.0900,0.0900,7.1944,7.1944,,0.00,,,0.00,,0.00,
MI Masala Gin + Tonic 1 jar,1.00,Each,1.00,Each,1.00,,Inactive,=,,Inactive,=,1.00,Each,No,,,BATCH Masala Gin + Tonic,16.00,OZ-fl,100.0,,7.0730,7.0730,7.1944,7.1944,,0.00,,,0.00,,0.00,
MI Masala Gin + Tonic Growler,1.00,Each,1.00,Each,1.00,,Inactive,=,,Inactive,=,1.00,Each,No,,,"Lid, Cup 16oz",1.00,Each,100.0,,0.0314,0.0314,14.3574,14.3574,,0.00,,,0.00,,0.00,
MI Masala Gin + Tonic Growler,1.00,Each,1.00,Each,1.00,,Inactive,=,,Inactive,=,1.00,Each,No,,,"Cup, 16oz Rasa",2.00,Each,100.0,,0.1799,0.1799,14.3574,14.3574,,0.00,,,0.00,,0.00,
MI Masala Gin + Tonic Growler,1.00,Each,1.00,Each,1.00,,Inactive,=,,Inactive,=,1.00,Each,No,,,BATCH Masala Gin + Tonic,32.00,OZ-fl,100.0,,14.1461,14.1461,14.3574,14.3574,,0.00,,,0.00,,0.00,
MI Masala Quinoa,1.00,Each,1.00,Each,1.00,,Inactive,=,,Inactive,=,1.00,Each,No,,,BATCH Masala Quinoa,8.00,OZ-wt,100.0,,0.3185,0.3185,0.3185,0.3185,,0.00,,,0.00,,0.00,
MI Masala Quinoa - Catering - Additional Item,1.00,Each,1.00,Each,1.00,,Inactive,=,,Inactive,=,1.00,Each,No,,,BATCH Masala Quinoa,38.25,OZ-wt,100.0,,1.5230,1.5230,2.5726,2.5726,,0.00,,,0.00,,0.00,
MI Masala Quinoa - Catering - Additional Item,1.00,Each,1.00,Each,1.00,,Inactive,=,,Inactive,=,1.00,Each,No,,,"Lid, Pan Third",1.00,Each,100.0,,0.3998,0.3998,2.5726,2.5726,,0.00,,,0.00,,0.00,
MI Masala Quinoa - Catering - Additional Item,1.00,Each,1.00,Each,1.00,,Inactive,=,,Inactive,=,1.00,Each,No,,,"Pan, Third",1.00,Each,100.0,,0.6498,0.6498,2.5726,2.5726,,0.00,,,0.00,,0.00,
MI Masala Quinoa - Classic,1.00,Each,1.00,Each,1.00,,Inactive,=,,Inactive,=,1.00,Each,No,,,BATCH Masala Quinoa,3.64,OZ-wt,100.0,,0.1449,0.1449,0.1449,0.1449,,0.00,,,0.00,,0.00,
MI Masala Quinoa - Desi Deluxe,1.00,Each,1.00,Each,1.00,,Inactive,=,,Inactive,=,1.00,Each,No,,,BATCH Masala Quinoa,3.40,OZ-wt,100.0,,0.1354,0.1354,0.1354,0.1354,,0.00,,,0.00,,0.00,
MI Masala Quinoa - Party Pack,1.00,Each,1.00,Each,1.00,,Inactive,=,,Inactive,=,1.00,Each,No,,,BATCH Masala Quinoa,4.25,OZ-wt,100.0,,0.1692,0.1692,0.1692,0.1692,,0.00,,,0.00,,0.00,
MI Masala Quinoa - Side,1.00,Each,1.00,Each,1.00,,Inactive,=,,Inactive,=,1.00,Each,No,,,BATCH Masala Quinoa,8.00,OZ-wt,100.0,,0.3185,0.3185,0.4385,0.4385,,0.00,,,0.00,,0.00,
MI Masala Quinoa - Side,1.00,Each,1.00,Each,1.00,,Inactive,=,,Inactive,=,1.00,Each,No,,,"Lid, Cup Soup",1.00,Each,100.0,,0.0550,0.0550,0.4385,0.4385,,0.00,,,0.00,,0.00,
MI Masala Quinoa - Side,1.00,Each,1.00,Each,1.00,,Inactive,=,,Inactive,=,1.00,Each,No,,,"Cup, Soup",1.00,Each,100.0,,0.0650,0.0650,0.4385,0.4385,,0.00,,,0.00,,0.00,
MI Masala Yogurt,1.00,Each,1.00,Each,1.00,,Inactive,=,,Inactive,=,1.00,Each,No,,,BATCH Masala Yogurt,0.95,OZ-wt,100.0,,0.1542,0.1542,0.1542,0.1542,,0.00,,,0.00,,0.00,
MI Microgreens,1.00,Each,1.00,Each,1.00,,Inactive,=,,Inactive,=,1.00,Each,No,,,Microgreens,0.50,OZ-wt,100.0,,1.8969,1.8969,1.8969,1.8969,,0.00,,,0.00,,0.00,
MI Mini Samosa - Individual,1.00,Each,1.00,Each,1.00,,Inactive,=,,Inactive,=,1.00,Each,No,,,Samosa,1.00,Each,100.0,,0.2990,0.2990,0.2990,0.2990,,0.00,,,0.00,,0.00,
MI Mini Samosas,1.00,Each,1.00,Each,1.00,,Inactive,=,,Inactive,=,1.00,Each,No,,,EVERMADE Sweet Tamarind,1.50,OZ-fl,100.0,,0.2716,0.2716,1.2240,1.2240,,0.00,,,0.00,,0.00,
MI Mini Samosas,1.00,Each,1.00,Each,1.00,,Inactive,=,,Inactive,=,1.00,Each,No,,,Napkins,1.00,Each,100.0,,0.0083,0.0083,1.2240,1.2240,,0.00,,,0.00,,0.00,
MI Mini Samosas,1.00,Each,1.00,Each,1.00,,Inactive,=,,Inactive,=,1.00,Each,No,,,"Lid, Cup Portion 1.5/2oz",2.00,Each,100.0,,0.0208,0.0208,1.2240,1.2240,,0.00,,,0.00,,0.00,
MI Mini Samosas,1.00,Each,1.00,Each,1.00,,Inactive,=,,Inactive,=,1.00,Each,No,,,"Cup, Portion 1.5oz",2.00,Each,100.0,,0.0252,0.0252,1.2240,1.2240,,0.00,,,0.00,,0.00,
MI Mini Samosas,1.00,Each,1.00,Each,1.00,,Inactive,=,,Inactive,=,1.00,Each,No,,,BATCH Mint Cilantro Chutney,1.50,OZ-fl,100.0,,0.2781,0.2781,1.2240,1.2240,,0.00,,,0.00,,0.00,
MI Mini Samosas,1.00,Each,1.00,Each,1.00,,Inactive,=,,Inactive,=,1.00,Each,No,,,"Bag, Samosa 2#",1.00,Each,100.0,,0.0220,0.0220,1.2240,1.2240,,0.00,,,0.00,,0.00,
MI Mini Samosas,1.00,Each,1.00,Each,1.00,,Inactive,=,,Inactive,=,1.00,Each,No,,,Samosa,2.00,Each,100.0,,0.5980,0.5980,1.2240,1.2240,,0.00,,,0.00,,0.00,
MI Mint Cardamom Limeade,1.00,Each,1.00,Each,1.00,,Inactive,=,,Inactive,=,1.00,Each,No,,,"Cup, 16oz Rasa",1.00,Each,100.0,,0.0900,0.0900,0.5646,0.5646,,,,,,,,
MI Mint Cardamom Limeade,1.00,Each,1.00,Each,1.00,,Inactive,=,,Inactive,=,1.00,Each,No,,,BATCH Mint Cardamom Limeade,16.00,OZ-fl,100.0,,0.4252,0.4252,0.5646,0.5646,,,,,,,,
MI Mint Cardamom Limeade,1.00,Each,1.00,Each,1.00,,Inactive,=,,Inactive,=,1.00,Each,No,,,"Straw, Wrapped",1.00,Each,100.0,,0.0180,0.0180,0.5646,0.5646,,,,,,,,
MI Mint Cardamom Limeade,1.00,Each,1.00,Each,1.00,,Inactive,=,,Inactive,=,1.00,Each,No,,,"Lid, Cup 16oz",1.00,Each,100.0,,0.0314,0.0314,0.5646,0.5646,,,,,,,,
MI Mint Cardamom Limeade - 1 Gallon,1.00,Each,1.00,Each,1.00,,Inactive,=,,Inactive,=,1.00,Each,No,,,"Bag, 1 Gallon Beverage",1.00,Each,100.0,,1.9996,1.9996,5.4014,5.4014,,,,,,,,
MI Mint Cardamom Limeade - 1 Gallon,1.00,Each,1.00,Each,1.00,,Inactive,=,,Inactive,=,1.00,Each,No,,,BATCH Mint Cardamom Limeade,1.00,Gal,100.0,,3.4018,3.4018,5.4014,5.4014,,,,,,,,
MI Mint Cardamom Limeade - 1/2 Gallon,1.00,Each,1.00,Each,1.00,,Inactive,=,,Inactive,=,1.00,Each,No,,,"Bag, 1 Gallon Beverage",1.00,Each,100.0,,1.9996,1.9996,3.7005,3.7005,,,,,,,,
MI Mint Cardamom Limeade - 1/2 Gallon,1.00,Each,1.00,Each,1.00,,Inactive,=,,Inactive,=,1.00,Each,No,,,BATCH Mint Cardamom Limeade,0.50,Gal,100.0,,1.7009,1.7009,3.7005,3.7005,,,,,,,,
MI Mint Cilantro Chutney,1.00,Each,1.00,Each,1.00,,Inactive,=,,Inactive,=,1.00,Each,No,,,BATCH Mint Cilantro Chutney,1.00,OZ-fl,100.0,,0.1854,0.1854,0.1854,0.1854,,0.00,,,0.00,,0.00,
MI Mint Cilantro Chutney - Classic,1.00,Each,1.00,Each,1.00,,Inactive,=,,Inactive,=,1.00,Each,No,,,BATCH Mint Cilantro Chutney,0.43,OZ-fl,100.0,,0.0797,0.0797,0.0797,0.0797,,0.00,,,0.00,,0.00,
MI Mint Cilantro Chutney - Desi Deluxe,1.00,Each,1.00,Each,1.00,,Inactive,=,,Inactive,=,1.00,Each,No,,,BATCH Mint Cilantro Chutney,0.48,OZ-fl,100.0,,0.0890,0.0890,0.0890,0.0890,,0.00,,,0.00,,0.00,
MI Mint Cilantro Chutney - Party Pack,1.00,Each,1.00,Each,1.00,,Inactive,=,,Inactive,=,1.00,Each,No,,,BATCH Mint Cilantro Chutney,0.50,OZ-fl,100.0,,0.0927,0.0927,0.0927,0.0927,,0.00,,,0.00,,0.00,
MI Mint Cilantro Chutney - Portion Cup,1.00,Each,1.00,Each,1.00,,Inactive,=,,Inactive,=,1.00,Each,No,,,BATCH Mint Cilantro Chutney,1.50,OZ-fl,100.0,,0.2781,0.2781,0.3011,0.3011,,,,,,,,
MI Mint Cilantro Chutney - Portion Cup,1.00,Each,1.00,Each,1.00,,Inactive,=,,Inactive,=,1.00,Each,No,,,"Lid, Cup Portion 1.5/2oz",1.00,Each,100.0,,0.0104,0.0104,0.3011,0.3011,,,,,,,,
MI Mint Cilantro Chutney - Portion Cup,1.00,Each,1.00,Each,1.00,,Inactive,=,,Inactive,=,1.00,Each,No,,,"Cup, Portion 1.5oz",1.00,Each,100.0,,0.0126,0.0126,0.3011,0.3011,,,,,,,,
MI Mint Cilantro Chutney - Quart,1.00,Each,1.00,Each,1.00,,Inactive,=,,Inactive,=,1.00,Each,No,,,"Cont, Deli 32oz with Lid",1.00,Each,100.0,,0.3430,0.3430,6.2752,6.2752,,,,,,,,
MI Mint Cilantro Chutney - Quart,1.00,Each,1.00,Each,1.00,,Inactive,=,,Inactive,=,1.00,Each,No,,,BATCH Mint Cilantro Chutney,32.00,OZ-fl,100.0,,5.9322,5.9322,6.2752,6.2752,,,,,,,,
MI Mont Gravet Rose - bottle,1.00,Each,1.00,Each,1.00,,Inactive,=,,Inactive,=,1.00,Each,No,,,"Wine, Mont Gravet Rose",0.75,Liter,100.0,,6.6708,6.6708,6.6708,6.6708,,0.00,,,0.00,,0.00,
MI Mont Gravet Rose - glass,1.00,Each,1.00,Each,1.00,,Inactive,=,,Inactive,=,1.00,Each,No,,,"Wine, Mont Gravet Rose",6.00,OZ-fl,100.0,,1.5782,1.5782,1.5782,1.5782,,0.00,,,0.00,,0.00,
MI Mumbai Mule,1.00,Each,1.00,Each,1.00,,Inactive,=,,Inactive,=,1.00,Each,No,,,BATCH Mumbai Mule,6.00,OZ-fl,100.0,,1.8566,1.8566,1.8566,1.8566,,0.00,,,0.00,,0.00,
MI Mumbai Mule Growler,1.00,Each,1.00,Each,1.00,,Inactive,=,,Inactive,=,1.00,Each,No,,,"Lid, Cup 16oz",2.00,Each,100.0,,0.0628,0.0628,10.1447,10.1447,,0.00,,,0.00,,0.00,
MI Mumbai Mule Growler,1.00,Each,1.00,Each,1.00,,Inactive,=,,Inactive,=,1.00,Each,No,,,"Cup, 16oz Rasa",2.00,Each,100.0,,0.1799,0.1799,10.1447,10.1447,,0.00,,,0.00,,0.00,
MI Mumbai Mule Growler,1.00,Each,1.00,Each,1.00,,Inactive,=,,Inactive,=,1.00,Each,No,,,BATCH Mumbai Mule,32.00,OZ-fl,100.0,,9.9020,9.9020,10.1447,10.1447,,0.00,,,0.00,,0.00,
MI Mumbai Mule Jar,1.00,Each,1.00,Each,1.00,,Inactive,=,,Inactive,=,1.00,Each,No,,,"Lid, Cup 16oz",1.00,Each,100.0,,0.0314,0.0314,5.0724,5.0724,,0.00,,,0.00,,0.00,
MI Mumbai Mule Jar,1.00,Each,1.00,Each,1.00,,Inactive,=,,Inactive,=,1.00,Each,No,,,"Cup, 16oz Rasa",1.00,Each,100.0,,0.0900,0.0900,5.0724,5.0724,,0.00,,,0.00,,0.00,
MI Mumbai Mule Jar,1.00,Each,1.00,Each,1.00,,Inactive,=,,Inactive,=,1.00,Each,No,,,BATCH Mumbai Mule,16.00,OZ-fl,100.0,,4.9510,4.9510,5.0724,5.0724,,0.00,,,0.00,,0.00,
MI Naan,1.00,Each,1.00,Each,1.00,,Inactive,=,,Inactive,=,1.00,Each,No,,,Naan - Stonefire,1.00,CT,100.0,,0.9313,0.9313,0.9313,0.9313,,0.00,,,0.00,,0.00,
MI Namaste White 1 can,1.00,Each,1.00,Each,1.00,,Inactive,=,,Inactive,=,1.00,Each,No,,,"Beer, Namaste White",1.00,Can-12oz-fl,100.0,,1.4958,1.4958,1.4958,1.4958,,0.00,,,0.00,,0.00,
MI Namaste White 6 pack,1.00,Each,1.00,Each,1.00,,Inactive,=,,Inactive,=,1.00,Each,No,,,"Beer, Namaste White",6.00,Can-12oz-fl,100.0,,8.9750,8.9750,8.9750,8.9750,,0.00,,,0.00,,0.00,
MI No Juice - Kids,1.00,Each,1.00,Each,1.00,,Inactive,=,,Inactive,=,1.00,Each,No,,,,,,,,,,,,,0.00,,,0.00,,0.00,
MI No Spread,1.00,Each,1.00,Each,1.00,,Inactive,=,,Inactive,=,1.00,Each,No,,,BATCH Masala Yogurt,0.00,OZ-wt,100.0,,0.0000,0.0000,0.0000,0.0000,,0.00,,,0.00,,0.00,
MI Nutrl Black Cherry,1.00,Each,1.00,Each,1.00,,Inactive,=,,Inactive,=,1.00,Each,No,,,"Nutrl, Black Cherry",1.00,Can-12oz-fl,100.0,,0.0000,0.0000,0.0000,0.0000,,0.00,0 D 0 H 0 M,,0.00,,0.00,
MI Nutrl Lime,1.00,Each,1.00,Each,1.00,,Inactive,=,,Inactive,=,1.00,Each,No,,,"Nutrl, Lime",1.00,Can-12oz-fl,100.0,,0.0000,0.0000,0.0000,0.0000,,0.00,0 D 0 H 0 M,,0.00,,0.00,
MI Nutrl Strawberry,1.00,Each,1.00,Each,1.00,,Inactive,=,,Inactive,=,1.00,Each,No,,,"Nutrl, Strawberry",1.00,Can-12oz-fl,100.0,,0.0000,0.0000,0.0000,0.0000,,0.00,0 D 0 H 0 M,,0.00,,0.00,
MI Olipop Cola,1.00,Each,1.00,Each,1.00,,Inactive,=,,Inactive,=,1.00,Each,No,,,"Can, Soda Olipop Cola",1.00,Can,100.0,,1.8625,1.8625,1.8625,1.8625,,0.00,,,0.00,,0.00,
MI Olipop Lemon Lime,1.00,Each,1.00,Each,1.00,,Inactive,=,,Inactive,=,1.00,Each,No,,,"Can, Soda Olipop Lemon Lime",1.00,Can-12oz-fl,100.0,,1.6000,1.6000,1.6000,1.6000,,0.00,,,0.00,,0.00,
MI Olipop Root Beer,1.00,Each,1.00,Each,1.00,,Inactive,=,,Inactive,=,1.00,Each,No,,,"Can, Soda Olipop Root Beer",1.00,Can-12oz-fl,100.0,,2.1800,2.1800,2.1800,2.1800,,0.00,,,0.00,,0.00,
MI Open Sesame - In House,1.00,Each,1.00,Each,1.00,,Inactive,=,,Inactive,=,1.00,Each,No,,,BATCH Lamb Kebab Meatballs Cooked,4.00,CT,100.0,,2.2442,2.2442,3.8296,3.8296,,0.00,,,0.00,,0.00,
MI Open Sesame - In House,1.00,Each,1.00,Each,1.00,,Inactive,=,,Inactive,=,1.00,Each,No,,,BATCH Spiced Chickpeas,3.10,OZ-wt,100.0,,0.1377,0.1377,3.8296,3.8296,,0.00,,,0.00,,0.00,
MI Open Sesame - In House,1.00,Each,1.00,Each,1.00,,Inactive,=,,Inactive,=,1.00,Each,No,,,EVERMADE Peanut Sesame Sauce,4.00,OZ-fl,100.0,,0.5310,0.5310,3.8296,3.8296,,0.00,,,0.00,,0.00,
MI Open Sesame - In House,1.00,Each,1.00,Each,1.00,,Inactive,=,,Inactive,=,1.00,Each,No,,,MI To Go Bowl Disposables - In House,1.00,Each,100.0,,0.4878,0.4878,3.8296,3.8296,,0.00,,,0.00,,0.00,
MI Open Sesame - In House,1.00,Each,1.00,Each,1.00,,Inactive,=,,Inactive,=,1.00,Each,No,,,YIELD Cucumber Chopped,0.50,OZ-wt,100.0,,0.0161,0.0161,3.8296,3.8296,,0.00,,,0.00,,0.00,
MI Open Sesame - In House,1.00,Each,1.00,Each,1.00,,Inactive,=,,Inactive,=,1.00,Each,No,,,BATCH Basmati Rice,7.30,OZ-wt,100.0,,0.1849,0.1849,3.8296,3.8296,,0.00,,,0.00,,0.00,
MI Open Sesame - In House,1.00,Each,1.00,Each,1.00,,Inactive,=,,Inactive,=,1.00,Each,No,,,BATCH Pickled Onions,0.50,OZ-wt,100.0,,0.0425,0.0425,3.8296,3.8296,,0.00,,,0.00,,0.00,
MI Open Sesame - In House,1.00,Each,1.00,Each,1.00,,Inactive,=,,Inactive,=,1.00,Each,No,,,BATCH Mint Cilantro Chutney,1.00,OZ-fl,100.0,,0.1854,0.1854,3.8296,3.8296,,0.00,,,0.00,,0.00,
MI Open Sesame - Online,1.00,Each,1.00,Each,1.00,,Inactive,=,,Inactive,=,1.00,Each,No,,,MI To Go Bowl Disposables - Online,1.00,Each,100.0,,0.6065,0.6065,0.6065,0.6065,,0.00,,,0.00,,0.00,
MI Open Water Sparkling,1.00,Each,1.00,Each,1.00,,Inactive,=,,Inactive,=,1.00,Each,No,,,"Btl, Water Open Water Sparkling",1.00,Bottle,100.0,,1.1658,1.1658,1.1658,1.1658,,0.00,,,0.00,,0.00,
MI Open Water Still,1.00,Each,1.00,Each,1.00,,Inactive,=,,Inactive,=,1.00,Each,No,,,"Btl, Water Open Water Still",1.00,Bottle,100.0,,1.5333,1.5333,1.5333,1.5333,,0.00,,,0.00,,0.00,
MI Optimal Wit 1 bottle,1.00,Each,1.00,Each,1.00,,Inactive,=,,Inactive,=,1.00,Each,No,,,"Beer, Optimal Wit",1.00,Bottle,100.0,,1.4317,1.4317,1.4317,1.4317,,0.00,,,0.00,,0.00,
MI Pabst Blue Ribbon 1 can,1.00,Each,1.00,Each,1.00,,Inactive,=,,Inactive,=,1.00,Each,No,,,"Beer, Pabst Blue Ribbon",1.00,Can,100.0,,0.8688,0.8688,0.8688,0.8688,,0.00,,,0.00,,0.00,
MI Pabst Blue Ribbon 6 pack,1.00,Each,1.00,Each,1.00,,Inactive,=,,Inactive,=,1.00,Each,No,,,"Beer, Pabst Blue Ribbon",6.00,Can,100.0,,5.2128,5.2128,5.2128,5.2128,,0.00,,,0.00,,0.00,
MI Paneer Makhani Bowl - OLD,1.00,Each,1.00,Each,1.00,,Inactive,=,,Inactive,=,1.00,Each,No,,,EVERMADE Tomato Garlic Sauce,6.00,OZ-fl,100.0,,1.1285,1.1285,3.5542,3.5542,,0.00,,,0.00,,0.00,
MI Paneer Makhani Bowl - OLD,1.00,Each,1.00,Each,1.00,,Inactive,=,,Inactive,=,1.00,Each,No,,,BATCH Kachumber Salad,0.50,OZ-wt,100.0,,0.0408,0.0408,3.5542,3.5542,,0.00,,,0.00,,0.00,
MI Paneer Makhani Bowl - OLD,1.00,Each,1.00,Each,1.00,,Inactive,=,,Inactive,=,1.00,Each,No,,,BATCH Tandoori Paneer Cooked,6.00,Each,100.0,,1.5271,1.5271,3.5542,3.5542,,0.00,,,0.00,,0.00,
MI Paneer Makhani Bowl - OLD,1.00,Each,1.00,Each,1.00,,Inactive,=,,Inactive,=,1.00,Each,No,,,BATCH Basmati Rice,7.30,OZ-wt,100.0,,0.1849,0.1849,3.5542,3.5542,,0.00,,,0.00,,0.00,
MI Paneer Makhani Bowl - OLD,1.00,Each,1.00,Each,1.00,,Inactive,=,,Inactive,=,1.00,Each,No,,,"Lid, Bowl Rectangle 32oz Fiber",1.00,Each,100.0,,0.1650,0.1650,3.5542,3.5542,,0.00,,,0.00,,0.00,
MI Paneer Makhani Bowl - OLD,1.00,Each,1.00,Each,1.00,,Inactive,=,,Inactive,=,1.00,Each,No,,,"Bowl, Rectangle 32oz",1.00,Each,100.0,,0.1624,0.1624,3.5542,3.5542,,0.00,,,0.00,,0.00,
MI Paneer Makhani Bowl - OLD,1.00,Each,1.00,Each,1.00,,Inactive,=,,Inactive,=,1.00,Each,No,,,"Bag, RASA Paper",1.00,Each,100.0,,0.2900,0.2900,3.5542,3.5542,,0.00,,,0.00,,0.00,
MI Paneer Makhani Bowl - OLD,1.00,Each,1.00,Each,1.00,,Inactive,=,,Inactive,=,1.00,Each,No,,,"Fork, Plastic",1.00,Each,100.0,,0.0350,0.0350,3.5542,3.5542,,0.00,,,0.00,,0.00,
MI Paneer Makhani Bowl - OLD,1.00,Each,1.00,Each,1.00,,Inactive,=,,Inactive,=,1.00,Each,No,,,Napkins,2.00,Each,100.0,,0.0167,0.0167,3.5542,3.5542,,0.00,,,0.00,,0.00,
MI Paneer Makhani Bowl - OLD,1.00,Each,1.00,Each,1.00,,Inactive,=,,Inactive,=,1.00,Each,No,,,YIELD Cilantro Chopped,0.01,OZ-wt,100.0,,0.0038,0.0038,3.5542,3.5542,,0.00,,,0.00,,0.00,
MI Peanut Sesame - Catering - Additional Item,1.00,Each,1.00,Each,1.00,,Inactive,=,,Inactive,=,1.00,Each,No,,,EVERMADE Peanut Sesame Sauce,32.00,OZ-fl,100.0,,4.2477,4.2477,4.5907,4.5907,,0.00,,,0.00,,0.00,
MI Peanut Sesame - Catering - Additional Item,1.00,Each,1.00,Each,1.00,,Inactive,=,,Inactive,=,1.00,Each,No,,,"Cont, Deli 32oz with Lid",1.00,Each,100.0,,0.3430,0.3430,4.5907,4.5907,,0.00,,,0.00,,0.00,
MI Peanut Sesame - Classic,1.00,Each,1.00,Each,1.00,,Inactive,=,,Inactive,=,1.00,Each,No,,,EVERMADE Peanut Sesame Sauce,1.07,OZ-fl,100.0,,0.1420,0.1420,0.1420,0.1420,,0.00,,,0.00,,0.00,
MI Peanut Sesame - Desi Deluxe,1.00,Each,1.00,Each,1.00,,Inactive,=,,Inactive,=,1.00,Each,No,,,EVERMADE Peanut Sesame Sauce,1.00,OZ-fl,100.0,,0.1327,0.1327,0.1327,0.1327,,0.00,,,0.00,,0.00,
MI Peanut Sesame - Party Pack,1.00,Each,1.00,Each,1.00,,Inactive,=,,Inactive,=,1.00,Each,No,,,EVERMADE Peanut Sesame Sauce,1.25,OZ-fl,100.0,,0.1659,0.1659,0.1659,0.1659,,0.00,,,0.00,,0.00,
MI Peanut Sesame Sauce,1.00,Each,1.00,Each,1.00,,Inactive,=,,Inactive,=,1.00,Each,No,,,EVERMADE Peanut Sesame Sauce,4.00,OZ-fl,100.0,,0.5310,0.5310,0.5310,0.5310,,0.00,,,0.00,,0.00,
MI Peanut Sesame Sauce - Side,1.00,Each,1.00,Each,1.00,,Inactive,=,,Inactive,=,1.00,Each,No,,,EVERMADE Peanut Sesame Sauce,8.00,OZ-fl,100.0,,1.0619,1.0619,1.1819,1.1819,,0.00,,,0.00,,0.00,
MI Peanut Sesame Sauce - Side,1.00,Each,1.00,Each,1.00,,Inactive,=,,Inactive,=,1.00,Each,No,,,"Lid, Cup Soup",1.00,Each,100.0,,0.0550,0.0550,1.1819,1.1819,,0.00,,,0.00,,0.00,
MI Peanut Sesame Sauce - Side,1.00,Each,1.00,Each,1.00,,Inactive,=,,Inactive,=,1.00,Each,No,,,"Cup, Soup",1.00,Each,100.0,,0.0650,0.0650,1.1819,1.1819,,0.00,,,0.00,,0.00,
MI Pickled Onions,1.00,Each,1.00,Each,1.00,,Inactive,=,,Inactive,=,1.00,Each,No,,,BATCH Pickled Onions,1.00,OZ-fl,100.0,,0.0626,0.0626,0.0626,0.0626,,0.00,,,0.00,,0.00,
MI Pickled Onions - Classic,1.00,Each,1.00,Each,1.00,,Inactive,=,,Inactive,=,1.00,Each,No,,,BATCH Pickled Onions,0.64,OZ-wt,100.0,,0.0543,0.0543,0.0543,0.0543,,0.00,,,0.00,,0.00,
MI Pickled Onions - Desi Deluxe,1.00,Each,1.00,Each,1.00,,Inactive,=,,Inactive,=,1.00,Each,No,,,BATCH Pickled Onions,0.60,OZ-wt,100.0,,0.0509,0.0509,0.0509,0.0509,,0.00,,,0.00,,0.00,
MI Pickled Onions - Party Pack,1.00,Each,1.00,Each,1.00,,Inactive,=,,Inactive,=,1.00,Each,No,,,BATCH Pickled Onions,0.75,OZ-wt,100.0,,0.0637,0.0637,0.0637,0.0637,,0.00,,,0.00,,0.00,
MI Pickled Radish,1.00,Each,1.00,Each,1.00,,Inactive,=,,Inactive,=,1.00,Each,No,,,BATCH Pickled Radish,0.50,OZ-wt,100.0,,0.0184,0.0184,0.0184,0.0184,,0.00,,,0.00,,0.00,
MI Pickled Radish - Classic,1.00,Each,1.00,Each,1.00,,Inactive,=,,Inactive,=,1.00,Each,No,,,BATCH Pickled Radish,0.21,OZ-wt,100.0,,0.0077,0.0077,0.0077,0.0077,,0.00,,,0.00,,0.00,
MI Pickled Radish - Desi Deluxe,1.00,Each,1.00,Each,1.00,,Inactive,=,,Inactive,=,1.00,Each,No,,,BATCH Pickled Radish,0.20,OZ-wt,100.0,,0.0074,0.0074,0.0074,0.0074,,0.00,,,0.00,,0.00,
MI Pickled Radish - Party Pack,1.00,Each,1.00,Each,1.00,,Inactive,=,,Inactive,=,1.00,Each,No,,,BATCH Pickled Radish,0.25,OZ-wt,100.0,,0.0092,0.0092,0.0092,0.0092,,0.00,,,0.00,,0.00,
MI Pinot Noir,1.00,Each,1.00,Each,1.00,,Inactive,=,,Inactive,=,1.00,Each,No,,,"Wine, Pinot Noir",1.00,Bottle-375mL,100.0,,5.6700,5.6700,5.6700,5.6700,,0.00,,,0.00,,0.00,
MI Plain Naan Basket Large,1.00,Each,1.00,Each,1.00,,Inactive,=,,Inactive,=,1.00,Each,No,,,"Pan, Third",1.00,Each,100.0,,0.6498,0.6498,10.3621,10.3621,,0.00,,,0.00,,0.00,
MI Plain Naan Basket Large,1.00,Each,1.00,Each,1.00,,Inactive,=,,Inactive,=,1.00,Each,No,,,"Lid, Pan Third",1.00,Each,100.0,,0.3998,0.3998,10.3621,10.3621,,0.00,,,0.00,,0.00,
MI Plain Naan Basket Large,1.00,Each,1.00,Each,1.00,,Inactive,=,,Inactive,=,1.00,Each,No,,,Naan - Stonefire,10.00,CT,100.0,,9.3125,9.3125,10.3621,10.3621,,0.00,,,0.00,,0.00,
MI Plain Naan Basket Small,1.00,Each,1.00,Each,1.00,,Inactive,=,,Inactive,=,1.00,Each,No,,,"Pan, Third",1.00,Each,100.0,,0.6498,0.6498,5.7059,5.7059,,0.00,,,0.00,,0.00,
MI Plain Naan Basket Small,1.00,Each,1.00,Each,1.00,,Inactive,=,,Inactive,=,1.00,Each,No,,,"Lid, Pan Third",1.00,Each,100.0,,0.3998,0.3998,5.7059,5.7059,,0.00,,,0.00,,0.00,
MI Plain Naan Basket Small,1.00,Each,1.00,Each,1.00,,Inactive,=,,Inactive,=,1.00,Each,No,,,Naan - Stonefire,5.00,CT,100.0,,4.6563,4.6563,5.7059,5.7059,,0.00,,,0.00,,0.00,
MI Poached Egg,1.00,Each,1.00,Each,1.00,,Inactive,=,,Inactive,=,1.00,Each,No,,,Eggs,1.00,Each,100.0,,0.0800,0.0800,0.0800,0.0800,,0.00,,,0.00,,0.00,
MI Pumpkin Seeds,1.00,Each,1.00,Each,1.00,,Inactive,=,,Inactive,=,1.00,Each,No,,,"Seed, Pumpkin",0.05,OZ-wt,100.0,,0.0127,0.0127,0.0127,0.0127,,0.00,,,0.00,,0.00,
MI Pumpkin Seeds - Classic,1.00,Each,1.00,Each,1.00,,Inactive,=,,Inactive,=,1.00,Each,No,,,"Seed, Pumpkin",0.21,OZ-wt,100.0,,0.0535,0.0535,0.0535,0.0535,,0.00,,,0.00,,0.00,
MI Pumpkin Seeds - Desi Deluxe,1.00,Each,1.00,Each,1.00,,Inactive,=,,Inactive,=,1.00,Each,No,,,"Seed, Pumpkin",0.20,OZ-wt,100.0,,0.0510,0.0510,0.0510,0.0510,,0.00,,,0.00,,0.00,
MI Pumpkin Seeds - Party Pack,1.00,Each,1.00,Each,1.00,,Inactive,=,,Inactive,=,1.00,Each,No,,,"Seed, Pumpkin",0.25,OZ-wt,100.0,,0.0637,0.0637,0.0637,0.0637,,0.00,,,0.00,,0.00,
MI RAIN Water,1.00,Each,1.00,Each,1.00,,Inactive,=,,Inactive,=,1.00,Each,No,,,"Btl, Water Rain Still",1.00,Bottle,100.0,,1.3125,1.3125,1.3125,1.3125,,0.00,,,0.00,,0.00,
MI Roasted Lentils,1.00,Each,1.00,Each,1.00,,Inactive,=,,Inactive,=,1.00,Each,No,,,BATCH Roasted Lentils,0.05,OZ-wt,100.0,,0.0078,0.0078,0.0078,0.0078,,0.00,,,0.00,,0.00,
MI Roasted Lentils - Classic,1.00,Each,1.00,Each,1.00,,Inactive,=,,Inactive,=,1.00,Each,No,,,BATCH Roasted Lentils,0.09,OZ-wt,100.0,,0.0140,0.0140,0.0140,0.0140,,0.00,,,0.00,,0.00,
MI Roasted Lentils - Desi Deluxe,1.00,Each,1.00,Each,1.00,,Inactive,=,,Inactive,=,1.00,Each,No,,,BATCH Roasted Lentils,0.08,OZ-wt,100.0,,0.0124,0.0124,0.0124,0.0124,,0.00,,,0.00,,0.00,
MI Roasted Lentils - Party Pack,1.00,Each,1.00,Each,1.00,,Inactive,=,,Inactive,=,1.00,Each,No,,,BATCH Roasted Lentils,0.10,OZ-wt,100.0,,0.0155,0.0155,0.0155,0.0155,,0.00,,,0.00,,0.00,
MI Romaine,1.00,Each,1.00,Each,1.00,,Inactive,=,,Inactive,=,1.00,Each,No,,,YIELD Romaine Chopped,3.80,OZ-wt,100.0,,0.5940,0.5940,0.5940,0.5940,,0.00,,,0.00,,0.00,
MI Romaine - Classic,1.00,Each,1.00,Each,1.00,,Inactive,=,,Inactive,=,1.00,Each,No,,,YIELD Romaine Chopped,0.86,OZ-wt,100.0,,0.1344,0.1344,0.1344,0.1344,,0.00,,,0.00,,0.00,
MI Romaine - Desi Deluxe,1.00,Each,1.00,Each,1.00,,Inactive,=,,Inactive,=,1.00,Each,No,,,YIELD Romaine Chopped,0.80,OZ-wt,100.0,,0.1250,0.1250,0.1250,0.1250,,0.00,,,0.00,,0.00,
MI Romaine - Party Pack,1.00,Each,1.00,Each,1.00,,Inactive,=,,Inactive,=,1.00,Each,No,,,YIELD Romaine Chopped,1.00,OZ-wt,100.0,,0.1563,0.1563,0.1563,0.1563,,0.00,,,0.00,,0.00,
MI Roti,1.00,Each,1.00,Each,1.00,,Inactive,=,,Inactive,=,1.00,Each,No,,,"Bread, Wrap 12""",1.00,Wrap-3.7oz-wt,100.0,,0.7074,0.7074,0.7074,0.7074,,0.00,,,0.00,,0.00,
MI Rupee Lager 1 can,1.00,Each,1.00,Each,1.00,,Inactive,=,,Inactive,=,1.00,Each,No,,,"Beer, Rupee ALL VARIETIES",1.00,Bottle,100.0,,2.4354,2.4354,2.4354,2.4354,,0.00,,,0.00,,0.00,
MI Saag Paneer Bowl - Old,1.00,Each,1.00,Each,1.00,,Inactive,=,,Inactive,=,1.00,Each,No,,,BATCH Sautéed Spinach,6.00,OZ-wt,100.0,,0.6362,0.6362,3.0619,3.0619,,0.00,,,0.00,,0.00,
MI Saag Paneer Bowl - Old,1.00,Each,1.00,Each,1.00,,Inactive,=,,Inactive,=,1.00,Each,No,,,BATCH Kachumber Salad,0.50,OZ-wt,100.0,,0.0408,0.0408,3.0619,3.0619,,0.00,,,0.00,,0.00,
MI Saag Paneer Bowl - Old,1.00,Each,1.00,Each,1.00,,Inactive,=,,Inactive,=,1.00,Each,No,,,BATCH Tandoori Paneer Cooked,6.00,Each,100.0,,1.5271,1.5271,3.0619,3.0619,,0.00,,,0.00,,0.00,
MI Saag Paneer Bowl - Old,1.00,Each,1.00,Each,1.00,,Inactive,=,,Inactive,=,1.00,Each,No,,,BATCH Basmati Rice,7.30,OZ-wt,100.0,,0.1849,0.1849,3.0619,3.0619,,0.00,,,0.00,,0.00,
MI Saag Paneer Bowl - Old,1.00,Each,1.00,Each,1.00,,Inactive,=,,Inactive,=,1.00,Each,No,,,"Lid, Bowl Rectangle 32oz Fiber",1.00,Each,100.0,,0.1650,0.1650,3.0619,3.0619,,0.00,,,0.00,,0.00,
MI Saag Paneer Bowl - Old,1.00,Each,1.00,Each,1.00,,Inactive,=,,Inactive,=,1.00,Each,No,,,"Bowl, Rectangle 32oz",1.00,Each,100.0,,0.1624,0.1624,3.0619,3.0619,,0.00,,,0.00,,0.00,
MI Saag Paneer Bowl - Old,1.00,Each,1.00,Each,1.00,,Inactive,=,,Inactive,=,1.00,Each,No,,,"Bag, RASA Paper",1.00,Each,100.0,,0.2900,0.2900,3.0619,3.0619,,0.00,,,0.00,,0.00,
MI Saag Paneer Bowl - Old,1.00,Each,1.00,Each,1.00,,Inactive,=,,Inactive,=,1.00,Each,No,,,"Fork, Plastic",1.00,Each,100.0,,0.0350,0.0350,3.0619,3.0619,,0.00,,,0.00,,0.00,
MI Saag Paneer Bowl - Old,1.00,Each,1.00,Each,1.00,,Inactive,=,,Inactive,=,1.00,Each,No,,,Napkins,2.00,Each,100.0,,0.0167,0.0167,3.0619,3.0619,,0.00,,,0.00,,0.00,
MI Saag Paneer Bowl - Old,1.00,Each,1.00,Each,1.00,,Inactive,=,,Inactive,=,1.00,Each,No,,,YIELD Cilantro Chopped,0.01,OZ-wt,100.0,,0.0038,0.0038,3.0619,3.0619,,0.00,,,0.00,,0.00,
MI Salad Bowl - In House,1.00,Each,1.00,Each,1.00,,Inactive,=,,Inactive,=,1.00,Each,No,,,MI Arugula,0.04,Each,100.0,,0.0319,0.0319,2.0307,2.0307,,,,,,,,
MI Salad Bowl - In House,1.00,Each,1.00,Each,1.00,,Inactive,=,,Inactive,=,1.00,Each,No,,,MI Baby Spinach,0.07,Each,100.0,,0.0500,0.0500,2.0307,2.0307,,,,,,,,
MI Salad Bowl - In House,1.00,Each,1.00,Each,1.00,,Inactive,=,,Inactive,=,1.00,Each,No,,,MI 1/2 Romaine,0.12,Each,100.0,,0.0356,0.0356,2.0307,2.0307,,,,,,,,
MI Salad Bowl - In House,1.00,Each,1.00,Each,1.00,,Inactive,=,,Inactive,=,1.00,Each,No,,,MI Sexygreens,0.13,Each,100.0,,0.0978,0.0978,2.0307,2.0307,,,,,,,,
MI Salad Bowl - In House,1.00,Each,1.00,Each,1.00,,Inactive,=,,Inactive,=,1.00,Each,No,,,MI Romaine,0.15,Each,100.0,,0.0891,0.0891,2.0307,2.0307,,,,,,,,
MI Salad Bowl - In House,1.00,Each,1.00,Each,1.00,,Inactive,=,,Inactive,=,1.00,Each,No,,,MI 1/2 Spinach,0.15,Each,100.0,,0.0536,0.0536,2.0307,2.0307,,,,,,,,
MI Salad Bowl - In House,1.00,Each,1.00,Each,1.00,,Inactive,=,,Inactive,=,1.00,Each,No,,,MI 1/2 Arugula,0.16,Each,100.0,,0.0638,0.0638,2.0307,2.0307,,,,,,,,
MI Salad Bowl - In House,1.00,Each,1.00,Each,1.00,,Inactive,=,,Inactive,=,1.00,Each,No,,,MI 1/2 Sexygreens,0.18,Each,100.0,,0.0677,0.0677,2.0307,2.0307,,,,,,,,
MI Salad Bowl - In House,1.00,Each,1.00,Each,1.00,,Inactive,=,,Inactive,=,1.00,Each,No,,,MI Kokum Vinaigrette Dressing,0.04,Each,100.0,,0.0033,0.0033,2.0307,2.0307,,,,,,,,
MI Salad Bowl - In House,1.00,Each,1.00,Each,1.00,,Inactive,=,,Inactive,=,1.00,Each,No,,,MI Chili Lime Vinaigrette Dressing,0.11,Each,100.0,,0.0105,0.0105,2.0307,2.0307,,,,,,,,
MI Salad Bowl - In House,1.00,Each,1.00,Each,1.00,,Inactive,=,,Inactive,=,1.00,Each,No,,,MI Tamarind Ginger Chutney,0.20,Each,100.0,,0.0286,0.0286,2.0307,2.0307,,,,,,,,
MI Salad Bowl - In House,1.00,Each,1.00,Each,1.00,,Inactive,=,,Inactive,=,1.00,Each,No,,,MI Mint Cilantro Chutney,0.29,Each,100.0,,0.0538,0.0538,2.0307,2.0307,,,,,,,,
MI Salad Bowl - In House,1.00,Each,1.00,Each,1.00,,Inactive,=,,Inactive,=,1.00,Each,No,,,MI Toasted Cumin Yogurt,0.29,Each,100.0,,0.0258,0.0258,2.0307,2.0307,,,,,,,,
MI Salad Bowl - In House,1.00,Each,1.00,Each,1.00,,Inactive,=,,Inactive,=,1.00,Each,No,,,MI Shredded Romaine,0.02,Each,100.0,,0.0023,0.0023,2.0307,2.0307,,,,,,,,
MI Salad Bowl - In House,1.00,Each,1.00,Each,1.00,,Inactive,=,,Inactive,=,1.00,Each,No,,,MI Chickpea Noodles,0.03,Each,100.0,,0.0003,0.0003,2.0307,2.0307,,,,,,,,
MI Salad Bowl - In House,1.00,Each,1.00,Each,1.00,,Inactive,=,,Inactive,=,1.00,Each,No,,,MI Lentil Chips,0.03,Each,100.0,,0.0012,0.0012,2.0307,2.0307,,,,,,,,
MI Salad Bowl - In House,1.00,Each,1.00,Each,1.00,,Inactive,=,,Inactive,=,1.00,Each,No,,,MI Shredded Paneer,0.07,Each,100.0,,0.0145,0.0145,2.0307,2.0307,,,,,,,,
MI Salad Bowl - In House,1.00,Each,1.00,Each,1.00,,Inactive,=,,Inactive,=,1.00,Each,No,,,MI Roasted Lentils,0.08,Each,100.0,,0.0006,0.0006,2.0307,2.0307,,,,,,,,
MI Salad Bowl - In House,1.00,Each,1.00,Each,1.00,,Inactive,=,,Inactive,=,1.00,Each,No,,,MI Chopped Cilantro,0.09,Each,100.0,,0.0028,0.0028,2.0307,2.0307,,,,,,,,
MI Salad Bowl - In House,1.00,Each,1.00,Each,1.00,,Inactive,=,,Inactive,=,1.00,Each,No,,,MI Mango Salsa,0.09,Each,100.0,,0.0296,0.0296,2.0307,2.0307,,,,,,,,
MI Salad Bowl - In House,1.00,Each,1.00,Each,1.00,,Inactive,=,,Inactive,=,1.00,Each,No,,,MI Kachumber Salad,0.09,Each,100.0,,0.0037,0.0037,2.0307,2.0307,,,,,,,,
MI Salad Bowl - In House,1.00,Each,1.00,Each,1.00,,Inactive,=,,Inactive,=,1.00,Each,No,,,MI Carrot Slaw,0.10,Each,100.0,,0.0045,0.0045,2.0307,2.0307,,,,,,,,
MI Salad Bowl - In House,1.00,Each,1.00,Each,1.00,,Inactive,=,,Inactive,=,1.00,Each,No,,,MI Cucumber Cubes,0.12,Each,100.0,,0.0019,0.0019,2.0307,2.0307,,,,,,,,
MI Salad Bowl - In House,1.00,Each,1.00,Each,1.00,,Inactive,=,,Inactive,=,1.00,Each,No,,,MI Pickled Onions,0.12,Each,100.0,,0.0075,0.0075,2.0307,2.0307,,,,,,,,
MI Salad Bowl - In House,1.00,Each,1.00,Each,1.00,,Inactive,=,,Inactive,=,1.00,Each,No,,,MI Indian Street Corn,0.14,Each,100.0,,0.0016,0.0016,2.0307,2.0307,,,,,,,,
MI Salad Bowl - In House,1.00,Each,1.00,Each,1.00,,Inactive,=,,Inactive,=,1.00,Each,No,,,MI Sautéed Spinach,0.43,Each,100.0,,0.1094,0.1094,2.0307,2.0307,,,,,,,,
MI Salad Bowl - In House,1.00,Each,1.00,Each,1.00,,Inactive,=,,Inactive,=,1.00,Each,No,,,MI Spiced Chickpeas,0.54,Each,100.0,,0.0744,0.0744,2.0307,2.0307,,,,,,,,
MI Salad Bowl - In House,1.00,Each,1.00,Each,1.00,,Inactive,=,,Inactive,=,1.00,Each,No,,,MI Peanut Sesame Sauce,0.11,Each,100.0,,0.0584,0.0584,2.0307,2.0307,,,,,,,,
MI Salad Bowl - In House,1.00,Each,1.00,Each,1.00,,Inactive,=,,Inactive,=,1.00,Each,No,,,MI Coconut Ginger Sauce,0.14,Each,100.0,,0.1120,0.1120,2.0307,2.0307,,,,,,,,
MI Salad Bowl - In House,1.00,Each,1.00,Each,1.00,,Inactive,=,,Inactive,=,1.00,Each,No,,,MI Tamarind Chili Sauce,0.16,Each,100.0,,0.1119,0.1119,2.0307,2.0307,,,,,,,,
MI Salad Bowl - In House,1.00,Each,1.00,Each,1.00,,Inactive,=,,Inactive,=,1.00,Each,No,,,MI Tikka Masala Sauce,0.24,Each,100.0,,0.1766,0.1766,2.0307,2.0307,,,,,,,,
MI Salad Bowl - In House,1.00,Each,1.00,Each,1.00,,Inactive,=,,Inactive,=,1.00,Each,No,,,MI Tomato Garlic Sauce,0.29,Each,100.0,,0.2182,0.2182,2.0307,2.0307,,,,,,,,
MI Salad Bowl - In House,1.00,Each,1.00,Each,1.00,,Inactive,=,,Inactive,=,1.00,Each,No,,,MI To Go Bowl Disposables - In House,1.00,Each,100.0,,0.4878,0.4878,2.0307,2.0307,,,,,,,,
MI Salad Bowl - Online,1.00,Each,1.00,Each,1.00,,Inactive,=,,Inactive,=,1.00,Each,No,,,MI To Go Bowl Disposables - Online,1.00,Each,100.0,,0.6065,0.6065,0.6065,0.6065,,0.00,,,0.00,,0.00,
MI Samosa Chaat,1.00,Each,1.00,Each,1.00,,Inactive,=,,Inactive,=,1.00,Each,No,,,EVERMADE Sweet Tamarind,2.00,OZ-fl,100.0,,0.3622,0.3622,2.2987,2.2987,,0.00,,,0.00,,0.00,
MI Samosa Chaat,1.00,Each,1.00,Each,1.00,,Inactive,=,,Inactive,=,1.00,Each,No,,,"Lid, Bowl 16oz",1.00,Each,100.0,,0.2332,0.2332,2.2987,2.2987,,0.00,,,0.00,,0.00,
MI Samosa Chaat,1.00,Each,1.00,Each,1.00,,Inactive,=,,Inactive,=,1.00,Each,No,,,"Bowl, 16oz",1.00,Each,100.0,,0.1399,0.1399,2.2987,2.2987,,0.00,,,0.00,,0.00,
MI Samosa Chaat,1.00,Each,1.00,Each,1.00,,Inactive,=,,Inactive,=,1.00,Each,No,,,Thin Sev,1.00,OZ-fl,100.0,,0.0822,0.0822,2.2987,2.2987,,0.00,,,0.00,,0.00,
MI Samosa Chaat,1.00,Each,1.00,Each,1.00,,Inactive,=,,Inactive,=,1.00,Each,No,,,Samosa,2.00,Each,100.0,,0.5980,0.5980,2.2987,2.2987,,0.00,,,0.00,,0.00,
MI Samosa Chaat,1.00,Each,1.00,Each,1.00,,Inactive,=,,Inactive,=,1.00,Each,No,,,BATCH Spiced Chickpeas,5.00,OZ-wt,100.0,,0.2221,0.2221,2.2987,2.2987,,0.00,,,0.00,,0.00,
MI Samosa Chaat,1.00,Each,1.00,Each,1.00,,Inactive,=,,Inactive,=,1.00,Each,No,,,BATCH Kachumber Salad,1.00,OZ-wt,100.0,,0.0817,0.0817,2.2987,2.2987,,0.00,,,0.00,,0.00,
MI Samosa Chaat,1.00,Each,1.00,Each,1.00,,Inactive,=,,Inactive,=,1.00,Each,No,,,YIELD Cilantro Chopped,0.50,OZ-fl,100.0,,0.0306,0.0306,2.2987,2.2987,,0.00,,,0.00,,0.00,
MI Samosa Chaat,1.00,Each,1.00,Each,1.00,,Inactive,=,,Inactive,=,1.00,Each,No,,,BATCH Mint Cilantro Chutney,2.00,OZ-fl,100.0,,0.3708,0.3708,2.2987,2.2987,,0.00,,,0.00,,0.00,
MI Samosa Chaat,1.00,Each,1.00,Each,1.00,,Inactive,=,,Inactive,=,1.00,Each,No,,,BATCH Toasted Cumin Yogurt,2.00,OZ-fl,100.0,,0.1780,0.1780,2.2987,2.2987,,0.00,,,0.00,,0.00,
MI Samosa Tray - 10,1.00,Each,1.00,Each,1.00,,Inactive,=,,Inactive,=,1.00,Each,No,,,EVERMADE Sweet Tamarind,8.00,OZ-fl,100.0,,1.4487,1.4487,6.1615,6.1615,,0.00,,,0.00,,0.00,
MI Samosa Tray - 10,1.00,Each,1.00,Each,1.00,,Inactive,=,,Inactive,=,1.00,Each,No,,,"Lid, Cup Soup",2.00,Each,100.0,,0.1099,0.1099,6.1615,6.1615,,0.00,,,0.00,,0.00,
MI Samosa Tray - 10,1.00,Each,1.00,Each,1.00,,Inactive,=,,Inactive,=,1.00,Each,No,,,"Cup, Soup",2.00,Each,100.0,,0.1299,0.1299,6.1615,6.1615,,0.00,,,0.00,,0.00,
MI Samosa Tray - 10,1.00,Each,1.00,Each,1.00,,Inactive,=,,Inactive,=,1.00,Each,No,,,Samosa,10.00,Each,100.0,,2.9900,2.9900,6.1615,6.1615,,0.00,,,0.00,,0.00,
MI Samosa Tray - 10,1.00,Each,1.00,Each,1.00,,Inactive,=,,Inactive,=,1.00,Each,No,,,BATCH Mint Cilantro Chutney,8.00,OZ-fl,100.0,,1.4830,1.4830,6.1615,6.1615,,0.00,,,0.00,,0.00,
MI Samosa Tray - 100,1.00,Each,1.00,Each,1.00,,Inactive,=,,Inactive,=,1.00,Each,No,,,EVERMADE Sweet Tamarind,80.00,OZ-fl,100.0,,14.4870,14.4870,61.6154,61.6154,,0.00,,,0.00,,0.00,
MI Samosa Tray - 100,1.00,Each,1.00,Each,1.00,,Inactive,=,,Inactive,=,1.00,Each,No,,,"Lid, Cup Soup",20.00,Each,100.0,,1.0990,1.0990,61.6154,61.6154,,0.00,,,0.00,,0.00,
MI Samosa Tray - 100,1.00,Each,1.00,Each,1.00,,Inactive,=,,Inactive,=,1.00,Each,No,,,"Cup, Soup",20.00,Each,100.0,,1.2990,1.2990,61.6154,61.6154,,0.00,,,0.00,,0.00,
MI Samosa Tray - 100,1.00,Each,1.00,Each,1.00,,Inactive,=,,Inactive,=,1.00,Each,No,,,Samosa,100.00,Each,100.0,,29.9000,29.9000,61.6154,61.6154,,0.00,,,0.00,,0.00,
MI Samosa Tray - 100,1.00,Each,1.00,Each,1.00,,Inactive,=,,Inactive,=,1.00,Each,No,,,BATCH Mint Cilantro Chutney,80.00,OZ-fl,100.0,,14.8304,14.8304,61.6154,61.6154,,0.00,,,0.00,,0.00,
MI Samosa Tray - 14,1.00,Each,1.00,Each,1.00,,Inactive,=,,Inactive,=,1.00,Each,No,,,EVERMADE Sweet Tamarind,8.00,OZ-fl,100.0,,1.4487,1.4487,7.3575,7.3575,,0.00,,,0.00,,0.00,
MI Samosa Tray - 14,1.00,Each,1.00,Each,1.00,,Inactive,=,,Inactive,=,1.00,Each,No,,,"Lid, Cup Soup",2.00,Each,100.0,,0.1099,0.1099,7.3575,7.3575,,0.00,,,0.00,,0.00,
MI Samosa Tray - 14,1.00,Each,1.00,Each,1.00,,Inactive,=,,Inactive,=,1.00,Each,No,,,"Cup, Soup",2.00,Each,100.0,,0.1299,0.1299,7.3575,7.3575,,0.00,,,0.00,,0.00,
MI Samosa Tray - 14,1.00,Each,1.00,Each,1.00,,Inactive,=,,Inactive,=,1.00,Each,No,,,Samosa,14.00,Each,100.0,,4.1860,4.1860,7.3575,7.3575,,0.00,,,0.00,,0.00,
MI Samosa Tray - 14,1.00,Each,1.00,Each,1.00,,Inactive,=,,Inactive,=,1.00,Each,No,,,BATCH Mint Cilantro Chutney,8.00,OZ-fl,100.0,,1.4830,1.4830,7.3575,7.3575,,0.00,,,0.00,,0.00,
MI Samosa Tray - 142,1.00,Each,1.00,Each,1.00,,Inactive,=,,Inactive,=,1.00,Each,No,,,EVERMADE Sweet Tamarind,80.00,OZ-fl,100.0,,14.4870,14.4870,74.1734,74.1734,,0.00,,,0.00,,0.00,
MI Samosa Tray - 142,1.00,Each,1.00,Each,1.00,,Inactive,=,,Inactive,=,1.00,Each,No,,,"Lid, Cup Soup",20.00,Each,100.0,,1.0990,1.0990,74.1734,74.1734,,0.00,,,0.00,,0.00,
MI Samosa Tray - 142,1.00,Each,1.00,Each,1.00,,Inactive,=,,Inactive,=,1.00,Each,No,,,"Cup, Soup",20.00,Each,100.0,,1.2990,1.2990,74.1734,74.1734,,0.00,,,0.00,,0.00,
MI Samosa Tray - 142,1.00,Each,1.00,Each,1.00,,Inactive,=,,Inactive,=,1.00,Each,No,,,Samosa,142.00,Each,100.0,,42.4580,42.4580,74.1734,74.1734,,0.00,,,0.00,,0.00,
MI Samosa Tray - 142,1.00,Each,1.00,Each,1.00,,Inactive,=,,Inactive,=,1.00,Each,No,,,BATCH Mint Cilantro Chutney,80.00,OZ-fl,100.0,,14.8304,14.8304,74.1734,74.1734,,0.00,,,0.00,,0.00,
MI Samosa Tray - 20,1.00,Each,1.00,Each,1.00,,Inactive,=,,Inactive,=,1.00,Each,No,,,EVERMADE Sweet Tamarind,16.00,OZ-fl,100.0,,2.8974,2.8974,12.3231,12.3231,,0.00,,,0.00,,0.00,
MI Samosa Tray - 20,1.00,Each,1.00,Each,1.00,,Inactive,=,,Inactive,=,1.00,Each,No,,,"Lid, Cup Soup",4.00,Each,100.0,,0.2198,0.2198,12.3231,12.3231,,0.00,,,0.00,,0.00,
MI Samosa Tray - 20,1.00,Each,1.00,Each,1.00,,Inactive,=,,Inactive,=,1.00,Each,No,,,"Cup, Soup",4.00,Each,100.0,,0.2598,0.2598,12.3231,12.3231,,0.00,,,0.00,,0.00,
MI Samosa Tray - 20,1.00,Each,1.00,Each,1.00,,Inactive,=,,Inactive,=,1.00,Each,No,,,Samosa,20.00,Each,100.0,,5.9800,5.9800,12.3231,12.3231,,0.00,,,0.00,,0.00,
MI Samosa Tray - 20,1.00,Each,1.00,Each,1.00,,Inactive,=,,Inactive,=,1.00,Each,No,,,BATCH Mint Cilantro Chutney,16.00,OZ-fl,100.0,,2.9661,2.9661,12.3231,12.3231,,0.00,,,0.00,,0.00,
MI Samosa Tray - 50,1.00,Each,1.00,Each,1.00,,Inactive,=,,Inactive,=,1.00,Each,No,,,EVERMADE Sweet Tamarind,40.00,OZ-fl,100.0,,7.2435,7.2435,30.8077,30.8077,,0.00,,,0.00,,0.00,
MI Samosa Tray - 50,1.00,Each,1.00,Each,1.00,,Inactive,=,,Inactive,=,1.00,Each,No,,,"Lid, Cup Soup",10.00,Each,100.0,,0.5495,0.5495,30.8077,30.8077,,0.00,,,0.00,,0.00,
MI Samosa Tray - 50,1.00,Each,1.00,Each,1.00,,Inactive,=,,Inactive,=,1.00,Each,No,,,"Cup, Soup",10.00,Each,100.0,,0.6495,0.6495,30.8077,30.8077,,0.00,,,0.00,,0.00,
MI Samosa Tray - 50,1.00,Each,1.00,Each,1.00,,Inactive,=,,Inactive,=,1.00,Each,No,,,Samosa,50.00,Each,100.0,,14.9500,14.9500,30.8077,30.8077,,0.00,,,0.00,,0.00,
MI Samosa Tray - 50,1.00,Each,1.00,Each,1.00,,Inactive,=,,Inactive,=,1.00,Each,No,,,BATCH Mint Cilantro Chutney,40.00,OZ-fl,100.0,,7.4152,7.4152,30.8077,30.8077,,0.00,,,0.00,,0.00,
MI Sautéed Spinach,1.00,Each,1.00,Each,1.00,,Inactive,=,,Inactive,=,1.00,Each,No,,,BATCH Sautéed Spinach,2.40,OZ-wt,100.0,,0.2545,0.2545,0.2545,0.2545,,0.00,,,0.00,,0.00,
MI Sauteed Spinach - Catering - Additional Item,1.00,Each,1.00,Each,1.00,,Inactive,=,,Inactive,=,1.00,Each,No,,,"Pan, Third",1.00,Each,100.0,,0.6498,0.6498,5.0260,5.0260,,0.00,,,0.00,,0.00,
MI Sauteed Spinach - Catering - Additional Item,1.00,Each,1.00,Each,1.00,,Inactive,=,,Inactive,=,1.00,Each,No,,,"Lid, Pan Third",1.00,Each,100.0,,0.3998,0.3998,5.0260,5.0260,,0.00,,,0.00,,0.00,
MI Sauteed Spinach - Catering - Additional Item,1.00,Each,1.00,Each,1.00,,Inactive,=,,Inactive,=,1.00,Each,No,,,BATCH Sautéed Spinach,37.50,OZ-wt,100.0,,3.9764,3.9764,5.0260,5.0260,,0.00,,,0.00,,0.00,
MI Sautéed Spinach - Classic,1.00,Each,1.00,Each,1.00,,Inactive,=,,Inactive,=,1.00,Each,No,,,BATCH Sautéed Spinach,1.07,OZ-wt,100.0,,0.1135,0.1135,0.1135,0.1135,,0.00,,,0.00,,0.00,
MI Sautéed Spinach - Desi Deluxe,1.00,Each,1.00,Each,1.00,,Inactive,=,,Inactive,=,1.00,Each,No,,,BATCH Sautéed Spinach,1.00,OZ-wt,100.0,,0.1060,0.1060,0.1060,0.1060,,0.00,,,0.00,,0.00,
MI Sautéed Spinach - Party Pack,1.00,Each,1.00,Each,1.00,,Inactive,=,,Inactive,=,1.00,Each,No,,,BATCH Sautéed Spinach,1.25,OZ-wt,100.0,,0.1325,0.1325,0.1325,0.1325,,0.00,,,0.00,,0.00,
MI Sautéed Spinach - Side,1.00,Each,1.00,Each,1.00,,Inactive,=,,Inactive,=,1.00,Each,No,,,"Lid, Cup Soup",1.00,Each,100.0,,0.0550,0.0550,0.7562,0.7562,,0.00,,,0.00,,0.00,
MI Sautéed Spinach - Side,1.00,Each,1.00,Each,1.00,,Inactive,=,,Inactive,=,1.00,Each,No,,,"Cup, Soup",1.00,Each,100.0,,0.0650,0.0650,0.7562,0.7562,,0.00,,,0.00,,0.00,
MI Sautéed Spinach - Side,1.00,Each,1.00,Each,1.00,,Inactive,=,,Inactive,=,1.00,Each,No,,,BATCH Sautéed Spinach,6.00,OZ-wt,100.0,,0.6362,0.6362,0.7562,0.7562,,0.00,,,0.00,,0.00,
MI SeaQuench Ale 1 can,1.00,Each,1.00,Each,1.00,,Inactive,=,,Inactive,=,1.00,Each,No,,,"Beer, SeaQuench Ale",1.00,Can-12oz-fl,100.0,,1.3125,1.3125,1.3125,1.3125,,0.00,,,0.00,,0.00,
MI SeaQuench Ale 6 pack,1.00,Each,1.00,Each,1.00,,Inactive,=,,Inactive,=,1.00,Each,No,,,"Beer, SeaQuench Ale",6.00,Can-12oz-fl,100.0,,7.8750,7.8750,7.8750,7.8750,,0.00,,,0.00,,0.00,
MI Sexygreens,1.00,Each,1.00,Each,1.00,,Inactive,=,,Inactive,=,1.00,Each,No,,,"Lettuce, Arcadian",3.80,OZ-wt,100.0,,0.7521,0.7521,0.7521,0.7521,,0.00,,,0.00,,0.00,
MI Sexygreens - Classic,1.00,Each,1.00,Each,1.00,,Inactive,=,,Inactive,=,1.00,Each,No,,,"Lettuce, Arcadian",0.86,OZ-wt,100.0,,0.1702,0.1702,0.1702,0.1702,,0.00,,,0.00,,0.00,
MI Sexygreens - Desi Deluxe,1.00,Each,1.00,Each,1.00,,Inactive,=,,Inactive,=,1.00,Each,No,,,"Lettuce, Arcadian",0.80,OZ-wt,100.0,,0.1583,0.1583,0.1583,0.1583,,0.00,,,0.00,,0.00,
MI Sexygreens - Party Pack,1.00,Each,1.00,Each,1.00,,Inactive,=,,Inactive,=,1.00,Each,No,,,"Lettuce, Arcadian",1.00,OZ-wt,100.0,,0.1979,0.1979,0.1979,0.1979,,0.00,,,0.00,,0.00,
MI Sharebite Aloo Need Is Love,1.00,Each,1.00,Each,1.00,,Inactive,=,,Inactive,=,1.00,Each,No,,,EVERMADE Coconut Ginger Sauce,4.00,OZ-fl,100.0,,0.7998,0.7998,2.5580,2.5580,,0.00,,,0.00,,0.00,
MI Sharebite Aloo Need Is Love,1.00,Each,1.00,Each,1.00,,Inactive,=,,Inactive,=,1.00,Each,No,,,EVERMADE Tamarind Ginger Chutney,0.80,OZ-wt,100.0,,0.1429,0.1429,2.5580,2.5580,,0.00,,,0.00,,0.00,
MI Sharebite Aloo Need Is Love,1.00,Each,1.00,Each,1.00,,Inactive,=,,Inactive,=,1.00,Each,No,,,MI To Go Bowl Disposables - Online,1.00,Each,100.0,,0.6065,0.6065,2.5580,2.5580,,0.00,,,0.00,,0.00,
MI Sharebite Aloo Need Is Love,1.00,Each,1.00,Each,1.00,,Inactive,=,,Inactive,=,1.00,Each,No,,,BATCH Roasted Lentils,0.05,OZ-wt,100.0,,0.0078,0.0078,2.5580,2.5580,,0.00,,,0.00,,0.00,
MI Sharebite Aloo Need Is Love,1.00,Each,1.00,Each,1.00,,Inactive,=,,Inactive,=,1.00,Each,No,,,BATCH Pickled Radish,0.50,OZ-wt,100.0,,0.0184,0.0184,2.5580,2.5580,,0.00,,,0.00,,0.00,
MI Sharebite Aloo Need Is Love,1.00,Each,1.00,Each,1.00,,Inactive,=,,Inactive,=,1.00,Each,No,,,BATCH Masala Beets,0.50,OZ-wt,100.0,,0.0967,0.0967,2.5580,2.5580,,0.00,,,0.00,,0.00,
MI Sharebite Aloo Need Is Love,1.00,Each,1.00,Each,1.00,,Inactive,=,,Inactive,=,1.00,Each,No,,,YIELD Cucumber Chopped,0.50,OZ-wt,100.0,,0.0161,0.0161,2.5580,2.5580,,0.00,,,0.00,,0.00,
MI Sharebite Aloo Need Is Love,1.00,Each,1.00,Each,1.00,,Inactive,=,,Inactive,=,1.00,Each,No,,,BATCH Eggplant Cooked,1.50,OZ-wt,100.0,,0.2906,0.2906,2.5580,2.5580,,0.00,,,0.00,,0.00,
MI Sharebite Aloo Need Is Love,1.00,Each,1.00,Each,1.00,,Inactive,=,,Inactive,=,1.00,Each,No,,,BATCH Sweet Potato Tikki,3.20,OZ-wt,100.0,,0.3559,0.3559,2.5580,2.5580,,0.00,,,0.00,,0.00,
MI Sharebite Aloo Need Is Love,1.00,Each,1.00,Each,1.00,,Inactive,=,,Inactive,=,1.00,Each,No,,,BATCH Lemon Turmeric Rice,7.30,OZ-wt,100.0,,0.2233,0.2233,2.5580,2.5580,,0.00,,,0.00,,0.00,
MI Sharebite Grain Bowl,1.00,Each,1.00,Each,1.00,,Inactive,=,,Inactive,=,1.00,Each,No,,,MI To Go Bowl Disposables - Online,1.00,Each,100.0,,0.6065,0.6065,0.6065,0.6065,,0.00,,,0.00,,0.00,
MI Sharebite Greens + Grains Bowl,1.00,Each,1.00,Each,1.00,,Inactive,=,,Inactive,=,1.00,Each,No,,,MI To Go Bowl Disposables - Online,1.00,Each,100.0,,0.6065,0.6065,0.6065,0.6065,,0.00,,,0.00,,0.00,
MI Sharebite Spicy Chili Chicken Bowl,1.00,Each,1.00,Each,1.00,,Inactive,=,,Inactive,=,1.00,Each,No,,,EVERMADE Coconut Ginger Sauce,4.00,OZ-fl,100.0,,0.7998,0.7998,2.9153,2.9153,,0.00,,,0.00,,0.00,
MI Sharebite Spicy Chili Chicken Bowl,1.00,Each,1.00,Each,1.00,,Inactive,=,,Inactive,=,1.00,Each,No,,,MI To Go Bowl Disposables - Online,1.00,Each,100.0,,0.6065,0.6065,2.9153,2.9153,,0.00,,,0.00,,0.00,
MI Sharebite Spicy Chili Chicken Bowl,1.00,Each,1.00,Each,1.00,,Inactive,=,,Inactive,=,1.00,Each,No,,,BATCH Kachumber Salad,0.50,OZ-wt,100.0,,0.0408,0.0408,2.9153,2.9153,,0.00,,,0.00,,0.00,
MI Sharebite Spicy Chili Chicken Bowl,1.00,Each,1.00,Each,1.00,,Inactive,=,,Inactive,=,1.00,Each,No,,,BATCH Mango Salsa,0.50,OZ-wt,100.0,,0.3291,0.3291,2.9153,2.9153,,0.00,,,0.00,,0.00,
MI Sharebite Spicy Chili Chicken Bowl,1.00,Each,1.00,Each,1.00,,Inactive,=,,Inactive,=,1.00,Each,No,,,BATCH Spiced Chickpeas,3.10,OZ-wt,100.0,,0.1377,0.1377,2.9153,2.9153,,0.00,,,0.00,,0.00,
MI Sharebite Spicy Chili Chicken Bowl,1.00,Each,1.00,Each,1.00,,Inactive,=,,Inactive,=,1.00,Each,No,,,BATCH Spicy Chili Chicken Cooked,4.50,OZ-wt,100.0,,0.7275,0.7275,2.9153,2.9153,,0.00,,,0.00,,0.00,
MI Sharebite Spicy Chili Chicken Bowl,1.00,Each,1.00,Each,1.00,,Inactive,=,,Inactive,=,1.00,Each,No,,,BATCH Basmati Rice,7.30,OZ-wt,100.0,,0.1849,0.1849,2.9153,2.9153,,0.00,,,0.00,,0.00,
MI Sharebite Spicy Chili Chicken Bowl,1.00,Each,1.00,Each,1.00,,Inactive,=,,Inactive,=,1.00,Each,No,,,BATCH Toasted Cumin Yogurt,1.00,OZ-fl,100.0,,0.0890,0.0890,2.9153,2.9153,,0.00,,,0.00,,0.00,
MI Sharebite Tikka Chance On Me,1.00,Each,1.00,Each,1.00,,Inactive,=,,Inactive,=,1.00,Each,No,,,EVERMADE Tomato Garlic Sauce,4.00,OZ-fl,100.0,,0.7524,0.7524,2.7355,2.7355,,0.00,,,0.00,,0.00,
MI Sharebite Tikka Chance On Me,1.00,Each,1.00,Each,1.00,,Inactive,=,,Inactive,=,1.00,Each,No,,,MI To Go Bowl Disposables - Online,1.00,Each,100.0,,0.6065,0.6065,2.7355,2.7355,,0.00,,,0.00,,0.00,
MI Sharebite Tikka Chance On Me,1.00,Each,1.00,Each,1.00,,Inactive,=,,Inactive,=,1.00,Each,No,,,BATCH Pickled Onions,0.50,OZ-wt,100.0,,0.0425,0.0425,2.7355,2.7355,,0.00,,,0.00,,0.00,
MI Sharebite Tikka Chance On Me,1.00,Each,1.00,Each,1.00,,Inactive,=,,Inactive,=,1.00,Each,No,,,BATCH Kachumber Salad,0.50,OZ-wt,100.0,,0.0408,0.0408,2.7355,2.7355,,0.00,,,0.00,,0.00,
MI Sharebite Tikka Chance On Me,1.00,Each,1.00,Each,1.00,,Inactive,=,,Inactive,=,1.00,Each,No,,,BATCH Sautéed Spinach,2.40,OZ-wt,100.0,,0.2545,0.2545,2.7355,2.7355,,0.00,,,0.00,,0.00,
MI Sharebite Tikka Chance On Me,1.00,Each,1.00,Each,1.00,,Inactive,=,,Inactive,=,1.00,Each,No,,,BATCH Chicken Tikka Cooked New,4.00,OZ-wt,100.0,,0.5795,0.5795,2.7355,2.7355,,0.00,,,0.00,,0.00,
MI Sharebite Tikka Chance On Me,1.00,Each,1.00,Each,1.00,,Inactive,=,,Inactive,=,1.00,Each,No,,,BATCH Basmati Rice,7.30,OZ-wt,100.0,,0.1849,0.1849,2.7355,2.7355,,0.00,,,0.00,,0.00,
MI Sharebite Tikka Chance On Me,1.00,Each,1.00,Each,1.00,,Inactive,=,,Inactive,=,1.00,Each,No,,,BATCH Mint Cilantro Chutney,1.00,OZ-fl,100.0,,0.1854,0.1854,2.7355,2.7355,,0.00,,,0.00,,0.00,
MI Sharebite Tikka Chance On Me,1.00,Each,1.00,Each,1.00,,Inactive,=,,Inactive,=,1.00,Each,No,,,BATCH Toasted Cumin Yogurt,1.00,OZ-fl,100.0,,0.0890,0.0890,2.7355,2.7355,,0.00,,,0.00,,0.00,
MI Shredded Paneer,1.00,Each,1.00,Each,1.00,,Inactive,=,,Inactive,=,1.00,Each,No,,,BATCH Shredded Paneer,1.00,OZ-wt,100.0,,0.2073,0.2073,0.2073,0.2073,,0.00,,,0.00,,0.00,
MI Shredded Paneer - Classic,1.00,Each,1.00,Each,1.00,,Inactive,=,,Inactive,=,1.00,Each,No,,,BATCH Shredded Paneer,0.43,OZ-wt,100.0,,0.0891,0.0891,0.0891,0.0891,,0.00,,,0.00,,0.00,
MI Shredded Paneer - Party Pack,1.00,Each,1.00,Each,1.00,,Inactive,=,,Inactive,=,1.00,Each,No,,,BATCH Shredded Paneer,0.50,OZ-wt,100.0,,0.1037,0.1037,0.1037,0.1037,,0.00,,,0.00,,0.00,
MI Shredded Romaine,1.00,Each,1.00,Each,1.00,,Inactive,=,,Inactive,=,1.00,Each,No,,,YIELD Romaine Chopped,0.75,OZ-wt,100.0,,0.1172,0.1172,0.1172,0.1172,,0.00,,,0.00,,0.00,
MI Side of Butter Chicken Sauce,1.00,Each,1.00,Each,1.00,,Inactive,=,,Inactive,=,1.00,Each,No,,,"Lid, Cup Portion 5.5oz",1.00,Each,100.0,,0.0154,0.0154,0.8018,0.8018,,0.00,0 D 0 H 0 M,,0.00,,0.00,
MI Side of Butter Chicken Sauce,1.00,Each,1.00,Each,1.00,,Inactive,=,,Inactive,=,1.00,Each,No,,,"Cup, Portion 5.5oz",1.00,Each,100.0,,0.0340,0.0340,0.8018,0.8018,,0.00,0 D 0 H 0 M,,0.00,,0.00,
MI Side of Butter Chicken Sauce,1.00,Each,1.00,Each,1.00,,Inactive,=,,Inactive,=,1.00,Each,No,,,EVERMADE Tomato Garlic Sauce,4.00,OZ-fl,100.0,,0.7524,0.7524,0.8018,0.8018,,0.00,0 D 0 H 0 M,,0.00,,0.00,
MI Skip Main,1.00,Each,1.00,Each,1.00,,Inactive,=,,Inactive,=,1.00,Each,No,,,,,,,,,,,,,0.00,,,0.00,,0.00,
MI Soft Serve Cherry Blossom,1.00,Each,1.00,Each,1.00,,Inactive,=,,Inactive,=,1.00,Each,No,,,BATCH Cherry Blossom Lassi Soft Serve,5.00,OZ-fl,100.0,,1.3611,1.3611,1.4301,1.4301,,,,,,,,
MI Soft Serve Cherry Blossom,1.00,Each,1.00,Each,1.00,,Inactive,=,,Inactive,=,1.00,Each,No,,,"Spoon, Plastic",1.00,Each,100.0,,0.0350,0.0350,1.4301,1.4301,,,,,,,,
MI Soft Serve Cherry Blossom,1.00,Each,1.00,Each,1.00,,Inactive,=,,Inactive,=,1.00,Each,No,,,"Cup, Portion 5.5oz",1.00,Each,100.0,,0.0340,0.0340,1.4301,1.4301,,,,,,,,
MI Soft Serve Chocolate Chai,1.00,Each,1.00,Each,1.00,,Inactive,=,,Inactive,=,1.00,Each,No,,,BATCH Chocolate Chai Soft Serve,5.00,OZ-fl,100.0,,0.8849,0.8849,0.9539,0.9539,,,,,,,,
MI Soft Serve Chocolate Chai,1.00,Each,1.00,Each,1.00,,Inactive,=,,Inactive,=,1.00,Each,No,,,"Spoon, Plastic",1.00,Each,100.0,,0.0350,0.0350,0.9539,0.9539,,,,,,,,
MI Soft Serve Chocolate Chai,1.00,Each,1.00,Each,1.00,,Inactive,=,,Inactive,=,1.00,Each,No,,,"Cup, Portion 5.5oz",1.00,Each,100.0,,0.0340,0.0340,0.9539,0.9539,,,,,,,,
MI Soft Serve Mango Lassi,1.00,Each,1.00,Each,1.00,,Inactive,=,,Inactive,=,1.00,Each,No,,,"Spoon, Plastic",1.00,Each,100.0,,0.0350,0.0350,0.9009,0.9009,,,,,,,,
MI Soft Serve Mango Lassi,1.00,Each,1.00,Each,1.00,,Inactive,=,,Inactive,=,1.00,Each,No,,,"Cup, Portion 5.5oz",1.00,Each,100.0,,0.0340,0.0340,0.9009,0.9009,,,,,,,,
MI Soft Serve Mango Lassi,1.00,Each,1.00,Each,1.00,,Inactive,=,,Inactive,=,1.00,Each,No,,,BATCH Mango Lassi Soft Serve,5.00,OZ-fl,100.0,,0.8319,0.8319,0.9009,0.9009,,,,,,,,
MI Soft Serve Mango Lassi New,1.00,Each,1.00,Each,1.00,,Inactive,=,,Inactive,=,1.00,Each,No,,,BATCH Vanilla Mango Lassi Soft Serve,5.00,OZ-fl,100.0,,0.9687,0.9687,1.0377,1.0377,,,,,,,,
MI Soft Serve Mango Lassi New,1.00,Each,1.00,Each,1.00,,Inactive,=,,Inactive,=,1.00,Each,No,,,"Spoon, Plastic",1.00,Each,100.0,,0.0350,0.0350,1.0377,1.0377,,,,,,,,
MI Soft Serve Mango Lassi New,1.00,Each,1.00,Each,1.00,,Inactive,=,,Inactive,=,1.00,Each,No,,,"Cup, Portion 5.5oz",1.00,Each,100.0,,0.0340,0.0340,1.0377,1.0377,,,,,,,,
MI Soft Serve Masala Chai,1.00,Each,1.00,Each,1.00,,Inactive,=,,Inactive,=,1.00,Each,No,,,BATCH Masala Chai Soft Serve,5.00,OZ-fl,100.0,,1.2860,1.2860,1.3550,1.3550,,,,,,,,
MI Soft Serve Masala Chai,1.00,Each,1.00,Each,1.00,,Inactive,=,,Inactive,=,1.00,Each,No,,,"Spoon, Plastic",1.00,Each,100.0,,0.0350,0.0350,1.3550,1.3550,,,,,,,,
MI Soft Serve Masala Chai,1.00,Each,1.00,Each,1.00,,Inactive,=,,Inactive,=,1.00,Each,No,,,"Cup, Portion 5.5oz",1.00,Each,100.0,,0.0340,0.0340,1.3550,1.3550,,,,,,,,
MI Soft Serve Pumpkin Chai,1.00,Each,1.00,Each,1.00,,Inactive,=,,Inactive,=,1.00,Each,No,,,BATCH Pumpkin Chai Soft Serve,5.00,OZ-fl,100.0,,1.3081,1.3081,1.3771,1.3771,,,,,,,,
MI Soft Serve Pumpkin Chai,1.00,Each,1.00,Each,1.00,,Inactive,=,,Inactive,=,1.00,Each,No,,,"Spoon, Plastic",1.00,Each,100.0,,0.0350,0.0350,1.3771,1.3771,,,,,,,,
MI Soft Serve Pumpkin Chai,1.00,Each,1.00,Each,1.00,,Inactive,=,,Inactive,=,1.00,Each,No,,,"Cup, Portion 5.5oz",1.00,Each,100.0,,0.0340,0.0340,1.3771,1.3771,,,,,,,,
MI Soft Serve Swirl,1.00,Each,1.00,Each,1.00,,Inactive,=,,Inactive,=,1.00,Each,No,,,BATCH Vanilla Mango Lassi Soft Serve,2.50,OZ-fl,100.0,,0.4843,0.4843,0.9958,0.9958,,,,,,,,
MI Soft Serve Swirl,1.00,Each,1.00,Each,1.00,,Inactive,=,,Inactive,=,1.00,Each,No,,,BATCH Chocolate Chai Soft Serve,2.50,OZ-fl,100.0,,0.4425,0.4425,0.9958,0.9958,,,,,,,,
MI Soft Serve Swirl,1.00,Each,1.00,Each,1.00,,Inactive,=,,Inactive,=,1.00,Each,No,,,"Spoon, Plastic",1.00,Each,100.0,,0.0350,0.0350,0.9958,0.9958,,,,,,,,
MI Soft Serve Swirl,1.00,Each,1.00,Each,1.00,,Inactive,=,,Inactive,=,1.00,Each,No,,,"Cup, Portion 5.5oz",1.00,Each,100.0,,0.0340,0.0340,0.9958,0.9958,,,,,,,,
MI South Indian Rice Noodles,1.00,Each,1.00,Each,1.00,,Inactive,=,,Inactive,=,1.00,Each,No,,,BATCH South Indian Rice Noodles,6.50,OZ-wt,100.0,,0.3521,0.3521,0.3521,0.3521,,0.00,,,0.00,,0.00,
MI South Indian Rice Noodles - Catering - Additional Item,1.00,Each,1.00,Each,1.00,,Inactive,=,,Inactive,=,1.00,Each,No,,,"Pan, Third",1.00,Each,100.0,,0.6498,0.6498,3.1218,3.1218,,0.00,,,0.00,,0.00,
MI South Indian Rice Noodles - Catering - Additional Item,1.00,Each,1.00,Each,1.00,,Inactive,=,,Inactive,=,1.00,Each,No,,,"Lid, Pan Third",1.00,Each,100.0,,0.3998,0.3998,3.1218,3.1218,,0.00,,,0.00,,0.00,
MI South Indian Rice Noodles - Catering - Additional Item,1.00,Each,1.00,Each,1.00,,Inactive,=,,Inactive,=,1.00,Each,No,,,BATCH South Indian Rice Noodles,38.25,OZ-wt,100.0,,2.0722,2.0722,3.1218,3.1218,,0.00,,,0.00,,0.00,
MI South Indian Rice Noodles - Classic,1.00,Each,1.00,Each,1.00,,Inactive,=,,Inactive,=,1.00,Each,No,,,BATCH South Indian Rice Noodles,3.64,OZ-wt,100.0,,0.1972,0.1972,0.1972,0.1972,,0.00,,,0.00,,0.00,
MI South Indian Rice Noodles - Desi Deluxe,1.00,Each,1.00,Each,1.00,,Inactive,=,,Inactive,=,1.00,Each,No,,,BATCH South Indian Rice Noodles,3.40,OZ-wt,100.0,,0.1842,0.1842,0.1842,0.1842,,0.00,,,0.00,,0.00,
MI South Indian Rice Noodles - Party Pack,1.00,Each,1.00,Each,1.00,,Inactive,=,,Inactive,=,1.00,Each,No,,,BATCH South Indian Rice Noodles,4.25,OZ-wt,100.0,,0.2302,0.2302,0.2302,0.2302,,0.00,,,0.00,,0.00,
MI South Indian Rice Noodles - Side,1.00,Each,1.00,Each,1.00,,Inactive,=,,Inactive,=,1.00,Each,No,,,"Lid, Cup Soup",1.00,Each,100.0,,0.0550,0.0550,0.4721,0.4721,,0.00,,,0.00,,0.00,
MI South Indian Rice Noodles - Side,1.00,Each,1.00,Each,1.00,,Inactive,=,,Inactive,=,1.00,Each,No,,,"Cup, Soup",1.00,Each,100.0,,0.0650,0.0650,0.4721,0.4721,,0.00,,,0.00,,0.00,
MI South Indian Rice Noodles - Side,1.00,Each,1.00,Each,1.00,,Inactive,=,,Inactive,=,1.00,Each,No,,,BATCH South Indian Rice Noodles,6.50,OZ-wt,100.0,,0.3521,0.3521,0.4721,0.4721,,0.00,,,0.00,,0.00,
MI Spice + Savor Holiday Spread,1.00,Each,1.00,Each,1.00,,Inactive,=,,Inactive,=,1.00,Each,No,,,"Box, Catering",1.00,CT,100.0,,3.4500,3.4500,48.3235,48.3235,,,,,,,,
MI Spice + Savor Holiday Spread,1.00,Each,1.00,Each,1.00,,Inactive,=,,Inactive,=,1.00,Each,No,,,Napkins,20.00,Each,100.0,,0.1665,0.1665,48.3235,48.3235,,,,,,,,
MI Spice + Savor Holiday Spread,1.00,Each,1.00,Each,1.00,,Inactive,=,,Inactive,=,1.00,Each,No,,,"Fork, Plastic",10.00,Each,100.0,,0.3495,0.3495,48.3235,48.3235,,,,,,,,
MI Spice + Savor Holiday Spread,1.00,Each,1.00,Each,1.00,,Inactive,=,,Inactive,=,1.00,Each,No,,,"Spoon, Plastic",4.00,Each,100.0,,0.1398,0.1398,48.3235,48.3235,,,,,,,,
MI Spice + Savor Holiday Spread,1.00,Each,1.00,Each,1.00,,Inactive,=,,Inactive,=,1.00,Each,No,,,"Catering, Ladle",2.00,Each,100.0,,0.7896,0.7896,48.3235,48.3235,,,,,,,,
MI Spice + Savor Holiday Spread,1.00,Each,1.00,Each,1.00,,Inactive,=,,Inactive,=,1.00,Each,No,,,"Catering, Spoon",4.00,Each,100.0,,0.5969,0.5969,48.3235,48.3235,,,,,,,,
MI Spice + Savor Holiday Spread,1.00,Each,1.00,Each,1.00,,Inactive,=,,Inactive,=,1.00,Each,No,,,"Catering, Tong",3.00,Each,100.0,,1.6862,1.6862,48.3235,48.3235,,,,,,,,
MI Spice + Savor Holiday Spread,1.00,Each,1.00,Each,1.00,,Inactive,=,,Inactive,=,1.00,Each,No,,,"Lid, Pan Third",6.00,Each,100.0,,2.3985,2.3985,48.3235,48.3235,,,,,,,,
MI Spice + Savor Holiday Spread,1.00,Each,1.00,Each,1.00,,Inactive,=,,Inactive,=,1.00,Each,No,,,"Pan, Third",6.00,Each,100.0,,3.8985,3.8985,48.3235,48.3235,,,,,,,,
MI Spice + Savor Holiday Spread,1.00,Each,1.00,Each,1.00,,Inactive,=,,Inactive,=,1.00,Each,No,,,"Cont, Black Plastic Round 32oz with Lid",8.00,Each,100.0,,1.8640,1.8640,48.3235,48.3235,,,,,,,,
MI Spice + Savor Holiday Spread,1.00,Each,1.00,Each,1.00,,Inactive,=,,Inactive,=,1.00,Each,No,,,MI Combo Naan Basket Small,1.00,Each,100.0,,6.9106,6.9106,48.3235,48.3235,,,,,,,,
MI Spice + Savor Holiday Spread,1.00,Each,1.00,Each,1.00,,Inactive,=,,Inactive,=,1.00,Each,No,,,MI Masala Chai Cookies - 10,1.00,Each,100.0,,1.4819,1.4819,48.3235,48.3235,,,,,,,,
MI Spice + Savor Holiday Spread,1.00,Each,1.00,Each,1.00,,Inactive,=,,Inactive,=,1.00,Each,No,,,MI Tamarind Ginger Chutney - Party Pack,10.00,Each,100.0,,1.0942,1.0942,48.3235,48.3235,,,,,,,,
MI Spice + Savor Holiday Spread,1.00,Each,1.00,Each,1.00,,Inactive,=,,Inactive,=,1.00,Each,No,,,MI Mint Cilantro Chutney - Party Pack,10.00,Each,100.0,,0.9269,0.9269,48.3235,48.3235,,,,,,,,
MI Spice + Savor Holiday Spread,1.00,Each,1.00,Each,1.00,,Inactive,=,,Inactive,=,1.00,Each,No,,,MI Carrot Slaw - Party Pack,10.00,Each,100.0,,0.6815,0.6815,48.3235,48.3235,,,,,,,,
MI Spice + Savor Holiday Spread,1.00,Each,1.00,Each,1.00,,Inactive,=,,Inactive,=,1.00,Each,No,,,MI Kachumber Salad - Party Pack,10.00,Each,100.0,,0.5716,0.5716,48.3235,48.3235,,,,,,,,
MI Spice + Savor Holiday Spread,1.00,Each,1.00,Each,1.00,,Inactive,=,,Inactive,=,1.00,Each,No,,,MI Spiced Chickpeas - Party Pack,10.00,Each,100.0,,0.5554,0.5554,48.3235,48.3235,,,,,,,,
MI Spice + Savor Holiday Spread,1.00,Each,1.00,Each,1.00,,Inactive,=,,Inactive,=,1.00,Each,No,,,MI Sautéed Spinach - Party Pack,10.00,Each,100.0,,1.3255,1.3255,48.3235,48.3235,,,,,,,,
MI Spice + Savor Holiday Spread,1.00,Each,1.00,Each,1.00,,Inactive,=,,Inactive,=,1.00,Each,No,,,MI Tamarind Chili - Party Pack,10.00,Each,100.0,,2.1864,2.1864,48.3235,48.3235,,,,,,,,
MI Spice + Savor Holiday Spread,1.00,Each,1.00,Each,1.00,,Inactive,=,,Inactive,=,1.00,Each,No,,,MI Tomato Garlic - Party Pack,10.00,Each,100.0,,2.3511,2.3511,48.3235,48.3235,,,,,,,,
MI Spice + Savor Holiday Spread,1.00,Each,1.00,Each,1.00,,Inactive,=,,Inactive,=,1.00,Each,No,,,MI Tandoori Paneer - Party Pack,10.00,Each,100.0,,7.6353,7.6353,48.3235,48.3235,,,,,,,,
MI Spice + Savor Holiday Spread,1.00,Each,1.00,Each,1.00,,Inactive,=,,Inactive,=,1.00,Each,No,,,MI Chicken Tikka - Party Pack,10.00,Each,100.0,,3.9842,3.9842,48.3235,48.3235,,,,,,,,
MI Spice + Savor Holiday Spread,1.00,Each,1.00,Each,1.00,,Inactive,=,,Inactive,=,1.00,Each,No,,,MI Lemon Turmeric Rice - Party Pack,10.00,Each,100.0,,1.3002,1.3002,48.3235,48.3235,,,,,,,,
MI Spice + Savor Holiday Spread,1.00,Each,1.00,Each,1.00,,Inactive,=,,Inactive,=,1.00,Each,No,,,MI Sexygreens - Party Pack,10.00,Each,100.0,,1.9792,1.9792,48.3235,48.3235,,,,,,,,
MI Spiced Beef,1.00,Each,1.00,Each,1.00,,Inactive,=,,Inactive,=,1.00,Each,No,,,BATCH Beef Cooked,4.00,OZ-fl,100.0,,2.7439,2.7439,2.7439,2.7439,,0.00,,,0.00,,0.00,
MI Spiced Beef - Classic,1.00,Each,1.00,Each,1.00,,Inactive,=,,Inactive,=,1.00,Each,No,,,BATCH Beef Cooked,2.14,OZ-wt,100.0,,0.9787,0.9787,0.9787,0.9787,,0.00,,,0.00,,0.00,
MI Spiced Beef - Desi Deluxe,1.00,Each,1.00,Each,1.00,,Inactive,=,,Inactive,=,1.00,Each,No,,,BATCH Beef Cooked,2.00,OZ-wt,100.0,,0.9146,0.9146,0.9146,0.9146,,0.00,,,0.00,,0.00,
MI Spiced Beef - Party Pack,1.00,Each,1.00,Each,1.00,,Inactive,=,,Inactive,=,1.00,Each,No,,,BATCH Beef Cooked,2.50,OZ-wt,100.0,,1.1433,1.1433,1.1433,1.1433,,0.00,,,0.00,,0.00,
MI Spiced Cauliflower + Quinoa Bowl - In House,1.00,Each,1.00,Each,1.00,,Inactive,=,,Inactive,=,1.00,Each,No,,,EVERMADE Tamarind Ginger Chutney,1.00,OZ-wt,100.0,,0.1786,0.1786,2.9483,2.9483,,0.00,,,0.00,,0.00,
MI Spiced Cauliflower + Quinoa Bowl - In House,1.00,Each,1.00,Each,1.00,,Inactive,=,,Inactive,=,1.00,Each,No,,,BATCH Roasted Lentils,0.05,OZ-wt,100.0,,0.0078,0.0078,2.9483,2.9483,,0.00,,,0.00,,0.00,
MI Spiced Cauliflower + Quinoa Bowl - In House,1.00,Each,1.00,Each,1.00,,Inactive,=,,Inactive,=,1.00,Each,No,,,EVERMADE Coconut Ginger Sauce,4.00,OZ-fl,100.0,,0.7998,0.7998,2.9483,2.9483,,0.00,,,0.00,,0.00,
MI Spiced Cauliflower + Quinoa Bowl - In House,1.00,Each,1.00,Each,1.00,,Inactive,=,,Inactive,=,1.00,Each,No,,,BATCH Carrot Slaw,0.50,OZ-wt,100.0,,0.0454,0.0454,2.9483,2.9483,,0.00,,,0.00,,0.00,
MI Spiced Cauliflower + Quinoa Bowl - In House,1.00,Each,1.00,Each,1.00,,Inactive,=,,Inactive,=,1.00,Each,No,,,BATCH Pickled Onions,0.50,OZ-wt,100.0,,0.0425,0.0425,2.9483,2.9483,,0.00,,,0.00,,0.00,
MI Spiced Cauliflower + Quinoa Bowl - In House,1.00,Each,1.00,Each,1.00,,Inactive,=,,Inactive,=,1.00,Each,No,,,BATCH Sautéed Spinach,2.40,OZ-wt,100.0,,0.2545,0.2545,2.9483,2.9483,,0.00,,,0.00,,0.00,
MI Spiced Cauliflower + Quinoa Bowl - In House,1.00,Each,1.00,Each,1.00,,Inactive,=,,Inactive,=,1.00,Each,No,,,BATCH Cauliflower + Potato Cooked,4.00,OZ-wt,100.0,,0.8134,0.8134,2.9483,2.9483,,0.00,,,0.00,,0.00,
MI Spiced Cauliflower + Quinoa Bowl - In House,1.00,Each,1.00,Each,1.00,,Inactive,=,,Inactive,=,1.00,Each,No,,,BATCH Masala Quinoa,8.00,OZ-wt,100.0,,0.3185,0.3185,2.9483,2.9483,,0.00,,,0.00,,0.00,
MI Spiced Cauliflower + Quinoa Bowl - In House,1.00,Each,1.00,Each,1.00,,Inactive,=,,Inactive,=,1.00,Each,No,,,MI To Go Bowl Disposables - In House,1.00,Each,100.0,,0.4878,0.4878,2.9483,2.9483,,0.00,,,0.00,,0.00,
MI Spiced Cauliflower + Quinoa Bowl - Online,1.00,Each,1.00,Each,1.00,,Inactive,=,,Inactive,=,1.00,Each,No,,,MI To Go Bowl Disposables - Online,1.00,Each,100.0,,0.6065,0.6065,0.6065,0.6065,,0.00,,,0.00,,0.00,
MI Spiced Chickpeas,1.00,Each,1.00,Each,1.00,,Inactive,=,,Inactive,=,1.00,Each,No,,,BATCH Spiced Chickpeas,3.10,OZ-wt,100.0,,0.1377,0.1377,0.1377,0.1377,,0.00,,,0.00,,0.00,
MI Spiced Chickpeas - Catering - Additional Item,1.00,Each,1.00,Each,1.00,,Inactive,=,,Inactive,=,1.00,Each,No,,,"Pan, Third",1.00,Each,100.0,,0.6498,0.6498,2.7157,2.7157,,0.00,,,0.00,,0.00,
MI Spiced Chickpeas - Catering - Additional Item,1.00,Each,1.00,Each,1.00,,Inactive,=,,Inactive,=,1.00,Each,No,,,"Lid, Pan Third",1.00,Each,100.0,,0.3998,0.3998,2.7157,2.7157,,0.00,,,0.00,,0.00,
MI Spiced Chickpeas - Catering - Additional Item,1.00,Each,1.00,Each,1.00,,Inactive,=,,Inactive,=,1.00,Each,No,,,BATCH Spiced Chickpeas,37.50,OZ-wt,100.0,,1.6661,1.6661,2.7157,2.7157,,0.00,,,0.00,,0.00,
MI Spiced Chickpeas - Classic,1.00,Each,1.00,Each,1.00,,Inactive,=,,Inactive,=,1.00,Each,No,,,BATCH Spiced Chickpeas,1.07,OZ-wt,100.0,,0.0475,0.0475,0.0475,0.0475,,0.00,,,0.00,,0.00,
MI Spiced Chickpeas - Desi Deluxe,1.00,Each,1.00,Each,1.00,,Inactive,=,,Inactive,=,1.00,Each,No,,,BATCH Spiced Chickpeas,1.00,OZ-wt,100.0,,0.0444,0.0444,0.0444,0.0444,,0.00,,,0.00,,0.00,
MI Spiced Chickpeas - Party Pack,1.00,Each,1.00,Each,1.00,,Inactive,=,,Inactive,=,1.00,Each,No,,,BATCH Spiced Chickpeas,1.25,OZ-wt,100.0,,0.0555,0.0555,0.0555,0.0555,,0.00,,,0.00,,0.00,
MI Spiced Chickpeas - Side,1.00,Each,1.00,Each,1.00,,Inactive,=,,Inactive,=,1.00,Each,No,,,"Lid, Cup Soup",1.00,Each,100.0,,0.0550,0.0550,0.3955,0.3955,,0.00,,,0.00,,0.00,
MI Spiced Chickpeas - Side,1.00,Each,1.00,Each,1.00,,Inactive,=,,Inactive,=,1.00,Each,No,,,"Cup, Soup",1.00,Each,100.0,,0.0650,0.0650,0.3955,0.3955,,0.00,,,0.00,,0.00,
MI Spiced Chickpeas - Side,1.00,Each,1.00,Each,1.00,,Inactive,=,,Inactive,=,1.00,Each,No,,,BATCH Spiced Chickpeas,6.20,OZ-wt,100.0,,0.2755,0.2755,0.3955,0.3955,,0.00,,,0.00,,0.00,
MI Spicy Chicken Burrito - In House,1.00,Each,1.00,Each,1.00,,Inactive,=,,Inactive,=,1.00,Each,No,,,"Bread, Wrap 12""",1.00,Wrap-3.7oz-wt,100.0,,0.7074,0.7074,2.5993,2.5993,,0.00,,,0.00,,0.00,
MI Spicy Chicken Burrito - In House,1.00,Each,1.00,Each,1.00,,Inactive,=,,Inactive,=,1.00,Each,No,,,BATCH Spicy Chili Chicken Cooked,4.00,OZ-wt,100.0,,0.6467,0.6467,2.5993,2.5993,,0.00,,,0.00,,0.00,
MI Spicy Chicken Burrito - In House,1.00,Each,1.00,Each,1.00,,Inactive,=,,Inactive,=,1.00,Each,No,,,BATCH Kachumber Salad,1.00,OZ-wt,100.0,,0.0817,0.0817,2.5993,2.5993,,0.00,,,0.00,,0.00,
MI Spicy Chicken Burrito - In House,1.00,Each,1.00,Each,1.00,,Inactive,=,,Inactive,=,1.00,Each,No,,,MI To Go Burrito Disposables - In House,1.00,Each,100.0,,0.2073,0.2073,2.5993,2.5993,,0.00,,,0.00,,0.00,
MI Spicy Chicken Burrito - In House,1.00,Each,1.00,Each,1.00,,Inactive,=,,Inactive,=,1.00,Each,No,,,BATCH Shredded Paneer,1.00,OZ-wt,100.0,,0.2073,0.2073,2.5993,2.5993,,0.00,,,0.00,,0.00,
MI Spicy Chicken Burrito - In House,1.00,Each,1.00,Each,1.00,,Inactive,=,,Inactive,=,1.00,Each,No,,,YIELD Romaine Chopped,1.00,OZ-wt,100.0,,0.1563,0.1563,2.5993,2.5993,,0.00,,,0.00,,0.00,
MI Spicy Chicken Burrito - In House,1.00,Each,1.00,Each,1.00,,Inactive,=,,Inactive,=,1.00,Each,No,,,BATCH Masala Yogurt,0.95,OZ-wt,100.0,,0.1542,0.1542,2.5993,2.5993,,0.00,,,0.00,,0.00,
MI Spicy Chicken Burrito - In House,1.00,Each,1.00,Each,1.00,,Inactive,=,,Inactive,=,1.00,Each,No,,,BATCH Spiced Chickpeas,2.25,OZ-wt,100.0,,0.1000,0.1000,2.5993,2.5993,,0.00,,,0.00,,0.00,
MI Spicy Chicken Burrito - In House,1.00,Each,1.00,Each,1.00,,Inactive,=,,Inactive,=,1.00,Each,No,,,BATCH Lemon Turmeric Rice,5.00,OZ-wt,100.0,,0.1530,0.1530,2.5993,2.5993,,0.00,,,0.00,,0.00,
MI Spicy Chicken Burrito - In House,1.00,Each,1.00,Each,1.00,,Inactive,=,,Inactive,=,1.00,Each,No,,,BATCH Mint Cilantro Chutney,1.00,OZ-fl,100.0,,0.1854,0.1854,2.5993,2.5993,,0.00,,,0.00,,0.00,
MI Spicy Chicken Burrito - Online,1.00,Each,1.00,Each,1.00,,Inactive,=,,Inactive,=,1.00,Each,No,,,"Bread, Wrap 12""",1.00,Wrap-3.7oz-wt,100.0,,0.7074,0.7074,1.1177,1.1177,,0.00,,,0.00,,0.00,
MI Spicy Chicken Burrito - Online,1.00,Each,1.00,Each,1.00,,Inactive,=,,Inactive,=,1.00,Each,No,,,MI To Go Burrito Disposables - Online,1.00,Each,100.0,,0.4103,0.4103,1.1177,1.1177,,0.00,,,0.00,,0.00,
MI Spicy Chili Chicken,1.00,Each,1.00,Each,1.00,,Inactive,=,,Inactive,=,1.00,Each,No,,,BATCH Spicy Chili Chicken Cooked,4.50,OZ-wt,100.0,,0.7275,0.7275,0.7275,0.7275,,0.00,,,0.00,,0.00,
MI Spicy Chili Chicken - Catering - Additional Item,1.00,Each,1.00,Each,1.00,,Inactive,=,,Inactive,=,1.00,Each,No,,,"Pan, Third",1.00,Each,100.0,,0.6498,0.6498,9.9418,9.9418,,0.00,,,0.00,,0.00,
MI Spicy Chili Chicken - Catering - Additional Item,1.00,Each,1.00,Each,1.00,,Inactive,=,,Inactive,=,1.00,Each,No,,,"Lid, Pan Third",1.00,Each,100.0,,0.3998,0.3998,9.9418,9.9418,,0.00,,,0.00,,0.00,
MI Spicy Chili Chicken - Catering - Additional Item,1.00,Each,1.00,Each,1.00,,Inactive,=,,Inactive,=,1.00,Each,No,,,BATCH Spicy Chili Chicken Cooked,55.00,OZ-wt,100.0,,8.8922,8.8922,9.9418,9.9418,,0.00,,,0.00,,0.00,
MI Spicy Chili Chicken - Classic,1.00,Each,1.00,Each,1.00,,Inactive,=,,Inactive,=,1.00,Each,No,,,BATCH Spicy Chili Chicken Cooked,2.41,OZ-wt,100.0,,0.3896,0.3896,0.3896,0.3896,,0.00,,,0.00,,0.00,
MI Spicy Chili Chicken - Desi Deluxe,1.00,Each,1.00,Each,1.00,,Inactive,=,,Inactive,=,1.00,Each,No,,,BATCH Spicy Chili Chicken Cooked,2.29,OZ-wt,100.0,,0.3702,0.3702,0.3702,0.3702,,0.00,,,0.00,,0.00,
MI Spicy Chili Chicken - Kids,1.00,Each,1.00,Each,1.00,,Inactive,=,,Inactive,=,1.00,Each,No,,,BATCH Spicy Chili Chicken Cooked,2.25,OZ-wt,100.0,,0.3638,0.3638,0.3638,0.3638,,0.00,,,0.00,,0.00,
MI Spicy Chili Chicken - Party Pack,1.00,Each,1.00,Each,1.00,,Inactive,=,,Inactive,=,1.00,Each,No,,,BATCH Spicy Chili Chicken Cooked,2.75,OZ-wt,100.0,,0.4446,0.4446,0.4446,0.4446,,0.00,,,0.00,,0.00,
MI Spicy Chili Chicken Bowl - In House,1.00,Each,1.00,Each,1.00,,Inactive,=,,Inactive,=,1.00,Each,No,,,EVERMADE Coconut Ginger Sauce,4.00,OZ-fl,100.0,,0.7998,0.7998,2.7966,2.7966,,0.00,,,0.00,,0.00,
MI Spicy Chili Chicken Bowl - In House,1.00,Each,1.00,Each,1.00,,Inactive,=,,Inactive,=,1.00,Each,No,,,BATCH Mango Salsa,0.50,OZ-wt,100.0,,0.3291,0.3291,2.7966,2.7966,,0.00,,,0.00,,0.00,
MI Spicy Chili Chicken Bowl - In House,1.00,Each,1.00,Each,1.00,,Inactive,=,,Inactive,=,1.00,Each,No,,,BATCH Spiced Chickpeas,3.10,OZ-wt,100.0,,0.1377,0.1377,2.7966,2.7966,,0.00,,,0.00,,0.00,
MI Spicy Chili Chicken Bowl - In House,1.00,Each,1.00,Each,1.00,,Inactive,=,,Inactive,=,1.00,Each,No,,,MI To Go Bowl Disposables - In House,1.00,Each,100.0,,0.4878,0.4878,2.7966,2.7966,,0.00,,,0.00,,0.00,
MI Spicy Chili Chicken Bowl - In House,1.00,Each,1.00,Each,1.00,,Inactive,=,,Inactive,=,1.00,Each,No,,,BATCH Spicy Chili Chicken Cooked,4.50,OZ-wt,100.0,,0.7275,0.7275,2.7966,2.7966,,0.00,,,0.00,,0.00,
MI Spicy Chili Chicken Bowl - In House,1.00,Each,1.00,Each,1.00,,Inactive,=,,Inactive,=,1.00,Each,No,,,BATCH Basmati Rice,7.30,OZ-wt,100.0,,0.1849,0.1849,2.7966,2.7966,,0.00,,,0.00,,0.00,
MI Spicy Chili Chicken Bowl - In House,1.00,Each,1.00,Each,1.00,,Inactive,=,,Inactive,=,1.00,Each,No,,,BATCH Toasted Cumin Yogurt,1.00,OZ-fl,100.0,,0.0890,0.0890,2.7966,2.7966,,0.00,,,0.00,,0.00,
MI Spicy Chili Chicken Bowl - In House,1.00,Each,1.00,Each,1.00,,Inactive,=,,Inactive,=,1.00,Each,No,,,BATCH Kachumber Salad,0.50,OZ-wt,100.0,,0.0408,0.0408,2.7966,2.7966,,0.00,,,0.00,,0.00,
MI Spicy Chili Chicken Bowl - Online,1.00,Each,1.00,Each,1.00,,Inactive,=,,Inactive,=,1.00,Each,No,,,MI To Go Bowl Disposables - Online,1.00,Each,100.0,,0.6065,0.6065,0.6065,0.6065,,0.00,,,0.00,,0.00,
MI Spiked Coconut,1.00,Each,1.00,Each,1.00,,Inactive,=,,Inactive,=,1.00,Each,No,,,"Rum, Bacardi",1.50,OZ-fl,100.0,,0.8867,0.8867,4.2145,4.2145,,0.00,,,0.00,,0.00,
MI Spiked Coconut,1.00,Each,1.00,Each,1.00,,Inactive,=,,Inactive,=,1.00,Each,No,,,"Coconut, Water",1.00,Each,100.0,,3.3278,3.3278,4.2145,4.2145,,0.00,,,0.00,,0.00,
MI Spiked Lassi,1.00,Each,1.00,Each,1.00,,Inactive,=,,Inactive,=,1.00,Each,No,,,"Rum, Bacardi",1.50,OZ-fl,100.0,,0.8867,0.8867,1.2633,1.2633,,,,,,,,
MI Spiked Lassi,1.00,Each,1.00,Each,1.00,,Inactive,=,,Inactive,=,1.00,Each,No,,,BATCH Mango Lassi,4.50,OZ-fl,100.0,,0.3766,0.3766,1.2633,1.2633,,,,,,,,
MI Spiked Lassi - Growler,1.00,Each,1.00,Each,1.00,,Inactive,=,,Inactive,=,1.00,Each,No,,,"Lid, Cup 16oz",2.00,Each,100.0,,0.0628,0.0628,4.9506,4.9506,,,,,,,,
MI Spiked Lassi - Growler,1.00,Each,1.00,Each,1.00,,Inactive,=,,Inactive,=,1.00,Each,No,,,"Cup, 16oz Rasa",2.00,Each,100.0,,0.1799,0.1799,4.9506,4.9506,,,,,,,,
MI Spiked Lassi - Growler,1.00,Each,1.00,Each,1.00,,Inactive,=,,Inactive,=,1.00,Each,No,,,"Rum, Bacardi",4.00,OZ-fl,100.0,,2.3646,2.3646,4.9506,4.9506,,,,,,,,
MI Spiked Lassi - Growler,1.00,Each,1.00,Each,1.00,,Inactive,=,,Inactive,=,1.00,Each,No,,,BATCH Mango Lassi,28.00,OZ-fl,100.0,,2.3433,2.3433,4.9506,4.9506,,,,,,,,
MI Spiked Lassi - Jar,1.00,Each,1.00,Each,1.00,,Inactive,=,,Inactive,=,1.00,Each,No,,,"Lid, Cup 16oz",1.00,Each,100.0,,0.0314,0.0314,2.4753,2.4753,,,,,,,,
MI Spiked Lassi - Jar,1.00,Each,1.00,Each,1.00,,Inactive,=,,Inactive,=,1.00,Each,No,,,"Cup, 16oz Rasa",1.00,Each,100.0,,0.0900,0.0900,2.4753,2.4753,,,,,,,,
MI Spiked Lassi - Jar,1.00,Each,1.00,Each,1.00,,Inactive,=,,Inactive,=,1.00,Each,No,,,"Rum, Bacardi",2.00,OZ-fl,100.0,,1.1823,1.1823,2.4753,2.4753,,,,,,,,
MI Spiked Lassi - Jar,1.00,Each,1.00,Each,1.00,,Inactive,=,,Inactive,=,1.00,Each,No,,,BATCH Mango Lassi,14.00,OZ-fl,100.0,,1.1716,1.1716,2.4753,2.4753,,,,,,,,
MI Spindrift Grapefruit,1.00,Each,1.00,Each,1.00,,Inactive,=,,Inactive,=,1.00,Each,No,,,"Can, Water Spindrift Grapefruit",1.00,Can-12oz-fl,100.0,,1.1150,1.1150,1.1150,1.1150,,0.00,,,0.00,,0.00,
MI Spindrift Lemon,1.00,Each,1.00,Each,1.00,,Inactive,=,,Inactive,=,1.00,Each,No,,,"Can, Water Spindrift Lemon",1.00,Can-12oz-fl,100.0,,1.1975,1.1975,1.1975,1.1975,,0.00,,,0.00,,0.00,
MI Strawberry Lassi,1.00,Each,1.00,Each,1.00,,Inactive,=,,Inactive,=,1.00,Each,No,,,BATCH Strawberry Lassi,16.00,OZ-fl,100.0,,1.4573,1.4573,1.5967,1.5967,,,,,,,,
MI Strawberry Lassi,1.00,Each,1.00,Each,1.00,,Inactive,=,,Inactive,=,1.00,Each,No,,,"Cup, 16oz Rasa",1.00,Each,100.0,,0.0900,0.0900,1.5967,1.5967,,,,,,,,
MI Strawberry Lassi,1.00,Each,1.00,Each,1.00,,Inactive,=,,Inactive,=,1.00,Each,No,,,"Straw, Wrapped",1.00,Each,100.0,,0.0180,0.0180,1.5967,1.5967,,,,,,,,
MI Strawberry Lassi,1.00,Each,1.00,Each,1.00,,Inactive,=,,Inactive,=,1.00,Each,No,,,"Lid, Cup 16oz",1.00,Each,100.0,,0.0314,0.0314,1.5967,1.5967,,,,,,,,
MI Sunflower Seeds,1.00,Each,1.00,Each,1.00,,Inactive,=,,Inactive,=,1.00,Each,No,,,"Seed, Sunflower",0.05,OZ-wt,100.0,,0.0094,0.0094,0.0094,0.0094,,0.00,,,0.00,,0.00,
MI Supergrains,1.00,Each,1.00,Each,1.00,,Inactive,=,,Inactive,=,1.00,Each,No,,,BATCH Supergrains,7.10,OZ-wt,100.0,,0.3535,0.3535,0.3535,0.3535,,0.00,,,0.00,,0.00,
MI Supergrains - Catering - Additional Item,1.00,Each,1.00,Each,1.00,,Inactive,=,,Inactive,=,1.00,Each,No,,,"Lid, Pan Third",1.00,Each,100.0,,0.3998,0.3998,2.9540,2.9540,,0.00,,,0.00,,0.00,
MI Supergrains - Catering - Additional Item,1.00,Each,1.00,Each,1.00,,Inactive,=,,Inactive,=,1.00,Each,No,,,"Pan, Third",1.00,Each,100.0,,0.6498,0.6498,2.9540,2.9540,,0.00,,,0.00,,0.00,
MI Supergrains - Catering - Additional Item,1.00,Each,1.00,Each,1.00,,Inactive,=,,Inactive,=,1.00,Each,No,,,BATCH Supergrains,38.25,OZ-wt,100.0,,1.9044,1.9044,2.9540,2.9540,,0.00,,,0.00,,0.00,
MI Supergrains - Classic,1.00,Each,1.00,Each,1.00,,Inactive,=,,Inactive,=,1.00,Each,No,,,BATCH Supergrains,3.64,OZ-wt,100.0,,0.1812,0.1812,0.1812,0.1812,,0.00,,,0.00,,0.00,
MI Supergrains - Desi Deluxe,1.00,Each,1.00,Each,1.00,,Inactive,=,,Inactive,=,1.00,Each,No,,,BATCH Supergrains,3.40,OZ-wt,100.0,,0.1693,0.1693,0.1693,0.1693,,0.00,,,0.00,,0.00,
MI Supergrains - Party Pack,1.00,Each,1.00,Each,1.00,,Inactive,=,,Inactive,=,1.00,Each,No,,,BATCH Supergrains,4.25,OZ-wt,100.0,,0.2116,0.2116,0.2116,0.2116,,0.00,,,0.00,,0.00,
MI Supergrains - Side,1.00,Each,1.00,Each,1.00,,Inactive,=,,Inactive,=,1.00,Each,No,,,"Lid, Cup Soup",1.00,Each,100.0,,0.0550,0.0550,0.4735,0.4735,,0.00,,,0.00,,0.00,
MI Supergrains - Side,1.00,Each,1.00,Each,1.00,,Inactive,=,,Inactive,=,1.00,Each,No,,,"Cup, Soup",1.00,Each,100.0,,0.0650,0.0650,0.4735,0.4735,,0.00,,,0.00,,0.00,
MI Supergrains - Side,1.00,Each,1.00,Each,1.00,,Inactive,=,,Inactive,=,1.00,Each,No,,,BATCH Supergrains,7.10,OZ-wt,100.0,,0.3535,0.3535,0.4735,0.4735,,0.00,,,0.00,,0.00,
MI Sweet Potato Tikki,1.00,Each,1.00,Each,1.00,,Inactive,=,,Inactive,=,1.00,Each,No,,,BATCH Sweet Potato Tikki,3.20,OZ-wt,100.0,,0.3559,0.3559,0.3559,0.3559,,0.00,,,0.00,,0.00,
MI Sweet Potato Tikki - Catering - Additional Item,1.00,Each,1.00,Each,1.00,,Inactive,=,,Inactive,=,1.00,Each,No,,,"Pan, Third",1.00,Each,100.0,,0.6498,0.6498,4.6084,4.6084,,0.00,,,0.00,,0.00,
MI Sweet Potato Tikki - Catering - Additional Item,1.00,Each,1.00,Each,1.00,,Inactive,=,,Inactive,=,1.00,Each,No,,,"Lid, Pan Third",1.00,Each,100.0,,0.3998,0.3998,4.6084,4.6084,,0.00,,,0.00,,0.00,
MI Sweet Potato Tikki - Catering - Additional Item,1.00,Each,1.00,Each,1.00,,Inactive,=,,Inactive,=,1.00,Each,No,,,BATCH Sweet Potato Tikki,40.00,Each,100.0,,3.5588,3.5588,4.6084,4.6084,,0.00,,,0.00,,0.00,
MI Sweet Potato Tikki - Classic,1.00,Each,1.00,Each,1.00,,Inactive,=,,Inactive,=,1.00,Each,No,,,BATCH Sweet Potato Tikki,1.75,Each,100.0,,0.1557,0.1557,0.1557,0.1557,,0.00,,,0.00,,0.00,
MI Sweet Potato Tikki - Desi Deluxe,1.00,Each,1.00,Each,1.00,,Inactive,=,,Inactive,=,1.00,Each,No,,,BATCH Sweet Potato Tikki,1.67,Each,100.0,,0.1486,0.1486,0.1486,0.1486,,0.00,,,0.00,,0.00,
MI Sweet Potato Tikki - Kids,1.00,Each,1.00,Each,1.00,,Inactive,=,,Inactive,=,1.00,Each,No,,,BATCH Sweet Potato Tikki,1.60,OZ-wt,100.0,,0.1779,0.1779,0.1779,0.1779,,0.00,,,0.00,,0.00,
MI Sweet Potato Tikki - Party Pack,1.00,Each,1.00,Each,1.00,,Inactive,=,,Inactive,=,1.00,Each,No,,,BATCH Sweet Potato Tikki,2.00,Each,100.0,,0.1779,0.1779,0.1779,0.1779,,0.00,,,0.00,,0.00,
MI Sweet Tamarind Chutney,1.00,Each,1.00,Each,1.00,,Inactive,=,,Inactive,=,1.00,Each,No,,,EVERMADE Sweet Tamarind,0.80,OZ-wt,100.0,,0.1171,0.1171,0.1171,0.1171,,0.00,,,0.00,,0.00,
MI Taher BYO Bowl,1.00,Each,1.00,Each,1.00,,Inactive,=,,Inactive,=,1.00,Each,No,,,EVERMADE Tamarind Ginger Chutney,0.40,OZ-fl,100.0,,0.0875,0.0875,2.5902,2.5902,,0.00,,,0.00,,0.00,
MI Taher BYO Bowl,1.00,Each,1.00,Each,1.00,,Inactive,=,,Inactive,=,1.00,Each,No,,,BATCH Spiced Chickpeas,1.50,OZ-fl,100.0,,0.0933,0.0933,2.5902,2.5902,,0.00,,,0.00,,0.00,
MI Taher BYO Bowl,1.00,Each,1.00,Each,1.00,,Inactive,=,,Inactive,=,1.00,Each,No,,,BATCH Spicy Chili Chicken Cooked,0.80,OZ-wt,100.0,,0.1293,0.1293,2.5902,2.5902,,0.00,,,0.00,,0.00,
MI Taher BYO Bowl,1.00,Each,1.00,Each,1.00,,Inactive,=,,Inactive,=,1.00,Each,No,,,BATCH Tandoori Paneer Cooked,0.50,Each,100.0,,0.1273,0.1273,2.5902,2.5902,,0.00,,,0.00,,0.00,
MI Taher BYO Bowl,1.00,Each,1.00,Each,1.00,,Inactive,=,,Inactive,=,1.00,Each,No,,,BATCH Chicken Tikka Cooked New,2.80,OZ-wt,100.0,,0.4057,0.4057,2.5902,2.5902,,0.00,,,0.00,,0.00,
MI Taher BYO Bowl,1.00,Each,1.00,Each,1.00,,Inactive,=,,Inactive,=,1.00,Each,No,,,BATCH Lemon Turmeric Rice,7.30,OZ-wt,100.0,,0.2233,0.2233,2.5902,2.5902,,0.00,,,0.00,,0.00,
MI Taher BYO Bowl,1.00,Each,1.00,Each,1.00,,Inactive,=,,Inactive,=,1.00,Each,No,,,MI To Go Bowl Disposables - Offsite Pop-Up,1.00,Each,100.0,,0.3165,0.3165,2.5902,2.5902,,0.00,,,0.00,,0.00,
MI Taher BYO Bowl,1.00,Each,1.00,Each,1.00,,Inactive,=,,Inactive,=,1.00,Each,No,,,BATCH House Vinaigrette,0.40,OZ-fl,100.0,,0.0383,0.0383,2.5902,2.5902,,0.00,,,0.00,,0.00,
MI Taher BYO Bowl,1.00,Each,1.00,Each,1.00,,Inactive,=,,Inactive,=,1.00,Each,No,,,BATCH Indian Street Corn,0.80,OZ-fl,100.0,,0.0226,0.0226,2.5902,2.5902,,0.00,,,0.00,,0.00,
MI Taher BYO Bowl,1.00,Each,1.00,Each,1.00,,Inactive,=,,Inactive,=,1.00,Each,No,,,EVERMADE Coconut Ginger Sauce,0.88,OZ-fl,100.0,,0.1760,0.1760,2.5902,2.5902,,0.00,,,0.00,,0.00,
MI Taher BYO Bowl,1.00,Each,1.00,Each,1.00,,Inactive,=,,Inactive,=,1.00,Each,No,,,YIELD Romaine Chopped,0.85,OZ-wt,100.0,,0.1329,0.1329,2.5902,2.5902,,0.00,,,0.00,,0.00,
MI Taher BYO Bowl,1.00,Each,1.00,Each,1.00,,Inactive,=,,Inactive,=,1.00,Each,No,,,EVERMADE Tomato Garlic Sauce,2.63,OZ-fl,100.0,,0.4947,0.4947,2.5902,2.5902,,0.00,,,0.00,,0.00,
MI Taher BYO Bowl,1.00,Each,1.00,Each,1.00,,Inactive,=,,Inactive,=,1.00,Each,No,,,BATCH Sautéed Spinach,1.50,OZ-fl,100.0,,0.1690,0.1690,2.5902,2.5902,,0.00,,,0.00,,0.00,
MI Taher BYO Bowl,1.00,Each,1.00,Each,1.00,,Inactive,=,,Inactive,=,1.00,Each,No,,,BATCH Pickled Onions,0.50,OZ-fl,100.0,,0.0313,0.0313,2.5902,2.5902,,0.00,,,0.00,,0.00,
MI Taher BYO Bowl,1.00,Each,1.00,Each,1.00,,Inactive,=,,Inactive,=,1.00,Each,No,,,BATCH Kachumber Salad,0.40,OZ-wt,100.0,,0.0327,0.0327,2.5902,2.5902,,0.00,,,0.00,,0.00,
MI Taher BYO Bowl,1.00,Each,1.00,Each,1.00,,Inactive,=,,Inactive,=,1.00,Each,No,,,BATCH Mint Cilantro Chutney,0.40,OZ-fl,100.0,,0.0742,0.0742,2.5902,2.5902,,0.00,,,0.00,,0.00,
MI Taher BYO Bowl,1.00,Each,1.00,Each,1.00,,Inactive,=,,Inactive,=,1.00,Each,No,,,BATCH Toasted Cumin Yogurt,0.40,OZ-fl,100.0,,0.0356,0.0356,2.5902,2.5902,,0.00,,,0.00,,0.00,
MI Taher BYO Chicken Tikka Bowl,1.00,Each,1.00,Each,1.00,,Inactive,=,,Inactive,=,1.00,Each,No,,,BATCH Chicken Tikka Cooked New,4.00,OZ-wt,100.0,,0.5795,0.5795,2.3983,2.3983,,0.00,,,0.00,,0.00,
MI Taher BYO Chicken Tikka Bowl,1.00,Each,1.00,Each,1.00,,Inactive,=,,Inactive,=,1.00,Each,No,,,BATCH Lemon Turmeric Rice,7.30,OZ-wt,100.0,,0.2233,0.2233,2.3983,2.3983,,0.00,,,0.00,,0.00,
MI Taher BYO Chicken Tikka Bowl,1.00,Each,1.00,Each,1.00,,Inactive,=,,Inactive,=,1.00,Each,No,,,MI To Go Bowl Disposables - Offsite Pop-Up,1.00,Each,100.0,,0.3165,0.3165,2.3983,2.3983,,0.00,,,0.00,,0.00,
MI Taher BYO Chicken Tikka Bowl,1.00,Each,1.00,Each,1.00,,Inactive,=,,Inactive,=,1.00,Each,No,,,BATCH House Vinaigrette,0.50,OZ-fl,100.0,,0.0479,0.0479,2.3983,2.3983,,0.00,,,0.00,,0.00,
MI Taher BYO Chicken Tikka Bowl,1.00,Each,1.00,Each,1.00,,Inactive,=,,Inactive,=,1.00,Each,No,,,BATCH Indian Street Corn,0.30,OZ-wt,100.0,,0.0070,0.0070,2.3983,2.3983,,0.00,,,0.00,,0.00,
MI Taher BYO Chicken Tikka Bowl,1.00,Each,1.00,Each,1.00,,Inactive,=,,Inactive,=,1.00,Each,No,,,BATCH Carrot Slaw,0.20,OZ-wt,100.0,,0.0182,0.0182,2.3983,2.3983,,0.00,,,0.00,,0.00,
MI Taher BYO Chicken Tikka Bowl,1.00,Each,1.00,Each,1.00,,Inactive,=,,Inactive,=,1.00,Each,No,,,BATCH Chickpeas Cooked,2.17,OZ-wt,100.0,,0.0527,0.0527,2.3983,2.3983,,0.00,,,0.00,,0.00,
MI Taher BYO Chicken Tikka Bowl,1.00,Each,1.00,Each,1.00,,Inactive,=,,Inactive,=,1.00,Each,No,,,EVERMADE Coconut Ginger Sauce,1.00,OZ-fl,100.0,,0.2000,0.2000,2.3983,2.3983,,0.00,,,0.00,,0.00,
MI Taher BYO Chicken Tikka Bowl,1.00,Each,1.00,Each,1.00,,Inactive,=,,Inactive,=,1.00,Each,No,,,YIELD Romaine Chopped,0.75,OZ-wt,100.0,,0.1172,0.1172,2.3983,2.3983,,0.00,,,0.00,,0.00,
MI Taher BYO Chicken Tikka Bowl,1.00,Each,1.00,Each,1.00,,Inactive,=,,Inactive,=,1.00,Each,No,,,EVERMADE Tomato Garlic Sauce,3.00,OZ-fl,100.0,,0.5643,0.5643,2.3983,2.3983,,0.00,,,0.00,,0.00,
MI Taher BYO Chicken Tikka Bowl,1.00,Each,1.00,Each,1.00,,Inactive,=,,Inactive,=,1.00,Each,No,,,BATCH Sautéed Spinach,0.72,OZ-wt,100.0,,0.0763,0.0763,2.3983,2.3983,,0.00,,,0.00,,0.00,
MI Taher BYO Chicken Tikka Bowl,1.00,Each,1.00,Each,1.00,,Inactive,=,,Inactive,=,1.00,Each,No,,,BATCH Pickled Onions,0.30,OZ-wt,100.0,,0.0255,0.0255,2.3983,2.3983,,0.00,,,0.00,,0.00,
MI Taher BYO Chicken Tikka Bowl,1.00,Each,1.00,Each,1.00,,Inactive,=,,Inactive,=,1.00,Each,No,,,BATCH Kachumber Salad,0.40,OZ-wt,100.0,,0.0327,0.0327,2.3983,2.3983,,0.00,,,0.00,,0.00,
MI Taher BYO Chicken Tikka Bowl,1.00,Each,1.00,Each,1.00,,Inactive,=,,Inactive,=,1.00,Each,No,,,BATCH Mint Cilantro Chutney,0.50,OZ-fl,100.0,,0.0927,0.0927,2.3983,2.3983,,0.00,,,0.00,,0.00,
MI Taher BYO Chicken Tikka Bowl,1.00,Each,1.00,Each,1.00,,Inactive,=,,Inactive,=,1.00,Each,No,,,BATCH Toasted Cumin Yogurt,0.50,OZ-fl,100.0,,0.0445,0.0445,2.3983,2.3983,,0.00,,,0.00,,0.00,
MI Taher BYO Paneer Bowl,1.00,Each,1.00,Each,1.00,,Inactive,=,,Inactive,=,1.00,Each,No,,,BATCH Tandoori Paneer Cooked,5.00,Each,100.0,,1.2726,1.2726,3.0914,3.0914,,0.00,,,0.00,,0.00,
MI Taher BYO Paneer Bowl,1.00,Each,1.00,Each,1.00,,Inactive,=,,Inactive,=,1.00,Each,No,,,BATCH Lemon Turmeric Rice,7.30,OZ-wt,100.0,,0.2233,0.2233,3.0914,3.0914,,0.00,,,0.00,,0.00,
MI Taher BYO Paneer Bowl,1.00,Each,1.00,Each,1.00,,Inactive,=,,Inactive,=,1.00,Each,No,,,MI To Go Bowl Disposables - Offsite Pop-Up,1.00,Each,100.0,,0.3165,0.3165,3.0914,3.0914,,0.00,,,0.00,,0.00,
MI Taher BYO Paneer Bowl,1.00,Each,1.00,Each,1.00,,Inactive,=,,Inactive,=,1.00,Each,No,,,BATCH House Vinaigrette,0.50,OZ-fl,100.0,,0.0479,0.0479,3.0914,3.0914,,0.00,,,0.00,,0.00,
MI Taher BYO Paneer Bowl,1.00,Each,1.00,Each,1.00,,Inactive,=,,Inactive,=,1.00,Each,No,,,BATCH Indian Street Corn,0.30,OZ-wt,100.0,,0.0070,0.0070,3.0914,3.0914,,0.00,,,0.00,,0.00,
MI Taher BYO Paneer Bowl,1.00,Each,1.00,Each,1.00,,Inactive,=,,Inactive,=,1.00,Each,No,,,BATCH Carrot Slaw,0.20,OZ-wt,100.0,,0.0182,0.0182,3.0914,3.0914,,0.00,,,0.00,,0.00,
MI Taher BYO Paneer Bowl,1.00,Each,1.00,Each,1.00,,Inactive,=,,Inactive,=,1.00,Each,No,,,BATCH Chickpeas Cooked,2.17,OZ-wt,100.0,,0.0527,0.0527,3.0914,3.0914,,0.00,,,0.00,,0.00,
MI Taher BYO Paneer Bowl,1.00,Each,1.00,Each,1.00,,Inactive,=,,Inactive,=,1.00,Each,No,,,EVERMADE Coconut Ginger Sauce,1.00,OZ-fl,100.0,,0.2000,0.2000,3.0914,3.0914,,0.00,,,0.00,,0.00,
MI Taher BYO Paneer Bowl,1.00,Each,1.00,Each,1.00,,Inactive,=,,Inactive,=,1.00,Each,No,,,YIELD Romaine Chopped,0.75,OZ-wt,100.0,,0.1172,0.1172,3.0914,3.0914,,0.00,,,0.00,,0.00,
MI Taher BYO Paneer Bowl,1.00,Each,1.00,Each,1.00,,Inactive,=,,Inactive,=,1.00,Each,No,,,EVERMADE Tomato Garlic Sauce,3.00,OZ-fl,100.0,,0.5643,0.5643,3.0914,3.0914,,0.00,,,0.00,,0.00,
MI Taher BYO Paneer Bowl,1.00,Each,1.00,Each,1.00,,Inactive,=,,Inactive,=,1.00,Each,No,,,BATCH Sautéed Spinach,0.72,OZ-wt,100.0,,0.0763,0.0763,3.0914,3.0914,,0.00,,,0.00,,0.00,
MI Taher BYO Paneer Bowl,1.00,Each,1.00,Each,1.00,,Inactive,=,,Inactive,=,1.00,Each,No,,,BATCH Pickled Onions,0.30,OZ-wt,100.0,,0.0255,0.0255,3.0914,3.0914,,0.00,,,0.00,,0.00,
MI Taher BYO Paneer Bowl,1.00,Each,1.00,Each,1.00,,Inactive,=,,Inactive,=,1.00,Each,No,,,BATCH Kachumber Salad,0.40,OZ-wt,100.0,,0.0327,0.0327,3.0914,3.0914,,0.00,,,0.00,,0.00,
MI Taher BYO Paneer Bowl,1.00,Each,1.00,Each,1.00,,Inactive,=,,Inactive,=,1.00,Each,No,,,BATCH Mint Cilantro Chutney,0.50,OZ-fl,100.0,,0.0927,0.0927,3.0914,3.0914,,0.00,,,0.00,,0.00,
MI Taher BYO Paneer Bowl,1.00,Each,1.00,Each,1.00,,Inactive,=,,Inactive,=,1.00,Each,No,,,BATCH Toasted Cumin Yogurt,0.50,OZ-fl,100.0,,0.0445,0.0445,3.0914,3.0914,,0.00,,,0.00,,0.00,
MI Taher Catering Drop,1.00,Each,1.00,Each,1.00,,Inactive,=,,Inactive,=,1.00,Each,No,,,"Box, Catering",2.00,CT,100.0,,6.9000,6.9000,89.5225,89.5225,,,,,,,,
MI Taher Catering Drop,1.00,Each,1.00,Each,1.00,,Inactive,=,,Inactive,=,1.00,Each,No,,,"Lid, Pan Third",5.00,Each,100.0,,1.9988,1.9988,89.5225,89.5225,,,,,,,,
MI Taher Catering Drop,1.00,Each,1.00,Each,1.00,,Inactive,=,,Inactive,=,1.00,Each,No,,,"Pan, Third",5.00,Each,100.0,,3.2488,3.2488,89.5225,89.5225,,,,,,,,
MI Taher Catering Drop,1.00,Each,1.00,Each,1.00,,Inactive,=,,Inactive,=,1.00,Each,No,,,"Cont, Black Plastic Round 32oz with Lid",4.00,Each,100.0,,0.9320,0.9320,89.5225,89.5225,,,,,,,,
MI Taher Catering Drop,1.00,Each,1.00,Each,1.00,,Inactive,=,,Inactive,=,1.00,Each,No,,,"Cont, Deli 32oz with Lid",7.00,Each,100.0,,2.4007,2.4007,89.5225,89.5225,,,,,,,,
MI Taher Catering Drop,1.00,Each,1.00,Each,1.00,,Inactive,=,,Inactive,=,1.00,Each,No,,,"Lid, Cup Soup",4.00,Each,100.0,,0.2198,0.2198,89.5225,89.5225,,,,,,,,
MI Taher Catering Drop,1.00,Each,1.00,Each,1.00,,Inactive,=,,Inactive,=,1.00,Each,No,,,"Cup, Soup",4.00,Each,100.0,,0.2598,0.2598,89.5225,89.5225,,,,,,,,
MI Taher Catering Drop,1.00,Each,1.00,Each,1.00,,Inactive,=,,Inactive,=,1.00,Each,No,,,BATCH House Vinaigrette,1.50,Cup,100.0,,1.1504,1.1504,89.5225,89.5225,,,,,,,,
MI Taher Catering Drop,1.00,Each,1.00,Each,1.00,,Inactive,=,,Inactive,=,1.00,Each,No,,,EVERMADE Tamarind Ginger Chutney,1.50,Cup,100.0,,2.6261,2.6261,89.5225,89.5225,,,,,,,,
MI Taher Catering Drop,1.00,Each,1.00,Each,1.00,,Inactive,=,,Inactive,=,1.00,Each,No,,,BATCH Toasted Cumin Yogurt,1.50,Cup,100.0,,1.0679,1.0679,89.5225,89.5225,,,,,,,,
MI Taher Catering Drop,1.00,Each,1.00,Each,1.00,,Inactive,=,,Inactive,=,1.00,Each,No,,,BATCH Mint Cilantro Chutney,1.50,Cup,100.0,,2.2246,2.2246,89.5225,89.5225,,,,,,,,
MI Taher Catering Drop,1.00,Each,1.00,Each,1.00,,Inactive,=,,Inactive,=,1.00,Each,No,,,BATCH Indian Street Corn,1.00,Quart,100.0,,0.9021,0.9021,89.5225,89.5225,,,,,,,,
MI Taher Catering Drop,1.00,Each,1.00,Each,1.00,,Inactive,=,,Inactive,=,1.00,Each,No,,,BATCH Pickled Onions,1.00,Quart,100.0,,2.0039,2.0039,89.5225,89.5225,,,,,,,,
MI Taher Catering Drop,1.00,Each,1.00,Each,1.00,,Inactive,=,,Inactive,=,1.00,Each,No,,,BATCH Kachumber Salad,1.00,Quart,100.0,,1.7638,1.7638,89.5225,89.5225,,,,,,,,
MI Taher Catering Drop,1.00,Each,1.00,Each,1.00,,Inactive,=,,Inactive,=,1.00,Each,No,,,BATCH Spiced Chickpeas,1.50,Quart,100.0,,2.9856,2.9856,89.5225,89.5225,,,,,,,,
MI Taher Catering Drop,1.00,Each,1.00,Each,1.00,,Inactive,=,,Inactive,=,1.00,Each,No,,,BATCH Sautéed Spinach,1.50,Quart,100.0,,5.4079,5.4079,89.5225,89.5225,,,,,,,,
MI Taher Catering Drop,1.00,Each,1.00,Each,1.00,,Inactive,=,,Inactive,=,1.00,Each,No,,,EVERMADE Coconut Ginger Sauce,1.00,Quart,100.0,,6.3987,6.3987,89.5225,89.5225,,,,,,,,
MI Taher Catering Drop,1.00,Each,1.00,Each,1.00,,Inactive,=,,Inactive,=,1.00,Each,No,,,EVERMADE Tomato Garlic Sauce,2.50,Quart,100.0,,15.0472,15.0472,89.5225,89.5225,,,,,,,,
MI Taher Catering Drop,1.00,Each,1.00,Each,1.00,,Inactive,=,,Inactive,=,1.00,Each,No,,,BATCH Tandoori Paneer Cooked,15.00,Each,100.0,,3.8177,3.8177,89.5225,89.5225,,,,,,,,
MI Taher Catering Drop,1.00,Each,1.00,Each,1.00,,Inactive,=,,Inactive,=,1.00,Each,No,,,BATCH Spicy Chili Chicken Cooked,2.00,lb,100.0,,5.1736,5.1736,89.5225,89.5225,,,,,,,,
MI Taher Catering Drop,1.00,Each,1.00,Each,1.00,,Inactive,=,,Inactive,=,1.00,Each,No,,,BATCH Chicken Tikka Cooked New,5.30,lb,100.0,,12.2858,12.2858,89.5225,89.5225,,,,,,,,
MI Taher Catering Drop,1.00,Each,1.00,Each,1.00,,Inactive,=,,Inactive,=,1.00,Each,No,,,BATCH Lemon Turmeric Rice,13.70,lb,100.0,,6.7058,6.7058,89.5225,89.5225,,,,,,,,
MI Taher Catering Drop,1.00,Each,1.00,Each,1.00,,Inactive,=,,Inactive,=,1.00,Each,No,,,YIELD Romaine Chopped,1.60,lb,100.0,,4.0015,4.0015,89.5225,89.5225,,,,,,,,
MI Taj Mahal,1.00,Each,1.00,Each,1.00,,Inactive,=,,Inactive,=,1.00,Each,No,,,"Beer, Taj Mahal",1.00,Bottle,100.0,,2.8125,2.8125,2.8125,2.8125,,0.00,,,0.00,,0.00,
MI Tamarind Chili - Catering - Additional Item,1.00,Each,1.00,Each,1.00,,Inactive,=,,Inactive,=,1.00,Each,No,,,EVERMADE Tamarind Chili Sauce,32.00,OZ-fl,100.0,,5.5972,5.5972,5.9402,5.9402,,0.00,,,0.00,,0.00,
MI Tamarind Chili - Catering - Additional Item,1.00,Each,1.00,Each,1.00,,Inactive,=,,Inactive,=,1.00,Each,No,,,"Cont, Deli 32oz with Lid",1.00,Each,100.0,,0.3430,0.3430,5.9402,5.9402,,0.00,,,0.00,,0.00,
MI Tamarind Chili - Classic,1.00,Each,1.00,Each,1.00,,Inactive,=,,Inactive,=,1.00,Each,No,,,EVERMADE Tamarind Chili Sauce,1.07,OZ-fl,100.0,,0.1872,0.1872,0.1872,0.1872,,0.00,,,0.00,,0.00,
MI Tamarind Chili - Desi Deluxe,1.00,Each,1.00,Each,1.00,,Inactive,=,,Inactive,=,1.00,Each,No,,,EVERMADE Tamarind Chili Sauce,1.00,OZ-fl,100.0,,0.1749,0.1749,0.1749,0.1749,,0.00,,,0.00,,0.00,
MI Tamarind Chili - Party Pack,1.00,Each,1.00,Each,1.00,,Inactive,=,,Inactive,=,1.00,Each,No,,,EVERMADE Tamarind Chili Sauce,1.25,OZ-fl,100.0,,0.2186,0.2186,0.2186,0.2186,,0.00,,,0.00,,0.00,
MI Tamarind Chili Sauce,1.00,Each,1.00,Each,1.00,,Inactive,=,,Inactive,=,1.00,Each,No,,,EVERMADE Tamarind Chili Sauce,4.00,OZ-fl,100.0,,0.6996,0.6996,0.6996,0.6996,,0.00,,,0.00,,0.00,
MI Tamarind Chili Sauce - Side,1.00,Each,1.00,Each,1.00,,Inactive,=,,Inactive,=,1.00,Each,No,,,EVERMADE Tamarind Chili Sauce,8.00,OZ-fl,100.0,,1.3993,1.3993,1.5193,1.5193,,0.00,,,0.00,,0.00,
MI Tamarind Chili Sauce - Side,1.00,Each,1.00,Each,1.00,,Inactive,=,,Inactive,=,1.00,Each,No,,,"Lid, Cup Soup",1.00,Each,100.0,,0.0550,0.0550,1.5193,1.5193,,0.00,,,0.00,,0.00,
MI Tamarind Chili Sauce - Side,1.00,Each,1.00,Each,1.00,,Inactive,=,,Inactive,=,1.00,Each,No,,,"Cup, Soup",1.00,Each,100.0,,0.0650,0.0650,1.5193,1.5193,,0.00,,,0.00,,0.00,
MI Tamarind Coconut Powder,1.00,Each,1.00,Each,1.00,,Inactive,=,,Inactive,=,1.00,Each,No,,,BATCH Tamarind Coconut Powder,0.05,OZ-wt,100.0,,0.0172,0.0172,0.0172,0.0172,,0.00,,,0.00,,0.00,
MI Tamarind Coconut Powder - Classic,1.00,Each,1.00,Each,1.00,,Inactive,=,,Inactive,=,1.00,Each,No,,,BATCH Tamarind Coconut Powder,0.21,OZ-wt,100.0,,0.0721,0.0721,0.0721,0.0721,,0.00,,,0.00,,0.00,
MI Tamarind Coconut Powder - Desi Deluxe,1.00,Each,1.00,Each,1.00,,Inactive,=,,Inactive,=,1.00,Each,No,,,BATCH Tamarind Coconut Powder,0.20,OZ-wt,100.0,,0.0686,0.0686,0.0686,0.0686,,0.00,,,0.00,,0.00,
MI Tamarind Coconut Powder - Party Pack,1.00,Each,1.00,Each,1.00,,Inactive,=,,Inactive,=,1.00,Each,No,,,BATCH Tamarind Coconut Powder,0.25,OZ-wt,100.0,,0.0858,0.0858,0.0858,0.0858,,0.00,,,0.00,,0.00,
MI Tamarind Ginger Chutney,1.00,Each,1.00,Each,1.00,,Inactive,=,,Inactive,=,1.00,Each,No,,,EVERMADE Tamarind Ginger Chutney,0.80,OZ-wt,100.0,,0.1429,0.1429,0.1429,0.1429,,0.00,,,0.00,,0.00,
MI Tamarind Ginger Chutney - Classic,1.00,Each,1.00,Each,1.00,,Inactive,=,,Inactive,=,1.00,Each,No,,,EVERMADE Tamarind Ginger Chutney,0.43,OZ-fl,100.0,,0.0941,0.0941,0.0941,0.0941,,0.00,,,0.00,,0.00,
MI Tamarind Ginger Chutney - Desi Deluxe,1.00,Each,1.00,Each,1.00,,Inactive,=,,Inactive,=,1.00,Each,No,,,EVERMADE Tamarind Ginger Chutney,0.48,OZ-fl,100.0,,0.1050,0.1050,0.1050,0.1050,,0.00,,,0.00,,0.00,
MI Tamarind Ginger Chutney - Party Pack,1.00,Each,1.00,Each,1.00,,Inactive,=,,Inactive,=,1.00,Each,No,,,EVERMADE Tamarind Ginger Chutney,0.50,OZ-fl,100.0,,0.1094,0.1094,0.1094,0.1094,,0.00,,,0.00,,0.00,
MI Tamarind Ginger Chutney - Portion Cup,1.00,Each,1.00,Each,1.00,,Inactive,=,,Inactive,=,1.00,Each,No,,,EVERMADE Tamarind Ginger Chutney,1.50,OZ-wt,100.0,,0.2680,0.2680,0.2910,0.2910,,,,,,,,
MI Tamarind Ginger Chutney - Portion Cup,1.00,Each,1.00,Each,1.00,,Inactive,=,,Inactive,=,1.00,Each,No,,,"Lid, Cup Portion 1.5/2oz",1.00,Each,100.0,,0.0104,0.0104,0.2910,0.2910,,,,,,,,
MI Tamarind Ginger Chutney - Portion Cup,1.00,Each,1.00,Each,1.00,,Inactive,=,,Inactive,=,1.00,Each,No,,,"Cup, Portion 1.5oz",1.00,Each,100.0,,0.0126,0.0126,0.2910,0.2910,,,,,,,,
MI Tamarind Ginger Chutney - Quart,1.00,Each,1.00,Each,1.00,,Inactive,=,,Inactive,=,1.00,Each,No,,,"Cont, Deli 32oz with Lid",1.00,Each,100.0,,0.3430,0.3430,0.6110,0.6110,,,,,,,,
MI Tamarind Ginger Chutney - Quart,1.00,Each,1.00,Each,1.00,,Inactive,=,,Inactive,=,1.00,Each,No,,,EVERMADE Tamarind Ginger Chutney,1.50,OZ-wt,100.0,,0.2680,0.2680,0.6110,0.6110,,,,,,,,
MI Tamarind Margarita,1.00,Each,1.00,Each,1.00,,Inactive,=,,Inactive,=,1.00,Each,No,,,BATCH Tamarind Margarita,6.00,OZ-fl,100.0,,2.2195,2.2195,2.2195,2.2195,,0.00,,,0.00,,0.00,
MI Tamarind Margarita 1 jar,1.00,Each,1.00,Each,1.00,,Inactive,=,,Inactive,=,1.00,Each,No,,,BATCH Tamarind Margarita,16.00,OZ-fl,100.0,,5.9186,5.9186,5.9186,5.9186,,0.00,,,0.00,,0.00,
MI Tamarind Margarita Growler,1.00,Each,1.00,Each,1.00,,Inactive,=,,Inactive,=,1.00,Each,No,,,BATCH Tamarind Margarita,32.00,OZ-fl,100.0,,11.8372,11.8372,11.8372,11.8372,,0.00,,,0.00,,0.00,
MI Tandoori Paneer,1.00,Each,1.00,Each,1.00,,Inactive,=,,Inactive,=,1.00,Each,No,,,BATCH Tandoori Paneer Cooked,5.00,Each,100.0,,1.2726,1.2726,1.2726,1.2726,,0.00,,,0.00,,0.00,
MI Tandoori Paneer - Catering - Additional Item,1.00,Each,1.00,Each,1.00,,Inactive,=,,Inactive,=,1.00,Each,No,,,"Pan, Third",1.00,Each,100.0,,0.6498,0.6498,13.7752,13.7752,,0.00,,,0.00,,0.00,
MI Tandoori Paneer - Catering - Additional Item,1.00,Each,1.00,Each,1.00,,Inactive,=,,Inactive,=,1.00,Each,No,,,"Lid, Pan Third",1.00,Each,100.0,,0.3998,0.3998,13.7752,13.7752,,0.00,,,0.00,,0.00,
MI Tandoori Paneer - Catering - Additional Item,1.00,Each,1.00,Each,1.00,,Inactive,=,,Inactive,=,1.00,Each,No,,,BATCH Tandoori Paneer Cooked,50.00,Each,100.0,,12.7256,12.7256,13.7752,13.7752,,0.00,,,0.00,,0.00,
MI Tandoori Paneer - Classic,1.00,Each,1.00,Each,1.00,,Inactive,=,,Inactive,=,1.00,Each,No,,,BATCH Tandoori Paneer Cooked,2.63,Each,100.0,,0.6694,0.6694,0.6694,0.6694,,0.00,,,0.00,,0.00,
MI Tandoori Paneer - Desi Deluxe,1.00,Each,1.00,Each,1.00,,Inactive,=,,Inactive,=,1.00,Each,No,,,BATCH Tandoori Paneer Cooked,2.50,Each,100.0,,0.6363,0.6363,0.6363,0.6363,,0.00,,,0.00,,0.00,
MI Tandoori Paneer - Kids,1.00,Each,1.00,Each,1.00,,Inactive,=,,Inactive,=,1.00,Each,No,,,BATCH Tandoori Paneer Cooked,3.00,Each,100.0,,0.7635,0.7635,0.7635,0.7635,,0.00,,,0.00,,0.00,
MI Tandoori Paneer - Party Pack,1.00,Each,1.00,Each,1.00,,Inactive,=,,Inactive,=,1.00,Each,No,,,BATCH Tandoori Paneer Cooked,3.00,Each,100.0,,0.7635,0.7635,0.7635,0.7635,,0.00,,,0.00,,0.00,
MI Tandoori Paneer Bowl - Catering,1.00,Each,1.00,Each,1.00,,Inactive,=,,Inactive,=,1.00,Each,No,,,EVERMADE Tamarind Ginger Chutney,0.80,OZ-wt,100.0,,0.1429,0.1429,3.5005,3.5005,,0.00,,,0.00,,0.00,
MI Tandoori Paneer Bowl - Catering,1.00,Each,1.00,Each,1.00,,Inactive,=,,Inactive,=,1.00,Each,No,,,EVERMADE Tomato Garlic Sauce,4.00,OZ-fl,100.0,,0.7524,0.7524,3.5005,3.5005,,0.00,,,0.00,,0.00,
MI Tandoori Paneer Bowl - Catering,1.00,Each,1.00,Each,1.00,,Inactive,=,,Inactive,=,1.00,Each,No,,,MI To Go Bowl Disposables - Online,1.00,Each,100.0,,0.6065,0.6065,3.5005,3.5005,,0.00,,,0.00,,0.00,
MI Tandoori Paneer Bowl - Catering,1.00,Each,1.00,Each,1.00,,Inactive,=,,Inactive,=,1.00,Each,No,,,BATCH Tandoori Paneer Cooked,5.00,Each,100.0,,1.2726,1.2726,3.5005,3.5005,,0.00,,,0.00,,0.00,
MI Tandoori Paneer Bowl - Catering,1.00,Each,1.00,Each,1.00,,Inactive,=,,Inactive,=,1.00,Each,No,,,YIELD Cilantro Chopped,0.10,OZ-wt,100.0,,0.0377,0.0377,3.5005,3.5005,,0.00,,,0.00,,0.00,
MI Tandoori Paneer Bowl - Catering,1.00,Each,1.00,Each,1.00,,Inactive,=,,Inactive,=,1.00,Each,No,,,YIELD Cucumber Chopped,0.50,OZ-wt,100.0,,0.0161,0.0161,3.5005,3.5005,,0.00,,,0.00,,0.00,
MI Tandoori Paneer Bowl - Catering,1.00,Each,1.00,Each,1.00,,Inactive,=,,Inactive,=,1.00,Each,No,,,BATCH Sautéed Spinach,2.40,OZ-wt,100.0,,0.2545,0.2545,3.5005,3.5005,,0.00,,,0.00,,0.00,
MI Tandoori Paneer Bowl - Catering,1.00,Each,1.00,Each,1.00,,Inactive,=,,Inactive,=,1.00,Each,No,,,BATCH Lemon Turmeric Rice,7.30,OZ-wt,100.0,,0.2233,0.2233,3.5005,3.5005,,0.00,,,0.00,,0.00,
MI Tandoori Paneer Bowl - Catering,1.00,Each,1.00,Each,1.00,,Inactive,=,,Inactive,=,1.00,Each,No,,,BATCH Mint Cilantro Chutney,1.00,OZ-fl,100.0,,0.1854,0.1854,3.5005,3.5005,,0.00,,,0.00,,0.00,
MI Tandoori Paneer Bowl - Catering,1.00,Each,1.00,Each,1.00,,Inactive,=,,Inactive,=,1.00,Each,No,,,Thin Sev,0.05,OZ-wt,100.0,,0.0091,0.0091,3.5005,3.5005,,0.00,,,0.00,,0.00,
MI Tandoori Paneer Bowl - In House,1.00,Each,1.00,Each,1.00,,Inactive,=,,Inactive,=,1.00,Each,No,,,EVERMADE Tamarind Ginger Chutney,0.80,OZ-wt,100.0,,0.1429,0.1429,3.3818,3.3818,,0.00,,,0.00,,0.00,
MI Tandoori Paneer Bowl - In House,1.00,Each,1.00,Each,1.00,,Inactive,=,,Inactive,=,1.00,Each,No,,,EVERMADE Tomato Garlic Sauce,4.00,OZ-fl,100.0,,0.7524,0.7524,3.3818,3.3818,,0.00,,,0.00,,0.00,
MI Tandoori Paneer Bowl - In House,1.00,Each,1.00,Each,1.00,,Inactive,=,,Inactive,=,1.00,Each,No,,,Thin Sev,0.05,OZ-wt,100.0,,0.0091,0.0091,3.3818,3.3818,,0.00,,,0.00,,0.00,
MI Tandoori Paneer Bowl - In House,1.00,Each,1.00,Each,1.00,,Inactive,=,,Inactive,=,1.00,Each,No,,,YIELD Cilantro Chopped,0.10,OZ-wt,100.0,,0.0377,0.0377,3.3818,3.3818,,0.00,,,0.00,,0.00,
MI Tandoori Paneer Bowl - In House,1.00,Each,1.00,Each,1.00,,Inactive,=,,Inactive,=,1.00,Each,No,,,YIELD Cucumber Chopped,0.50,OZ-wt,100.0,,0.0161,0.0161,3.3818,3.3818,,0.00,,,0.00,,0.00,
MI Tandoori Paneer Bowl - In House,1.00,Each,1.00,Each,1.00,,Inactive,=,,Inactive,=,1.00,Each,No,,,BATCH Sautéed Spinach,2.40,OZ-wt,100.0,,0.2545,0.2545,3.3818,3.3818,,0.00,,,0.00,,0.00,
MI Tandoori Paneer Bowl - In House,1.00,Each,1.00,Each,1.00,,Inactive,=,,Inactive,=,1.00,Each,No,,,BATCH Tandoori Paneer Cooked,5.00,Each,100.0,,1.2726,1.2726,3.3818,3.3818,,0.00,,,0.00,,0.00,
MI Tandoori Paneer Bowl - In House,1.00,Each,1.00,Each,1.00,,Inactive,=,,Inactive,=,1.00,Each,No,,,MI To Go Bowl Disposables - In House,1.00,Each,100.0,,0.4878,0.4878,3.3818,3.3818,,0.00,,,0.00,,0.00,
MI Tandoori Paneer Bowl - In House,1.00,Each,1.00,Each,1.00,,Inactive,=,,Inactive,=,1.00,Each,No,,,BATCH Lemon Turmeric Rice,7.30,OZ-wt,100.0,,0.2233,0.2233,3.3818,3.3818,,0.00,,,0.00,,0.00,
MI Tandoori Paneer Bowl - In House,1.00,Each,1.00,Each,1.00,,Inactive,=,,Inactive,=,1.00,Each,No,,,BATCH Mint Cilantro Chutney,1.00,OZ-fl,100.0,,0.1854,0.1854,3.3818,3.3818,,0.00,,,0.00,,0.00,
MI Tandoori Paneer Bowl - Online,1.00,Each,1.00,Each,1.00,,Inactive,=,,Inactive,=,1.00,Each,No,,,MI To Go Bowl Disposables - Online,1.00,Each,100.0,,0.6065,0.6065,0.6065,0.6065,,0.00,,,0.00,,0.00,
MI Tandoori Paneer Burrito - In House,1.00,Each,1.00,Each,1.00,,Inactive,=,,Inactive,=,1.00,Each,No,,,BATCH Tikka Masala Sauce,2.00,OZ-fl,100.0,,0.3680,0.3680,3.5036,3.5036,,0.00,,,0.00,,0.00,
MI Tandoori Paneer Burrito - In House,1.00,Each,1.00,Each,1.00,,Inactive,=,,Inactive,=,1.00,Each,No,,,EVERMADE Tamarind Ginger Chutney,0.75,OZ-fl,100.0,,0.1641,0.1641,3.5036,3.5036,,0.00,,,0.00,,0.00,
MI Tandoori Paneer Burrito - In House,1.00,Each,1.00,Each,1.00,,Inactive,=,,Inactive,=,1.00,Each,No,,,"Bread, Wrap 12""",1.00,Wrap-3.7oz-wt,100.0,,0.7074,0.7074,3.5036,3.5036,,0.00,,,0.00,,0.00,
MI Tandoori Paneer Burrito - In House,1.00,Each,1.00,Each,1.00,,Inactive,=,,Inactive,=,1.00,Each,No,,,BATCH Kachumber Salad,1.00,OZ-wt,100.0,,0.0817,0.0817,3.5036,3.5036,,0.00,,,0.00,,0.00,
MI Tandoori Paneer Burrito - In House,1.00,Each,1.00,Each,1.00,,Inactive,=,,Inactive,=,1.00,Each,No,,,BATCH Tandoori Paneer Cooked,5.00,Each,100.0,,1.2726,1.2726,3.5036,3.5036,,0.00,,,0.00,,0.00,
MI Tandoori Paneer Burrito - In House,1.00,Each,1.00,Each,1.00,,Inactive,=,,Inactive,=,1.00,Each,No,,,MI To Go Burrito Disposables - In House,1.00,Each,100.0,,0.2073,0.2073,3.5036,3.5036,,0.00,,,0.00,,0.00,
MI Tandoori Paneer Burrito - In House,1.00,Each,1.00,Each,1.00,,Inactive,=,,Inactive,=,1.00,Each,No,,,YIELD Romaine Chopped,1.00,OZ-wt,100.0,,0.1563,0.1563,3.5036,3.5036,,0.00,,,0.00,,0.00,
MI Tandoori Paneer Burrito - In House,1.00,Each,1.00,Each,1.00,,Inactive,=,,Inactive,=,1.00,Each,No,,,BATCH Masala Yogurt,0.95,OZ-wt,100.0,,0.1542,0.1542,3.5036,3.5036,,0.00,,,0.00,,0.00,
MI Tandoori Paneer Burrito - In House,1.00,Each,1.00,Each,1.00,,Inactive,=,,Inactive,=,1.00,Each,No,,,BATCH Spiced Chickpeas,2.25,OZ-wt,100.0,,0.1000,0.1000,3.5036,3.5036,,0.00,,,0.00,,0.00,
MI Tandoori Paneer Burrito - In House,1.00,Each,1.00,Each,1.00,,Inactive,=,,Inactive,=,1.00,Each,No,,,BATCH Lemon Turmeric Rice,5.00,OZ-wt,100.0,,0.1530,0.1530,3.5036,3.5036,,0.00,,,0.00,,0.00,
MI Tandoori Paneer Burrito - In House,1.00,Each,1.00,Each,1.00,,Inactive,=,,Inactive,=,1.00,Each,No,,,BATCH Mint Cilantro Chutney,0.75,OZ-fl,100.0,,0.1390,0.1390,3.5036,3.5036,,0.00,,,0.00,,0.00,
MI Tandoori Paneer Burrito - Online,1.00,Each,1.00,Each,1.00,,Inactive,=,,Inactive,=,1.00,Each,No,,,"Bread, Wrap 12""",1.00,Wrap-3.7oz-wt,100.0,,0.7074,0.7074,1.1177,1.1177,,0.00,,,0.00,,0.00,
MI Tandoori Paneer Burrito - Online,1.00,Each,1.00,Each,1.00,,Inactive,=,,Inactive,=,1.00,Each,No,,,MI To Go Burrito Disposables - Online,1.00,Each,100.0,,0.4103,0.4103,1.1177,1.1177,,0.00,,,0.00,,0.00,
MI Tandoori Tasting Platter,1.00,Each,1.00,Each,1.00,,Inactive,=,,Inactive,=,1.00,Each,No,,,"Lid, Cup Soup",2.00,Each,100.0,,0.1099,0.1099,50.5048,50.5048,,,,,,,,
MI Tandoori Tasting Platter,1.00,Each,1.00,Each,1.00,,Inactive,=,,Inactive,=,1.00,Each,No,,,"Cup, Soup",2.00,Each,100.0,,0.1299,0.1299,50.5048,50.5048,,,,,,,,
MI Tandoori Tasting Platter,1.00,Each,1.00,Each,1.00,,Inactive,=,,Inactive,=,1.00,Each,No,,,"Cont, Black Plastic Round 32oz with Lid",4.00,Each,100.0,,0.9320,0.9320,50.5048,50.5048,,,,,,,,
MI Tandoori Tasting Platter,1.00,Each,1.00,Each,1.00,,Inactive,=,,Inactive,=,1.00,Each,No,,,"Cont, Deli 32oz with Lid",2.00,Each,100.0,,0.6859,0.6859,50.5048,50.5048,,,,,,,,
MI Tandoori Tasting Platter,1.00,Each,1.00,Each,1.00,,Inactive,=,,Inactive,=,1.00,Each,No,,,"Lid, Pan Third",4.00,Each,100.0,,1.5990,1.5990,50.5048,50.5048,,,,,,,,
MI Tandoori Tasting Platter,1.00,Each,1.00,Each,1.00,,Inactive,=,,Inactive,=,1.00,Each,No,,,"Pan, Third",4.00,Each,100.0,,2.5990,2.5990,50.5048,50.5048,,,,,,,,
MI Tandoori Tasting Platter,1.00,Each,1.00,Each,1.00,,Inactive,=,,Inactive,=,1.00,Each,No,,,"Spoon, Plastic",4.00,Each,100.0,,0.1398,0.1398,50.5048,50.5048,,,,,,,,
MI Tandoori Tasting Platter,1.00,Each,1.00,Each,1.00,,Inactive,=,,Inactive,=,1.00,Each,No,,,"Catering, Ladle",2.00,Each,100.0,,0.7896,0.7896,50.5048,50.5048,,,,,,,,
MI Tandoori Tasting Platter,1.00,Each,1.00,Each,1.00,,Inactive,=,,Inactive,=,1.00,Each,No,,,"Catering, Tong",4.00,Each,100.0,,2.2483,2.2483,50.5048,50.5048,,,,,,,,
MI Tandoori Tasting Platter,1.00,Each,1.00,Each,1.00,,Inactive,=,,Inactive,=,1.00,Each,No,,,"Catering, Spoon",4.00,Each,100.0,,0.5969,0.5969,50.5048,50.5048,,,,,,,,
MI Tandoori Tasting Platter,1.00,Each,1.00,Each,1.00,,Inactive,=,,Inactive,=,1.00,Each,No,,,Napkins,10.00,Each,100.0,,0.0833,0.0833,50.5048,50.5048,,,,,,,,
MI Tandoori Tasting Platter,1.00,Each,1.00,Each,1.00,,Inactive,=,,Inactive,=,1.00,Each,No,,,"Knife, Plastic",10.00,Each,100.0,,0.3495,0.3495,50.5048,50.5048,,,,,,,,
MI Tandoori Tasting Platter,1.00,Each,1.00,Each,1.00,,Inactive,=,,Inactive,=,1.00,Each,No,,,"Fork, Plastic",10.00,Each,100.0,,0.3495,0.3495,50.5048,50.5048,,,,,,,,
MI Tandoori Tasting Platter,1.00,Each,1.00,Each,1.00,,Inactive,=,,Inactive,=,1.00,Each,No,,,"Bowl, 16oz",10.00,Each,100.0,,1.3990,1.3990,50.5048,50.5048,,,,,,,,
MI Tandoori Tasting Platter,1.00,Each,1.00,Each,1.00,,Inactive,=,,Inactive,=,1.00,Each,No,,,MI Masala Chai Cookies - 10,1.00,Each,100.0,,1.4819,1.4819,50.5048,50.5048,,,,,,,,
MI Tandoori Tasting Platter,1.00,Each,1.00,Each,1.00,,Inactive,=,,Inactive,=,1.00,Each,No,,,MI Naan,5.00,Each,100.0,,4.6563,4.6563,50.5048,50.5048,,,,,,,,
MI Tandoori Tasting Platter,1.00,Each,1.00,Each,1.00,,Inactive,=,,Inactive,=,1.00,Each,No,,,MI Garlic Naan,5.00,Each,100.0,,5.3402,5.3402,50.5048,50.5048,,,,,,,,
MI Tandoori Tasting Platter,1.00,Each,1.00,Each,1.00,,Inactive,=,,Inactive,=,1.00,Each,No,,,BATCH Mint Cilantro Chutney,8.00,OZ-fl,100.0,,1.4830,1.4830,50.5048,50.5048,,,,,,,,
MI Tandoori Tasting Platter,1.00,Each,1.00,Each,1.00,,Inactive,=,,Inactive,=,1.00,Each,No,,,EVERMADE Tamarind Ginger Chutney,8.00,OZ-fl,100.0,,1.7507,1.7507,50.5048,50.5048,,,,,,,,
MI Tandoori Tasting Platter,1.00,Each,1.00,Each,1.00,,Inactive,=,,Inactive,=,1.00,Each,No,,,BATCH Carrot Slaw,0.50,lb,100.0,,0.7269,0.7269,50.5048,50.5048,,,,,,,,
MI Tandoori Tasting Platter,1.00,Each,1.00,Each,1.00,,Inactive,=,,Inactive,=,1.00,Each,No,,,BATCH Kachumber Salad,0.40,lb,100.0,,0.5226,0.5226,50.5048,50.5048,,,,,,,,
MI Tandoori Tasting Platter,1.00,Each,1.00,Each,1.00,,Inactive,=,,Inactive,=,1.00,Each,No,,,BATCH Sautéed Spinach,0.80,lb,100.0,,1.3573,1.3573,50.5048,50.5048,,,,,,,,
MI Tandoori Tasting Platter,1.00,Each,1.00,Each,1.00,,Inactive,=,,Inactive,=,1.00,Each,No,,,BATCH Spiced Chickpeas,0.80,lb,100.0,,0.5687,0.5687,50.5048,50.5048,,,,,,,,
MI Tandoori Tasting Platter,1.00,Each,1.00,Each,1.00,,Inactive,=,,Inactive,=,1.00,Each,No,,,EVERMADE Tamarind Chili Sauce,16.00,OZ-fl,100.0,,2.7986,2.7986,50.5048,50.5048,,,,,,,,
MI Tandoori Tasting Platter,1.00,Each,1.00,Each,1.00,,Inactive,=,,Inactive,=,1.00,Each,No,,,EVERMADE Tomato Garlic Sauce,16.00,OZ-fl,100.0,,3.0094,3.0094,50.5048,50.5048,,,,,,,,
MI Tandoori Tasting Platter,1.00,Each,1.00,Each,1.00,,Inactive,=,,Inactive,=,1.00,Each,No,,,BATCH Tandoori Paneer Cooked,30.00,Each,100.0,,7.6353,7.6353,50.5048,50.5048,,,,,,,,
MI Tandoori Tasting Platter,1.00,Each,1.00,Each,1.00,,Inactive,=,,Inactive,=,1.00,Each,No,,,BATCH Chicken Tikka Cooked New,1.70,lb,100.0,,3.9407,3.9407,50.5048,50.5048,,,,,,,,
MI Tandoori Tasting Platter,1.00,Each,1.00,Each,1.00,,Inactive,=,,Inactive,=,1.00,Each,No,,,"Lettuce, Arcadian",0.60,lb,100.0,,1.9000,1.9000,50.5048,50.5048,,,,,,,,
MI Tandoori Tasting Platter,1.00,Each,1.00,Each,1.00,,Inactive,=,,Inactive,=,1.00,Each,No,,,BATCH Lemon Turmeric Rice,2.70,lb,100.0,,1.3216,1.3216,50.5048,50.5048,,,,,,,,
MI Territory Chicken Tikka Over Basmati Rice with Toasted Cumin Yogurt,1.00,Each,1.00,Each,1.00,,Inactive,=,,Inactive,=,1.00,Each,No,,,EVERMADE Tamarind Chili Sauce,1.00,OZ-wt,100.0,,0.1627,0.1627,1.0747,1.0747,,,,,,,,
MI Territory Chicken Tikka Over Basmati Rice with Toasted Cumin Yogurt,1.00,Each,1.00,Each,1.00,,Inactive,=,,Inactive,=,1.00,Each,No,,,BATCH Toasted Cumin Yogurt,1.00,OZ-wt,100.0,,0.0791,0.0791,1.0747,1.0747,,,,,,,,
MI Territory Chicken Tikka Over Basmati Rice with Toasted Cumin Yogurt,1.00,Each,1.00,Each,1.00,,Inactive,=,,Inactive,=,1.00,Each,No,,,BATCH Pickled Onions,1.00,OZ-wt,100.0,,0.0849,0.0849,1.0747,1.0747,,,,,,,,
MI Territory Chicken Tikka Over Basmati Rice with Toasted Cumin Yogurt,1.00,Each,1.00,Each,1.00,,Inactive,=,,Inactive,=,1.00,Each,No,,,BATCH Sautéed Spinach,2.00,OZ-wt,100.0,,0.2121,0.2121,1.0747,1.0747,,,,,,,,
MI Territory Chicken Tikka Over Basmati Rice with Toasted Cumin Yogurt,1.00,Each,1.00,Each,1.00,,Inactive,=,,Inactive,=,1.00,Each,No,,,BATCH Chicken Tikka Cooked New,3.00,OZ-wt,100.0,,0.4346,0.4346,1.0747,1.0747,,,,,,,,
MI Territory Chicken Tikka Over Basmati Rice with Toasted Cumin Yogurt,1.00,Each,1.00,Each,1.00,,Inactive,=,,Inactive,=,1.00,Each,No,,,BATCH Basmati Rice,4.00,OZ-wt,100.0,,0.1013,0.1013,1.0747,1.0747,,,,,,,,
MI Territory Chickpea Bowl with Lemon Rice and Chili Chutney,1.00,Each,1.00,Each,1.00,,Inactive,=,,Inactive,=,1.00,Each,No,,,EVERMADE Tamarind Chili Sauce,1.00,OZ-wt,100.0,,0.1627,0.1627,0.7855,0.7855,,,,,,,,
MI Territory Chickpea Bowl with Lemon Rice and Chili Chutney,1.00,Each,1.00,Each,1.00,,Inactive,=,,Inactive,=,1.00,Each,No,,,MOBYS Coriander Chili Chutney,1.00,OZ-wt,100.0,,0.2262,0.2262,0.7855,0.7855,,,,,,,,
MI Territory Chickpea Bowl with Lemon Rice and Chili Chutney,1.00,Each,1.00,Each,1.00,,Inactive,=,,Inactive,=,1.00,Each,No,,,YIELD Cucumber Chopped,3.00,OZ-wt,100.0,,0.0965,0.0965,0.7855,0.7855,,,,,,,,
MI Territory Chickpea Bowl with Lemon Rice and Chili Chutney,1.00,Each,1.00,Each,1.00,,Inactive,=,,Inactive,=,1.00,Each,No,,,BATCH Lemon Turmeric Rice,4.00,OZ-wt,100.0,,0.1224,0.1224,0.7855,0.7855,,,,,,,,
MI Territory Chickpea Bowl with Lemon Rice and Chili Chutney,1.00,Each,1.00,Each,1.00,,Inactive,=,,Inactive,=,1.00,Each,No,,,BATCH Spiced Chickpeas,4.00,OZ-wt,100.0,,0.1777,0.1777,0.7855,0.7855,,,,,,,,
MI Territory Coconut Beef Curry with Sautéed Spinach and Basmati Rice,1.00,Each,1.00,Each,1.00,,Inactive,=,,Inactive,=,1.00,Each,No,,,EVERMADE Coconut Ginger Sauce,2.00,OZ-wt,100.0,,0.3809,0.3809,2.1571,2.1571,,,,,,,,
MI Territory Coconut Beef Curry with Sautéed Spinach and Basmati Rice,1.00,Each,1.00,Each,1.00,,Inactive,=,,Inactive,=,1.00,Each,No,,,BATCH Carrot Slaw,1.00,OZ-wt,100.0,,0.0909,0.0909,2.1571,2.1571,,,,,,,,
MI Territory Coconut Beef Curry with Sautéed Spinach and Basmati Rice,1.00,Each,1.00,Each,1.00,,Inactive,=,,Inactive,=,1.00,Each,No,,,BATCH Sautéed Spinach,2.00,OZ-wt,100.0,,0.2121,0.2121,2.1571,2.1571,,,,,,,,
MI Territory Coconut Beef Curry with Sautéed Spinach and Basmati Rice,1.00,Each,1.00,Each,1.00,,Inactive,=,,Inactive,=,1.00,Each,No,,,BATCH Basmati Rice,4.00,OZ-wt,100.0,,0.1013,0.1013,2.1571,2.1571,,,,,,,,
MI Territory Coconut Beef Curry with Sautéed Spinach and Basmati Rice,1.00,Each,1.00,Each,1.00,,Inactive,=,,Inactive,=,1.00,Each,No,,,BATCH Beef Cooked,3.00,OZ-wt,100.0,,1.3719,1.3719,2.1571,2.1571,,,,,,,,
MI Territory Coconut Curry Beef with Basmati Rice and Tossed Green Beans,1.00,Each,1.00,Each,1.00,,Inactive,=,,Inactive,=,1.00,Each,No,,,EVERMADE Coconut Ginger Sauce,2.00,OZ-wt,100.0,,0.3809,0.3809,2.7407,2.7407,,,,,,,,
MI Territory Coconut Curry Beef with Basmati Rice and Tossed Green Beans,1.00,Each,1.00,Each,1.00,,Inactive,=,,Inactive,=,1.00,Each,No,,,BATCH Basmati Rice,5.00,OZ-wt,100.0,,0.1266,0.1266,2.7407,2.7407,,,,,,,,
MI Territory Coconut Curry Beef with Basmati Rice and Tossed Green Beans,1.00,Each,1.00,Each,1.00,,Inactive,=,,Inactive,=,1.00,Each,No,,,BATCH Beef Cooked,3.00,OZ-wt,100.0,,1.3719,1.3719,2.7407,2.7407,,,,,,,,
MI Territory Coconut Curry Beef with Basmati Rice and Tossed Green Beans,1.00,Each,1.00,Each,1.00,,Inactive,=,,Inactive,=,1.00,Each,No,,,BATCH Tossed Green Beans,2.50,OZ-wt,100.0,,0.7339,0.7339,2.7407,2.7407,,,,,,,,
MI Territory Coconut Curry Beef with Basmati Rice and Tossed Green Beans,1.00,Each,1.00,Each,1.00,,Inactive,=,,Inactive,=,1.00,Each,No,,,BATCH Pickled Onions,1.50,OZ-wt,100.0,,0.1274,0.1274,2.7407,2.7407,,,,,,,,
MI Territory Coconut Curry Chickpeas with Roasted Cauliflower and Pumpkin Seeds,1.00,Each,1.00,Each,1.00,,Inactive,=,,Inactive,=,1.00,Each,No,,,EVERMADE Coconut Ginger Sauce,1.00,OZ-wt,100.0,,0.1904,0.1904,1.6925,1.6925,,,,,,,,
MI Territory Coconut Curry Chickpeas with Roasted Cauliflower and Pumpkin Seeds,1.00,Each,1.00,Each,1.00,,Inactive,=,,Inactive,=,1.00,Each,No,,,BATCH Basmati Rice,3.50,OZ-wt,100.0,,0.0886,0.0886,1.6925,1.6925,,,,,,,,
MI Territory Coconut Curry Chickpeas with Roasted Cauliflower and Pumpkin Seeds,1.00,Each,1.00,Each,1.00,,Inactive,=,,Inactive,=,1.00,Each,No,,,BATCH Harvest Vegetables Cooked,3.00,OZ-wt,100.0,,0.8347,0.8347,1.6925,1.6925,,,,,,,,
MI Territory Coconut Curry Chickpeas with Roasted Cauliflower and Pumpkin Seeds,1.00,Each,1.00,Each,1.00,,Inactive,=,,Inactive,=,1.00,Each,No,,,BATCH Sautéed Spinach,3.00,OZ-wt,100.0,,0.3181,0.3181,1.6925,1.6925,,,,,,,,
MI Territory Coconut Curry Chickpeas with Roasted Cauliflower and Pumpkin Seeds,1.00,Each,1.00,Each,1.00,,Inactive,=,,Inactive,=,1.00,Each,No,,,"Seed, Pumpkin",0.50,OZ-wt,100.0,,0.1274,0.1274,1.6925,1.6925,,,,,,,,
MI Territory Coconut Curry Chickpeas with Roasted Cauliflower and Pumpkin Seeds,1.00,Each,1.00,Each,1.00,,Inactive,=,,Inactive,=,1.00,Each,No,,,BATCH Spiced Chickpeas,3.00,OZ-wt,100.0,,0.1333,0.1333,1.6925,1.6925,,,,,,,,
MI Territory Coconut Shrimp Curry with Sautéed Spinach and Basmati Rice,1.00,Each,1.00,Each,1.00,,Inactive,=,,Inactive,=,1.00,Each,No,,,EVERMADE Coconut Ginger Sauce,2.00,OZ-wt,100.0,,0.3809,0.3809,3.3283,3.3283,,,,,,,,
MI Territory Coconut Shrimp Curry with Sautéed Spinach and Basmati Rice,1.00,Each,1.00,Each,1.00,,Inactive,=,,Inactive,=,1.00,Each,No,,,BATCH Basmati Rice,4.00,OZ-wt,100.0,,0.1013,0.1013,3.3283,3.3283,,,,,,,,
MI Territory Coconut Shrimp Curry with Sautéed Spinach and Basmati Rice,1.00,Each,1.00,Each,1.00,,Inactive,=,,Inactive,=,1.00,Each,No,,,BATCH Shrimp Cooked,3.20,OZ-wt,100.0,,2.5431,2.5431,3.3283,3.3283,,,,,,,,
MI Territory Coconut Shrimp Curry with Sautéed Spinach and Basmati Rice,1.00,Each,1.00,Each,1.00,,Inactive,=,,Inactive,=,1.00,Each,No,,,BATCH Sautéed Spinach,2.00,OZ-wt,100.0,,0.2121,0.2121,3.3283,3.3283,,,,,,,,
MI Territory Coconut Shrimp Curry with Sautéed Spinach and Basmati Rice,1.00,Each,1.00,Each,1.00,,Inactive,=,,Inactive,=,1.00,Each,No,,,BATCH Carrot Slaw,1.00,OZ-wt,100.0,,0.0909,0.0909,3.3283,3.3283,,,,,,,,
MI Territory Ginger Curry Beef with Lemon Rice and Sauteed Spinach,1.00,Each,1.00,Each,1.00,,Inactive,=,,Inactive,=,1.00,Each,No,,,EVERMADE Coconut Ginger Sauce,1.00,OZ-wt,100.0,,0.1904,0.1904,2.0785,2.0785,,,,,,,,
MI Territory Ginger Curry Beef with Lemon Rice and Sauteed Spinach,1.00,Each,1.00,Each,1.00,,Inactive,=,,Inactive,=,1.00,Each,No,,,BATCH Sautéed Spinach,2.00,OZ-wt,100.0,,0.2121,0.2121,2.0785,2.0785,,,,,,,,
MI Territory Ginger Curry Beef with Lemon Rice and Sauteed Spinach,1.00,Each,1.00,Each,1.00,,Inactive,=,,Inactive,=,1.00,Each,No,,,BATCH Lemon Turmeric Rice,4.00,OZ-wt,100.0,,0.1224,0.1224,2.0785,2.0785,,,,,,,,
MI Territory Ginger Curry Beef with Lemon Rice and Sauteed Spinach,1.00,Each,1.00,Each,1.00,,Inactive,=,,Inactive,=,1.00,Each,No,,,BATCH Beef Cooked,3.00,OZ-wt,100.0,,1.3719,1.3719,2.0785,2.0785,,,,,,,,
MI Territory Ginger Curry Beef with Lemon Rice and Sauteed Spinach,1.00,Each,1.00,Each,1.00,,Inactive,=,,Inactive,=,1.00,Each,No,,,BATCH Carrot Slaw,2.00,OZ-wt,100.0,,0.1817,0.1817,2.0785,2.0785,,,,,,,,
MI Territory Ginger Curry Beef with Supergrains and Corn Salsa,1.00,Each,1.00,Each,1.00,,Inactive,=,,Inactive,=,1.00,Each,No,,,EVERMADE Coconut Ginger Sauce,1.00,OZ-wt,100.0,,0.1904,0.1904,1.9608,1.9608,,,,,,,,
MI Territory Ginger Curry Beef with Supergrains and Corn Salsa,1.00,Each,1.00,Each,1.00,,Inactive,=,,Inactive,=,1.00,Each,No,,,EVERMADE Tamarind Ginger Chutney,1.00,OZ-wt,100.0,,0.1786,0.1786,1.9608,1.9608,,,,,,,,
MI Territory Ginger Curry Beef with Supergrains and Corn Salsa,1.00,Each,1.00,Each,1.00,,Inactive,=,,Inactive,=,1.00,Each,No,,,BATCH Indian Street Corn,3.00,OZ-wt,100.0,,0.0705,0.0705,1.9608,1.9608,,,,,,,,
MI Territory Ginger Curry Beef with Supergrains and Corn Salsa,1.00,Each,1.00,Each,1.00,,Inactive,=,,Inactive,=,1.00,Each,No,,,BATCH Supergrains,3.00,OZ-wt,100.0,,0.1494,0.1494,1.9608,1.9608,,,,,,,,
MI Territory Ginger Curry Beef with Supergrains and Corn Salsa,1.00,Each,1.00,Each,1.00,,Inactive,=,,Inactive,=,1.00,Each,No,,,BATCH Beef Cooked,3.00,OZ-wt,100.0,,1.3719,1.3719,1.9608,1.9608,,,,,,,,
MI Territory Sesame Peanut Noodle Bowl with Chickpeas,1.00,Each,1.00,Each,1.00,,Inactive,=,,Inactive,=,1.00,Each,No,,,EVERMADE Tamarind Ginger Chutney,1.00,OZ-wt,100.0,,0.1786,0.1786,0.8121,0.8121,,,,,,,,
MI Territory Sesame Peanut Noodle Bowl with Chickpeas,1.00,Each,1.00,Each,1.00,,Inactive,=,,Inactive,=,1.00,Each,No,,,EVERMADE Peanut Sesame Sauce,1.00,OZ-wt,100.0,,0.1235,0.1235,0.8121,0.8121,,,,,,,,
MI Territory Sesame Peanut Noodle Bowl with Chickpeas,1.00,Each,1.00,Each,1.00,,Inactive,=,,Inactive,=,1.00,Each,No,,,BATCH Pickled Onions,2.00,OZ-wt,100.0,,0.1698,0.1698,0.8121,0.8121,,,,,,,,
MI Territory Sesame Peanut Noodle Bowl with Chickpeas,1.00,Each,1.00,Each,1.00,,Inactive,=,,Inactive,=,1.00,Each,No,,,BATCH Spiced Chickpeas,4.00,OZ-wt,100.0,,0.1777,0.1777,0.8121,0.8121,,,,,,,,
MI Territory Sesame Peanut Noodle Bowl with Chickpeas,1.00,Each,1.00,Each,1.00,,Inactive,=,,Inactive,=,1.00,Each,No,,,BATCH South Indian Rice Noodles,3.00,OZ-wt,100.0,,0.1625,0.1625,0.8121,0.8121,,,,,,,,
MI Territory Spiced Beef and Chickpea Bowl with House Vinaigrette,1.00,Each,1.00,Each,1.00,,Inactive,=,,Inactive,=,1.00,Each,No,,,"Spinach, Baby",1.00,OZ-wt,100.0,,0.2102,0.2102,1.9846,1.9846,,,,,,,,
MI Territory Spiced Beef and Chickpea Bowl with House Vinaigrette,1.00,Each,1.00,Each,1.00,,Inactive,=,,Inactive,=,1.00,Each,No,,,BATCH Pickled Onions,2.00,OZ-wt,100.0,,0.1698,0.1698,1.9846,1.9846,,,,,,,,
MI Territory Spiced Beef and Chickpea Bowl with House Vinaigrette,1.00,Each,1.00,Each,1.00,,Inactive,=,,Inactive,=,1.00,Each,No,,,BATCH House Vinaigrette,1.50,OZ-fl,100.0,,0.1438,0.1438,1.9846,1.9846,,,,,,,,
MI Territory Spiced Beef and Chickpea Bowl with House Vinaigrette,1.00,Each,1.00,Each,1.00,,Inactive,=,,Inactive,=,1.00,Each,No,,,BATCH Spiced Chickpeas,2.00,OZ-wt,100.0,,0.0889,0.0889,1.9846,1.9846,,,,,,,,
MI Territory Spiced Beef and Chickpea Bowl with House Vinaigrette,1.00,Each,1.00,Each,1.00,,Inactive,=,,Inactive,=,1.00,Each,No,,,BATCH Beef Cooked,3.00,OZ-wt,100.0,,1.3719,1.3719,1.9846,1.9846,,,,,,,,
MI Territory Spiced Sweet Potato with Supergrains and Tamarind Ginger Chutney,1.00,Each,1.00,Each,1.00,,Inactive,=,,Inactive,=,1.00,Each,No,,,EVERMADE Coconut Ginger Sauce,2.00,OZ-wt,100.0,,0.3809,0.3809,2.0164,2.0164,,,,,,,,
MI Territory Spiced Sweet Potato with Supergrains and Tamarind Ginger Chutney,1.00,Each,1.00,Each,1.00,,Inactive,=,,Inactive,=,1.00,Each,No,,,EVERMADE Tamarind Ginger Chutney,1.50,OZ-wt,100.0,,0.2680,0.2680,2.0164,2.0164,,,,,,,,
MI Territory Spiced Sweet Potato with Supergrains and Tamarind Ginger Chutney,1.00,Each,1.00,Each,1.00,,Inactive,=,,Inactive,=,1.00,Each,No,,,BATCH Supergrains,4.00,OZ-wt,100.0,,0.1992,0.1992,2.0164,2.0164,,,,,,,,
MI Territory Spiced Sweet Potato with Supergrains and Tamarind Ginger Chutney,1.00,Each,1.00,Each,1.00,,Inactive,=,,Inactive,=,1.00,Each,No,,,BATCH Sweet Potato Tikki,3.00,OZ-wt,100.0,,0.3336,0.3336,2.0164,2.0164,,,,,,,,
MI Territory Spiced Sweet Potato with Supergrains and Tamarind Ginger Chutney,1.00,Each,1.00,Each,1.00,,Inactive,=,,Inactive,=,1.00,Each,No,,,BATCH Harvest Vegetables Cooked,3.00,OZ-wt,100.0,,0.8347,0.8347,2.0164,2.0164,,,,,,,,
MI Territory Spicy Curried Shrimp with Rice Noodles and Tamarind Chili,1.00,Each,1.00,Each,1.00,,Inactive,=,,Inactive,=,1.00,Each,No,,,EVERMADE Tamarind Chili Sauce,2.00,OZ-wt,100.0,,0.3254,0.3254,5.0473,5.0473,,,,,,,,
MI Territory Spicy Curried Shrimp with Rice Noodles and Tamarind Chili,1.00,Each,1.00,Each,1.00,,Inactive,=,,Inactive,=,1.00,Each,No,,,EVERMADE Tamarind Ginger Chutney,1.50,OZ-wt,100.0,,0.2680,0.2680,5.0473,5.0473,,,,,,,,
MI Territory Spicy Curried Shrimp with Rice Noodles and Tamarind Chili,1.00,Each,1.00,Each,1.00,,Inactive,=,,Inactive,=,1.00,Each,No,,,BATCH South Indian Rice Noodles,3.50,OZ-wt,100.0,,0.1896,0.1896,5.0473,5.0473,,,,,,,,
MI Territory Spicy Curried Shrimp with Rice Noodles and Tamarind Chili,1.00,Each,1.00,Each,1.00,,Inactive,=,,Inactive,=,1.00,Each,No,,,BATCH Shrimp Cooked,3.20,OZ-wt,100.0,,2.5431,2.5431,5.0473,5.0473,,,,,,,,
MI Territory Spicy Curried Shrimp with Rice Noodles and Tamarind Chili,1.00,Each,1.00,Each,1.00,,Inactive,=,,Inactive,=,1.00,Each,No,,,BATCH Tossed Green Beans,2.50,OZ-wt,100.0,,0.7339,0.7339,5.0473,5.0473,,,,,,,,
MI Territory Spicy Curried Shrimp with Rice Noodles and Tamarind Chili,1.00,Each,1.00,Each,1.00,,Inactive,=,,Inactive,=,1.00,Each,No,,,BATCH Mango Salsa,1.50,OZ-wt,100.0,,0.9873,0.9873,5.0473,5.0473,,,,,,,,
MI Territory Spicy Peanut Noodle Bowl with Curried Beef and Carrot Slaw,1.00,Each,1.00,Each,1.00,,Inactive,=,,Inactive,=,1.00,Each,No,,,EVERMADE Peanut Sesame Sauce,1.00,OZ-wt,100.0,,0.1235,0.1235,2.8582,2.8582,,,,,,,,
MI Territory Spicy Peanut Noodle Bowl with Curried Beef and Carrot Slaw,1.00,Each,1.00,Each,1.00,,Inactive,=,,Inactive,=,1.00,Each,No,,,BATCH South Indian Rice Noodles,3.00,OZ-wt,100.0,,0.1625,0.1625,2.8582,2.8582,,,,,,,,
MI Territory Spicy Peanut Noodle Bowl with Curried Beef and Carrot Slaw,1.00,Each,1.00,Each,1.00,,Inactive,=,,Inactive,=,1.00,Each,No,,,BATCH Beef Cooked,3.50,OZ-wt,100.0,,1.6006,1.6006,2.8582,2.8582,,,,,,,,
MI Territory Spicy Peanut Noodle Bowl with Curried Beef and Carrot Slaw,1.00,Each,1.00,Each,1.00,,Inactive,=,,Inactive,=,1.00,Each,No,,,BATCH Tossed Green Beans,3.00,OZ-wt,100.0,,0.8807,0.8807,2.8582,2.8582,,,,,,,,
MI Territory Spicy Peanut Noodle Bowl with Curried Beef and Carrot Slaw,1.00,Each,1.00,Each,1.00,,Inactive,=,,Inactive,=,1.00,Each,No,,,BATCH Carrot Slaw,1.00,OZ-wt,100.0,,0.0909,0.0909,2.8582,2.8582,,,,,,,,
MI That Fire Hot Sauce,1.00,Each,1.00,Each,1.00,,Inactive,=,,Inactive,=,1.00,Each,No,,,EVERMADE That Fire Hot Sauce,1.25,OZ-fl,100.0,,0.4336,0.4336,0.4336,0.4336,,,,,,,,
MI That Fire Hot Sauce - Bottle,1.00,Each,1.00,Each,1.00,,Inactive,=,,Inactive,=,1.00,Each,No,,,EVERMADE That Fire Hot Sauce,8.00,OZ-fl,100.0,,2.7753,2.7753,3.3785,3.3785,,,,,,,,
MI That Fire Hot Sauce - Bottle,1.00,Each,1.00,Each,1.00,,Inactive,=,,Inactive,=,1.00,Each,No,,,"Lid, Bottle 8oz",1.00,CT,100.0,,0.0824,0.0824,3.3785,3.3785,,,,,,,,
MI That Fire Hot Sauce - Bottle,1.00,Each,1.00,Each,1.00,,Inactive,=,,Inactive,=,1.00,Each,No,,,"Bottle, 8oz Round Glass",1.00,CT,100.0,,0.5208,0.5208,3.3785,3.3785,,,,,,,,
MI That Fire Hot Sauce - Portion Cup,1.00,Each,1.00,Each,1.00,,Inactive,=,,Inactive,=,1.00,Each,No,,,EVERMADE That Fire Hot Sauce,1.52,OZ-fl,100.0,,0.5273,0.5273,0.5503,0.5503,,,,,,,,
MI That Fire Hot Sauce - Portion Cup,1.00,Each,1.00,Each,1.00,,Inactive,=,,Inactive,=,1.00,Each,No,,,"Lid, Cup Portion 1.5/2oz",1.00,Each,100.0,,0.0104,0.0104,0.5503,0.5503,,,,,,,,
MI That Fire Hot Sauce - Portion Cup,1.00,Each,1.00,Each,1.00,,Inactive,=,,Inactive,=,1.00,Each,No,,,"Cup, Portion 1.5oz",1.00,Each,100.0,,0.0126,0.0126,0.5503,0.5503,,,,,,,,
MI The Classic,1.00,Each,1.00,Each,1.00,,Inactive,=,,Inactive,=,1.00,Each,No,,,MI Catering Disposables,1.00,Each,100.0,,0.1832,0.1832,0.1832,0.1832,,0.00,,,0.00,,0.00,
MI The Desi Deluxe,1.00,Each,1.00,Each,1.00,,Inactive,=,,Inactive,=,1.00,Each,No,,,MI Catering Disposables,1.00,Each,100.0,,0.1832,0.1832,0.1832,0.1832,,0.00,,,0.00,,0.00,
MI The Party Pack,1.00,Each,1.00,Each,1.00,,Inactive,=,,Inactive,=,1.00,Each,No,,,MI Catering Disposables,1.00,Each,100.0,,0.1832,0.1832,0.1832,0.1832,,0.00,,,0.00,,0.00,
MI Tikka Masala - Catering - Additional Item,1.00,Each,1.00,Each,1.00,,Inactive,=,,Inactive,=,1.00,Each,No,,,BATCH Tikka Masala Sauce,32.00,OZ-fl,100.0,,5.8883,5.8883,6.2313,6.2313,,0.00,,,0.00,,0.00,
MI Tikka Masala - Catering - Additional Item,1.00,Each,1.00,Each,1.00,,Inactive,=,,Inactive,=,1.00,Each,No,,,"Cont, Deli 32oz with Lid",1.00,Each,100.0,,0.3430,0.3430,6.2313,6.2313,,0.00,,,0.00,,0.00,
MI Tikka Masala - Classic,1.00,Each,1.00,Each,1.00,,Inactive,=,,Inactive,=,1.00,Each,No,,,BATCH Tikka Masala Sauce,1.07,OZ-fl,100.0,,0.1969,0.1969,0.1969,0.1969,,0.00,,,0.00,,0.00,
MI Tikka Masala - Party Pack,1.00,Each,1.00,Each,1.00,,Inactive,=,,Inactive,=,1.00,Each,No,,,BATCH Tikka Masala Sauce,1.25,OZ-fl,100.0,,0.2300,0.2300,0.2300,0.2300,,0.00,,,0.00,,0.00,
MI Tikka Masala Sauce,1.00,Each,1.00,Each,1.00,,Inactive,=,,Inactive,=,1.00,Each,No,,,BATCH Tikka Masala Sauce,4.00,OZ-fl,100.0,,0.7360,0.7360,0.7360,0.7360,,0.00,,,0.00,,0.00,
MI To Go Bowl Disposables - In House,1.00,Each,1.00,Each,1.00,,Inactive,=,,Inactive,=,1.00,Each,No,,,"Bag, RASA Paper",0.50,Each,100.0,,0.1450,0.1450,0.4879,0.4879,,,,,,,,
MI To Go Bowl Disposables - In House,1.00,Each,1.00,Each,1.00,,Inactive,=,,Inactive,=,1.00,Each,No,,,"Fork, Plastic",1.00,Each,100.0,,0.0350,0.0350,0.4879,0.4879,,,,,,,,
MI To Go Bowl Disposables - In House,1.00,Each,1.00,Each,1.00,,Inactive,=,,Inactive,=,1.00,Each,No,,,Napkins,2.00,Each,100.0,,0.0167,0.0167,0.4879,0.4879,,,,,,,,
MI To Go Bowl Disposables - In House,1.00,Each,1.00,Each,1.00,,Inactive,=,,Inactive,=,1.00,Each,No,,,"Lid, Bowl 32oz",0.92,Each,100.0,,0.1532,0.1532,0.4879,0.4879,,,,,,,,
MI To Go Bowl Disposables - In House,1.00,Each,1.00,Each,1.00,,Inactive,=,,Inactive,=,1.00,Each,No,,,"Bowl, 32oz",0.92,Each,100.0,,0.1380,0.1380,0.4879,0.4879,,,,,,,,
MI To Go Bowl Disposables - Offsite Pop-Up,1.00,Each,1.00,Each,1.00,,Inactive,=,,Inactive,=,1.00,Each,No,,,"Lid, Bowl 32oz",1.00,Each,100.0,,0.1665,0.1665,0.3165,0.3165,,,,,,,,
MI To Go Bowl Disposables - Offsite Pop-Up,1.00,Each,1.00,Each,1.00,,Inactive,=,,Inactive,=,1.00,Each,No,,,"Bowl, 32oz",1.00,Each,100.0,,0.1500,0.1500,0.3165,0.3165,,,,,,,,
MI To Go Bowl Disposables - Online,1.00,Each,1.00,Each,1.00,,Inactive,=,,Inactive,=,1.00,Each,No,,,"Bag, RASA Paper",1.00,Each,100.0,,0.2900,0.2900,0.6065,0.6065,,,,,,,,
MI To Go Bowl Disposables - Online,1.00,Each,1.00,Each,1.00,,Inactive,=,,Inactive,=,1.00,Each,No,,,"Lid, Bowl 32oz",1.00,Each,100.0,,0.1665,0.1665,0.6065,0.6065,,,,,,,,
MI To Go Bowl Disposables - Online,1.00,Each,1.00,Each,1.00,,Inactive,=,,Inactive,=,1.00,Each,No,,,"Bowl, 32oz",1.00,Each,100.0,,0.1500,0.1500,0.6065,0.6065,,,,,,,,
MI To Go Burrito Disposables - In House,1.00,Each,1.00,Each,1.00,,Inactive,=,,Inactive,=,1.00,Each,No,,,Pop Up Foil,1.00,Each,100.0,,0.0337,0.0337,0.2074,0.2074,,,,,,,,
MI To Go Burrito Disposables - In House,1.00,Each,1.00,Each,1.00,,Inactive,=,,Inactive,=,1.00,Each,No,,,"Wrap, RASA Branded",1.00,Each,100.0,,0.0700,0.0700,0.2074,0.2074,,,,,,,,
MI To Go Burrito Disposables - In House,1.00,Each,1.00,Each,1.00,,Inactive,=,,Inactive,=,1.00,Each,No,,,"Bag, RASA Paper",0.30,Each,100.0,,0.0870,0.0870,0.2074,0.2074,,,,,,,,
MI To Go Burrito Disposables - In House,1.00,Each,1.00,Each,1.00,,Inactive,=,,Inactive,=,1.00,Each,No,,,Napkins,2.00,Each,100.0,,0.0167,0.0167,0.2074,0.2074,,,,,,,,
MI To Go Burrito Disposables - Online,1.00,Each,1.00,Each,1.00,,Inactive,=,,Inactive,=,1.00,Each,No,,,Pop Up Foil,1.00,Each,100.0,,0.0337,0.0337,0.4104,0.4104,,,,,,,,
MI To Go Burrito Disposables - Online,1.00,Each,1.00,Each,1.00,,Inactive,=,,Inactive,=,1.00,Each,No,,,"Wrap, RASA Branded",1.00,Each,100.0,,0.0700,0.0700,0.4104,0.4104,,,,,,,,
MI To Go Burrito Disposables - Online,1.00,Each,1.00,Each,1.00,,Inactive,=,,Inactive,=,1.00,Each,No,,,"Bag, RASA Paper",1.00,Each,100.0,,0.2900,0.2900,0.4104,0.4104,,,,,,,,
MI To Go Burrito Disposables - Online,1.00,Each,1.00,Each,1.00,,Inactive,=,,Inactive,=,1.00,Each,No,,,Napkins,2.00,Each,100.0,,0.0167,0.0167,0.4104,0.4104,,,,,,,,
MI To Go Kids Disposables - In House,1.00,Each,1.00,Each,1.00,,Inactive,=,,Inactive,=,1.00,Each,No,,,"Straw, Wrapped",1.00,Each,100.0,,0.0180,0.0180,0.8035,0.8035,,,,,,,,
MI To Go Kids Disposables - In House,1.00,Each,1.00,Each,1.00,,Inactive,=,,Inactive,=,1.00,Each,No,,,"Lid, Cup 16oz",1.00,Each,100.0,,0.0314,0.0314,0.8035,0.8035,,,,,,,,
MI To Go Kids Disposables - In House,1.00,Each,1.00,Each,1.00,,Inactive,=,,Inactive,=,1.00,Each,No,,,"Cup, 12oz",1.00,Each,100.0,,0.0700,0.0700,0.8035,0.8035,,,,,,,,
MI To Go Kids Disposables - In House,1.00,Each,1.00,Each,1.00,,Inactive,=,,Inactive,=,1.00,Each,No,,,"Lid, 3 Comp",1.00,Each,100.0,,0.2875,0.2875,0.8035,0.8035,,,,,,,,
MI To Go Kids Disposables - In House,1.00,Each,1.00,Each,1.00,,Inactive,=,,Inactive,=,1.00,Each,No,,,"Cont, 3 Comp Fiber",1.00,Each,100.0,,0.1999,0.1999,0.8035,0.8035,,,,,,,,
MI To Go Kids Disposables - In House,1.00,Each,1.00,Each,1.00,,Inactive,=,,Inactive,=,1.00,Each,No,,,"Bag, RASA Paper",0.50,Each,100.0,,0.1450,0.1450,0.8035,0.8035,,,,,,,,
MI To Go Kids Disposables - In House,1.00,Each,1.00,Each,1.00,,Inactive,=,,Inactive,=,1.00,Each,No,,,"Fork, Plastic",1.00,Each,100.0,,0.0350,0.0350,0.8035,0.8035,,,,,,,,
MI To Go Kids Disposables - In House,1.00,Each,1.00,Each,1.00,,Inactive,=,,Inactive,=,1.00,Each,No,,,Napkins,2.00,Each,100.0,,0.0167,0.0167,0.8035,0.8035,,,,,,,,
MI To Go Kids Disposables - Online,1.00,Each,1.00,Each,1.00,,Inactive,=,,Inactive,=,1.00,Each,No,,,"Straw, Wrapped",1.00,Each,100.0,,0.0180,0.0180,0.8968,0.8968,,,,,,,,
MI To Go Kids Disposables - Online,1.00,Each,1.00,Each,1.00,,Inactive,=,,Inactive,=,1.00,Each,No,,,"Lid, Cup 16oz",1.00,Each,100.0,,0.0314,0.0314,0.8968,0.8968,,,,,,,,
MI To Go Kids Disposables - Online,1.00,Each,1.00,Each,1.00,,Inactive,=,,Inactive,=,1.00,Each,No,,,"Cup, 12oz",1.00,Each,100.0,,0.0700,0.0700,0.8968,0.8968,,,,,,,,
MI To Go Kids Disposables - Online,1.00,Each,1.00,Each,1.00,,Inactive,=,,Inactive,=,1.00,Each,No,,,"Lid, 3 Comp",1.00,Each,100.0,,0.2875,0.2875,0.8968,0.8968,,,,,,,,
MI To Go Kids Disposables - Online,1.00,Each,1.00,Each,1.00,,Inactive,=,,Inactive,=,1.00,Each,No,,,"Cont, 3 Comp Fiber",1.00,Each,100.0,,0.1999,0.1999,0.8968,0.8968,,,,,,,,
MI To Go Kids Disposables - Online,1.00,Each,1.00,Each,1.00,,Inactive,=,,Inactive,=,1.00,Each,No,,,"Bag, RASA Paper",1.00,Each,100.0,,0.2900,0.2900,0.8968,0.8968,,,,,,,,
MI To Go Pick 2 Plate Disposables - In House,1.00,Each,1.00,Each,1.00,,Inactive,=,,Inactive,=,1.00,Each,No,,,"Lid, 3 Comp",1.00,Each,100.0,,0.2875,0.2875,0.6841,0.6841,,,,,,,,
MI To Go Pick 2 Plate Disposables - In House,1.00,Each,1.00,Each,1.00,,Inactive,=,,Inactive,=,1.00,Each,No,,,"Cont, 3 Comp Fiber",1.00,Each,100.0,,0.1999,0.1999,0.6841,0.6841,,,,,,,,
MI To Go Pick 2 Plate Disposables - In House,1.00,Each,1.00,Each,1.00,,Inactive,=,,Inactive,=,1.00,Each,No,,,"Bag, RASA Paper",0.50,Each,100.0,,0.1450,0.1450,0.6841,0.6841,,,,,,,,
MI To Go Pick 2 Plate Disposables - In House,1.00,Each,1.00,Each,1.00,,Inactive,=,,Inactive,=,1.00,Each,No,,,"Fork, Plastic",1.00,Each,100.0,,0.0350,0.0350,0.6841,0.6841,,,,,,,,
MI To Go Pick 2 Plate Disposables - In House,1.00,Each,1.00,Each,1.00,,Inactive,=,,Inactive,=,1.00,Each,No,,,Napkins,2.00,Each,100.0,,0.0167,0.0167,0.6841,0.6841,,,,,,,,
MI To Go Pick 2 Plate Disposables - Online,1.00,Each,1.00,Each,1.00,,Inactive,=,,Inactive,=,1.00,Each,No,,,"Lid, 3 Comp",1.00,Each,100.0,,0.2875,0.2875,0.7774,0.7774,,,,,,,,
MI To Go Pick 2 Plate Disposables - Online,1.00,Each,1.00,Each,1.00,,Inactive,=,,Inactive,=,1.00,Each,No,,,"Cont, 3 Comp Fiber",1.00,Each,100.0,,0.1999,0.1999,0.7774,0.7774,,,,,,,,
MI To Go Pick 2 Plate Disposables - Online,1.00,Each,1.00,Each,1.00,,Inactive,=,,Inactive,=,1.00,Each,No,,,"Bag, RASA Paper",1.00,Each,100.0,,0.2900,0.2900,0.7774,0.7774,,,,,,,,
MI To Go Plate Disposables - In House,1.00,Each,1.00,Each,1.00,,Inactive,=,,Inactive,=,1.00,Each,No,,,"Cont, Black Plastic 2 Comp with Lid",1.00,Each,100.0,,0.2567,0.2567,0.4534,0.4534,,,,,,,,
MI To Go Plate Disposables - In House,1.00,Each,1.00,Each,1.00,,Inactive,=,,Inactive,=,1.00,Each,No,,,"Bag, RASA Paper",0.50,Each,100.0,,0.1450,0.1450,0.4534,0.4534,,,,,,,,
MI To Go Plate Disposables - In House,1.00,Each,1.00,Each,1.00,,Inactive,=,,Inactive,=,1.00,Each,No,,,"Fork, Plastic",1.00,Each,100.0,,0.0350,0.0350,0.4534,0.4534,,,,,,,,
MI To Go Plate Disposables - In House,1.00,Each,1.00,Each,1.00,,Inactive,=,,Inactive,=,1.00,Each,No,,,Napkins,2.00,Each,100.0,,0.0167,0.0167,0.4534,0.4534,,,,,,,,
MI To Go Plate Disposables - Online,1.00,Each,1.00,Each,1.00,,Inactive,=,,Inactive,=,1.00,Each,No,,,"Cont, Black Plastic 2 Comp with Lid",1.00,Each,100.0,,0.2567,0.2567,0.5467,0.5467,,,,,,,,
MI To Go Plate Disposables - Online,1.00,Each,1.00,Each,1.00,,Inactive,=,,Inactive,=,1.00,Each,No,,,"Bag, RASA Paper",1.00,Each,100.0,,0.2900,0.2900,0.5467,0.5467,,,,,,,,
MI To Go Side Disposables,1.00,Each,1.00,Each,1.00,,Inactive,=,,Inactive,=,1.00,Each,No,,,Napkins,1.00,Each,100.0,,0.0083,0.0083,0.0927,0.0927,,,,,,,,
MI To Go Side Disposables,1.00,Each,1.00,Each,1.00,,Inactive,=,,Inactive,=,1.00,Each,No,,,"Spoon, Plastic",1.00,Each,100.0,,0.0350,0.0350,0.0927,0.0927,,,,,,,,
MI To Go Side Disposables,1.00,Each,1.00,Each,1.00,,Inactive,=,,Inactive,=,1.00,Each,No,,,"Lid, Cup Portion 5.5oz",1.00,Each,100.0,,0.0154,0.0154,0.0927,0.0927,,,,,,,,
MI To Go Side Disposables,1.00,Each,1.00,Each,1.00,,Inactive,=,,Inactive,=,1.00,Each,No,,,"Cup, Portion 5.5oz",1.00,Each,100.0,,0.0340,0.0340,0.0927,0.0927,,,,,,,,
MI Toasted Cumin Yogurt,1.00,Each,1.00,Each,1.00,,Inactive,=,,Inactive,=,1.00,Each,No,,,BATCH Toasted Cumin Yogurt,1.00,OZ-fl,100.0,,0.0890,0.0890,0.0890,0.0890,,0.00,,,0.00,,0.00,
MI Toasted Cumin Yogurt - Classic,1.00,Each,1.00,Each,1.00,,Inactive,=,,Inactive,=,1.00,Each,No,,,BATCH Toasted Cumin Yogurt,0.43,OZ-fl,100.0,,0.0383,0.0383,0.0383,0.0383,,0.00,,,0.00,,0.00,
MI Toasted Cumin Yogurt - Desi Deluxe,1.00,Each,1.00,Each,1.00,,Inactive,=,,Inactive,=,1.00,Each,No,,,BATCH Toasted Cumin Yogurt,0.48,OZ-fl,100.0,,0.0427,0.0427,0.0427,0.0427,,0.00,,,0.00,,0.00,
MI Toasted Cumin Yogurt - Party Pack,1.00,Each,1.00,Each,1.00,,Inactive,=,,Inactive,=,1.00,Each,No,,,BATCH Toasted Cumin Yogurt,0.50,OZ-fl,100.0,,0.0445,0.0445,0.0445,0.0445,,0.00,,,0.00,,0.00,
MI Toasted Cumin Yogurt - Portion Cup,1.00,Each,1.00,Each,1.00,,Inactive,=,,Inactive,=,1.00,Each,No,,,BATCH Toasted Cumin Yogurt,1.50,OZ-fl,100.0,,0.1335,0.1335,0.1565,0.1565,,,,,,,,
MI Toasted Cumin Yogurt - Portion Cup,1.00,Each,1.00,Each,1.00,,Inactive,=,,Inactive,=,1.00,Each,No,,,"Lid, Cup Portion 1.5/2oz",1.00,Each,100.0,,0.0104,0.0104,0.1565,0.1565,,,,,,,,
MI Toasted Cumin Yogurt - Portion Cup,1.00,Each,1.00,Each,1.00,,Inactive,=,,Inactive,=,1.00,Each,No,,,"Cup, Portion 1.5oz",1.00,Each,100.0,,0.0126,0.0126,0.1565,0.1565,,,,,,,,
MI Tofu + Cauliflower,1.00,Each,1.00,Each,1.00,,Inactive,=,,Inactive,=,1.00,Each,No,,,BATCH Tofu Cauliflower Cooked,4.00,OZ-fl,100.0,,0.8804,0.8804,0.8804,0.8804,,0.00,,,0.00,,0.00,
MI Tomato Chutney,1.00,Each,1.00,Each,1.00,,Inactive,=,,Inactive,=,1.00,Each,No,,,BATCH Tomato Chutney,0.80,OZ-fl,100.0,,0.0806,0.0806,0.0806,0.0806,,0.00,,,0.00,,0.00,
MI Tomato Garlic - Catering - Additional Item,1.00,Each,1.00,Each,1.00,,Inactive,=,,Inactive,=,1.00,Each,No,,,EVERMADE Tomato Garlic Sauce,32.00,OZ-fl,100.0,,6.0189,6.0189,6.3619,6.3619,,0.00,,,0.00,,0.00,
MI Tomato Garlic - Catering - Additional Item,1.00,Each,1.00,Each,1.00,,Inactive,=,,Inactive,=,1.00,Each,No,,,"Cont, Deli 32oz with Lid",1.00,Each,100.0,,0.3430,0.3430,6.3619,6.3619,,0.00,,,0.00,,0.00,
MI Tomato Garlic - Classic,1.00,Each,1.00,Each,1.00,,Inactive,=,,Inactive,=,1.00,Each,No,,,EVERMADE Tomato Garlic Sauce,1.07,OZ-fl,100.0,,0.2013,0.2013,0.2013,0.2013,,0.00,,,0.00,,0.00,
MI Tomato Garlic - Desi Deluxe,1.00,Each,1.00,Each,1.00,,Inactive,=,,Inactive,=,1.00,Each,No,,,EVERMADE Tomato Garlic Sauce,1.00,OZ-fl,100.0,,0.1881,0.1881,0.1881,0.1881,,0.00,,,0.00,,0.00,
MI Tomato Garlic - Party Pack,1.00,Each,1.00,Each,1.00,,Inactive,=,,Inactive,=,1.00,Each,No,,,EVERMADE Tomato Garlic Sauce,1.25,OZ-fl,100.0,,0.2351,0.2351,0.2351,0.2351,,0.00,,,0.00,,0.00,
MI Tomato Garlic Sauce,1.00,Each,1.00,Each,1.00,,Inactive,=,,Inactive,=,1.00,Each,No,,,EVERMADE Tomato Garlic Sauce,4.00,OZ-fl,100.0,,0.7524,0.7524,0.7524,0.7524,,0.00,,,0.00,,0.00,
MI Tossed Green Beans,1.00,Each,1.00,Each,1.00,,Inactive,=,,Inactive,=,1.00,Each,No,,,BATCH Tossed Green Beans,2.50,OZ-wt,100.0,,0.7339,0.7339,0.7339,0.7339,,0.00,,,0.00,,0.00,
MI Tossed Green Beans - Catering - Additional Item,1.00,Each,1.00,Each,1.00,,Inactive,=,,Inactive,=,1.00,Each,No,,,"Pan, Third",1.00,Each,100.0,,0.6498,0.6498,7.6551,7.6551,,0.00,,,0.00,,0.00,
MI Tossed Green Beans - Catering - Additional Item,1.00,Each,1.00,Each,1.00,,Inactive,=,,Inactive,=,1.00,Each,No,,,"Lid, Pan Third",1.00,Each,100.0,,0.3998,0.3998,7.6551,7.6551,,0.00,,,0.00,,0.00,
MI Tossed Green Beans - Catering - Additional Item,1.00,Each,1.00,Each,1.00,,Inactive,=,,Inactive,=,1.00,Each,No,,,BATCH Tossed Green Beans,22.50,OZ-wt,100.0,,6.6055,6.6055,7.6551,7.6551,,0.00,,,0.00,,0.00,
MI Tossed Green Beans - Classic,1.00,Each,1.00,Each,1.00,,Inactive,=,,Inactive,=,1.00,Each,No,,,BATCH Tossed Green Beans,0.64,OZ-wt,100.0,,0.1879,0.1879,0.1879,0.1879,,0.00,,,0.00,,0.00,
MI Tossed Green Beans - Desi Deluxe,1.00,Each,1.00,Each,1.00,,Inactive,=,,Inactive,=,1.00,Each,No,,,BATCH Tossed Green Beans,0.60,OZ-wt,100.0,,0.1761,0.1761,0.1761,0.1761,,0.00,,,0.00,,0.00,
MI Tossed Green Beans - Party Pack,1.00,Each,1.00,Each,1.00,,Inactive,=,,Inactive,=,1.00,Each,No,,,BATCH Tossed Green Beans,0.75,OZ-wt,100.0,,0.2202,0.2202,0.2202,0.2202,,0.00,,,0.00,,0.00,
MI Tossed Green Beans - Side,1.00,Each,1.00,Each,1.00,,Inactive,=,,Inactive,=,1.00,Each,No,,,"Lid, Cup Soup",1.00,Each,100.0,,0.0550,0.0550,1.5879,1.5879,,0.00,,,0.00,,0.00,
MI Tossed Green Beans - Side,1.00,Each,1.00,Each,1.00,,Inactive,=,,Inactive,=,1.00,Each,No,,,"Cup, Soup",1.00,Each,100.0,,0.0650,0.0650,1.5879,1.5879,,0.00,,,0.00,,0.00,
MI Tossed Green Beans - Side,1.00,Each,1.00,Each,1.00,,Inactive,=,,Inactive,=,1.00,Each,No,,,BATCH Tossed Green Beans,5.00,OZ-wt,100.0,,1.4679,1.4679,1.5879,1.5879,,0.00,,,0.00,,0.00,
MI Turmeric Ginger Lemonade,1.00,Each,1.00,Each,1.00,,Inactive,=,,Inactive,=,1.00,Each,No,,,"Cup, 16oz Rasa",1.00,Each,100.0,,0.0900,0.0900,0.5252,0.5252,,,,,,,,
MI Turmeric Ginger Lemonade,1.00,Each,1.00,Each,1.00,,Inactive,=,,Inactive,=,1.00,Each,No,,,BATCH Turmeric Ginger Lemonade,16.00,OZ-fl,100.0,,0.3858,0.3858,0.5252,0.5252,,,,,,,,
MI Turmeric Ginger Lemonade,1.00,Each,1.00,Each,1.00,,Inactive,=,,Inactive,=,1.00,Each,No,,,"Straw, Wrapped",1.00,Each,100.0,,0.0180,0.0180,0.5252,0.5252,,,,,,,,
MI Turmeric Ginger Lemonade,1.00,Each,1.00,Each,1.00,,Inactive,=,,Inactive,=,1.00,Each,No,,,"Lid, Cup 16oz",1.00,Each,100.0,,0.0314,0.0314,0.5252,0.5252,,,,,,,,
MI Turmeric Ginger Lemonade - 1 Gallon,1.00,Each,1.00,Each,1.00,,Inactive,=,,Inactive,=,1.00,Each,No,,,"Bag, 1 Gallon Beverage",1.00,Each,100.0,,1.9996,1.9996,5.0859,5.0859,,,,,,,,
MI Turmeric Ginger Lemonade - 1 Gallon,1.00,Each,1.00,Each,1.00,,Inactive,=,,Inactive,=,1.00,Each,No,,,BATCH Turmeric Ginger Lemonade,1.00,Gal,100.0,,3.0863,3.0863,5.0859,5.0859,,,,,,,,
MI Turmeric Ginger Lemonade - 1/2 Gallon,1.00,Each,1.00,Each,1.00,,Inactive,=,,Inactive,=,1.00,Each,No,,,"Bag, 1 Gallon Beverage",1.00,Each,100.0,,1.9996,1.9996,3.5427,3.5427,,,,,,,,
MI Turmeric Ginger Lemonade - 1/2 Gallon,1.00,Each,1.00,Each,1.00,,Inactive,=,,Inactive,=,1.00,Each,No,,,BATCH Turmeric Ginger Lemonade,0.50,Gal,100.0,,1.5431,1.5431,3.5427,3.5427,,,,,,,,
MI Turmeric Ginger Shrimp,1.00,Each,1.00,Each,1.00,,Inactive,=,,Inactive,=,1.00,Each,No,,,BATCH Shrimp Cooked,6.00,Each,100.0,,2.8610,2.8610,2.8610,2.8610,,0.00,,,0.00,,0.00,
MI Turmeric Ginger Shrimp - Catering - Additional Item,1.00,Each,1.00,Each,1.00,,Inactive,=,,Inactive,=,1.00,Each,No,,,"Pan, Third",1.00,Each,100.0,,0.6498,0.6498,29.6595,29.6595,,0.00,,,0.00,,0.00,
MI Turmeric Ginger Shrimp - Catering - Additional Item,1.00,Each,1.00,Each,1.00,,Inactive,=,,Inactive,=,1.00,Each,No,,,"Lid, Pan Third",1.00,Each,100.0,,0.3998,0.3998,29.6595,29.6595,,0.00,,,0.00,,0.00,
MI Turmeric Ginger Shrimp - Catering - Additional Item,1.00,Each,1.00,Each,1.00,,Inactive,=,,Inactive,=,1.00,Each,No,,,BATCH Shrimp Cooked,60.00,Each,100.0,,28.6099,28.6099,29.6595,29.6595,,0.00,,,0.00,,0.00,
MI Turmeric Ginger Shrimp - Classic,1.00,Each,1.00,Each,1.00,,Inactive,=,,Inactive,=,1.00,Each,No,,,BATCH Shrimp Cooked,2.63,Each,100.0,,1.2541,1.2541,1.2541,1.2541,,0.00,,,0.00,,0.00,
MI Turmeric Ginger Shrimp - Desi Deluxe,1.00,Each,1.00,Each,1.00,,Inactive,=,,Inactive,=,1.00,Each,No,,,BATCH Shrimp Cooked,2.50,Each,100.0,,1.1921,1.1921,1.1921,1.1921,,0.00,,,0.00,,0.00,
MI Turmeric Ginger Shrimp - Kids,1.00,Each,1.00,Each,1.00,,Inactive,=,,Inactive,=,1.00,Each,No,,,BATCH Shrimp Cooked,3.00,Each,100.0,,1.4305,1.4305,1.4305,1.4305,,0.00,,,0.00,,0.00,
MI Turmeric Ginger Shrimp - Party Pack,1.00,Each,1.00,Each,1.00,,Inactive,=,,Inactive,=,1.00,Each,No,,,BATCH Shrimp Cooked,3.00,Each,100.0,,1.4305,1.4305,1.4305,1.4305,,0.00,,,0.00,,0.00,
MI Unsweetened Spiced Tea,1.00,Each,1.00,Each,1.00,,Inactive,=,,Inactive,=,1.00,Each,No,,,BATCH Unsweetened Spiced Tea,16.00,OZ-fl,100.0,,0.1041,0.1041,0.2435,0.2435,,,,,,,,
MI Unsweetened Spiced Tea,1.00,Each,1.00,Each,1.00,,Inactive,=,,Inactive,=,1.00,Each,No,,,"Cup, 16oz Rasa",1.00,Each,100.0,,0.0900,0.0900,0.2435,0.2435,,,,,,,,
MI Unsweetened Spiced Tea,1.00,Each,1.00,Each,1.00,,Inactive,=,,Inactive,=,1.00,Each,No,,,"Straw, Wrapped",1.00,Each,100.0,,0.0180,0.0180,0.2435,0.2435,,,,,,,,
MI Unsweetened Spiced Tea,1.00,Each,1.00,Each,1.00,,Inactive,=,,Inactive,=,1.00,Each,No,,,"Lid, Cup 16oz",1.00,Each,100.0,,0.0314,0.0314,0.2435,0.2435,,,,,,,,
MI Unsweetened Spiced Tea - 1 Gallon,1.00,Each,1.00,Each,1.00,,Inactive,=,,Inactive,=,1.00,Each,No,,,BATCH Unsweetened Spiced Tea,1.00,Gal,100.0,,0.8327,0.8327,2.8323,2.8323,,,,,,,,
MI Unsweetened Spiced Tea - 1 Gallon,1.00,Each,1.00,Each,1.00,,Inactive,=,,Inactive,=,1.00,Each,No,,,"Bag, 1 Gallon Beverage",1.00,Each,100.0,,1.9996,1.9996,2.8323,2.8323,,,,,,,,
MI Unsweetened Spiced Tea - 1/2 Gallon,1.00,Each,1.00,Each,1.00,,Inactive,=,,Inactive,=,1.00,Each,No,,,BATCH Unsweetened Spiced Tea,0.50,Gal,100.0,,0.4164,0.4164,2.4160,2.4160,,,,,,,,
MI Unsweetened Spiced Tea - 1/2 Gallon,1.00,Each,1.00,Each,1.00,,Inactive,=,,Inactive,=,1.00,Each,No,,,"Bag, 1 Gallon Beverage",1.00,Each,100.0,,1.9996,1.9996,2.4160,2.4160,,,,,,,,
MI UpBeet,1.00,Each,1.00,Each,1.00,,Inactive,=,,Inactive,=,1.00,Each,No,,,MOBYS Mango Coconut Yogurt,1.00,OZ-wt,100.0,,0.2087,0.2087,2.3424,2.3424,,0.00,,,0.00,,0.00,
MI UpBeet,1.00,Each,1.00,Each,1.00,,Inactive,=,,Inactive,=,1.00,Each,No,,,"ZZZ Lettuce, Salad Blend - Old",2.20,OZ-wt,100.0,,0.7663,0.7663,2.3424,2.3424,,0.00,,,0.00,,0.00,
MI UpBeet,1.00,Each,1.00,Each,1.00,,Inactive,=,,Inactive,=,1.00,Each,No,,,BATCH Sweet Potato Tikki,3.20,OZ-wt,100.0,,0.3559,0.3559,2.3424,2.3424,,0.00,,,0.00,,0.00,
MI UpBeet,1.00,Each,1.00,Each,1.00,,Inactive,=,,Inactive,=,1.00,Each,No,,,BATCH Spiced Chickpeas,2.80,OZ-wt,100.0,,0.1244,0.1244,2.3424,2.3424,,0.00,,,0.00,,0.00,
MI UpBeet,1.00,Each,1.00,Each,1.00,,Inactive,=,,Inactive,=,1.00,Each,No,,,BATCH Mango Salsa,1.10,OZ-wt,100.0,,0.7240,0.7240,2.3424,2.3424,,0.00,,,0.00,,0.00,
MI UpBeet,1.00,Each,1.00,Each,1.00,,Inactive,=,,Inactive,=,1.00,Each,No,,,BATCH Kachumber Salad,1.00,OZ-wt,100.0,,0.0817,0.0817,2.3424,2.3424,,0.00,,,0.00,,0.00,
MI UpBeet,1.00,Each,1.00,Each,1.00,,Inactive,=,,Inactive,=,1.00,Each,No,,,BATCH Kokum Vinaigrette,1.00,OZ-fl,100.0,,0.0814,0.0814,2.3424,2.3424,,0.00,,,0.00,,0.00,
MI USHOR Bowl,1.00,Each,1.00,Each,1.00,,Inactive,=,,Inactive,=,1.00,Each,No,,,BATCH House Vinaigrette,0.40,OZ-fl,100.0,,0.0383,0.0383,2.7550,2.7550,,,,,,,,
MI USHOR Bowl,1.00,Each,1.00,Each,1.00,,Inactive,=,,Inactive,=,1.00,Each,No,,,EVERMADE Tamarind Ginger Chutney,0.40,OZ-fl,100.0,,0.0875,0.0875,2.7550,2.7550,,,,,,,,
MI USHOR Bowl,1.00,Each,1.00,Each,1.00,,Inactive,=,,Inactive,=,1.00,Each,No,,,BATCH Toasted Cumin Yogurt,0.40,OZ-fl,100.0,,0.0356,0.0356,2.7550,2.7550,,,,,,,,
MI USHOR Bowl,1.00,Each,1.00,Each,1.00,,Inactive,=,,Inactive,=,1.00,Each,No,,,BATCH Mint Cilantro Chutney,0.40,OZ-fl,100.0,,0.0742,0.0742,2.7550,2.7550,,,,,,,,
MI USHOR Bowl,1.00,Each,1.00,Each,1.00,,Inactive,=,,Inactive,=,1.00,Each,No,,,BATCH Indian Street Corn,0.80,OZ-wt,100.0,,0.0188,0.0188,2.7550,2.7550,,,,,,,,
MI USHOR Bowl,1.00,Each,1.00,Each,1.00,,Inactive,=,,Inactive,=,1.00,Each,No,,,BATCH Pickled Onions,0.50,OZ-wt,100.0,,0.0425,0.0425,2.7550,2.7550,,,,,,,,
MI USHOR Bowl,1.00,Each,1.00,Each,1.00,,Inactive,=,,Inactive,=,1.00,Each,No,,,BATCH Kachumber Salad,0.80,OZ-wt,100.0,,0.0653,0.0653,2.7550,2.7550,,,,,,,,
MI USHOR Bowl,1.00,Each,1.00,Each,1.00,,Inactive,=,,Inactive,=,1.00,Each,No,,,BATCH Chickpeas Cooked,1.50,OZ-wt,100.0,,0.0364,0.0364,2.7550,2.7550,,,,,,,,
MI USHOR Bowl,1.00,Each,1.00,Each,1.00,,Inactive,=,,Inactive,=,1.00,Each,No,,,BATCH Sautéed Spinach,1.50,OZ-wt,100.0,,0.1591,0.1591,2.7550,2.7550,,,,,,,,
MI USHOR Bowl,1.00,Each,1.00,Each,1.00,,Inactive,=,,Inactive,=,1.00,Each,No,,,EVERMADE Coconut Ginger Sauce,0.70,OZ-fl,100.0,,0.1400,0.1400,2.7550,2.7550,,,,,,,,
MI USHOR Bowl,1.00,Each,1.00,Each,1.00,,Inactive,=,,Inactive,=,1.00,Each,No,,,EVERMADE Tomato Garlic Sauce,2.80,OZ-fl,100.0,,0.5267,0.5267,2.7550,2.7550,,,,,,,,
MI USHOR Bowl,1.00,Each,1.00,Each,1.00,,Inactive,=,,Inactive,=,1.00,Each,No,,,BATCH Tandoori Paneer Cooked,0.65,Each,100.0,,0.1654,0.1654,2.7550,2.7550,,,,,,,,
MI USHOR Bowl,1.00,Each,1.00,Each,1.00,,Inactive,=,,Inactive,=,1.00,Each,No,,,BATCH Spicy Chili Chicken Cooked,1.40,OZ-wt,100.0,,0.2263,0.2263,2.7550,2.7550,,,,,,,,
MI USHOR Bowl,1.00,Each,1.00,Each,1.00,,Inactive,=,,Inactive,=,1.00,Each,No,,,BATCH Harvest Vegetables Cooked,0.30,OZ-wt,100.0,,0.0835,0.0835,2.7550,2.7550,,,,,,,,
MI USHOR Bowl,1.00,Each,1.00,Each,1.00,,Inactive,=,,Inactive,=,1.00,Each,No,,,BATCH Chicken Tikka Cooked New,2.75,OZ-wt,100.0,,0.3984,0.3984,2.7550,2.7550,,,,,,,,
MI USHOR Bowl,1.00,Each,1.00,Each,1.00,,Inactive,=,,Inactive,=,1.00,Each,No,,,YIELD Romaine Chopped,0.75,OZ-wt,100.0,,0.1172,0.1172,2.7550,2.7550,,,,,,,,
MI USHOR Bowl,1.00,Each,1.00,Each,1.00,,Inactive,=,,Inactive,=,1.00,Each,No,,,BATCH Lemon Turmeric Rice,7.30,OZ-wt,100.0,,0.2233,0.2233,2.7550,2.7550,,,,,,,,
MI USHOR Bowl,1.00,Each,1.00,Each,1.00,,Inactive,=,,Inactive,=,1.00,Each,No,,,MI To Go Bowl Disposables - Offsite Pop-Up,1.00,Each,100.0,,0.3165,0.3165,2.7550,2.7550,,,,,,,,
MI Vegan Veggie Burrito - In House,1.00,Each,1.00,Each,1.00,,Inactive,=,,Inactive,=,1.00,Each,No,,,BATCH Harvest Vegetables Cooked,4.00,OZ-wt,100.0,,1.1129,1.1129,3.0826,3.0826,,0.00,,,0.00,,0.00,
MI Vegan Veggie Burrito - In House,1.00,Each,1.00,Each,1.00,,Inactive,=,,Inactive,=,1.00,Each,No,,,EVERMADE Coconut Ginger Sauce,2.00,OZ-fl,100.0,,0.3999,0.3999,3.0826,3.0826,,0.00,,,0.00,,0.00,
MI Vegan Veggie Burrito - In House,1.00,Each,1.00,Each,1.00,,Inactive,=,,Inactive,=,1.00,Each,No,,,EVERMADE Tamarind Ginger Chutney,0.75,OZ-fl,100.0,,0.1641,0.1641,3.0826,3.0826,,0.00,,,0.00,,0.00,
MI Vegan Veggie Burrito - In House,1.00,Each,1.00,Each,1.00,,Inactive,=,,Inactive,=,1.00,Each,No,,,"Bread, Wrap 12""",1.00,Wrap-3.7oz-wt,100.0,,0.7074,0.7074,3.0826,3.0826,,0.00,,,0.00,,0.00,
MI Vegan Veggie Burrito - In House,1.00,Each,1.00,Each,1.00,,Inactive,=,,Inactive,=,1.00,Each,No,,,BATCH Kachumber Salad,1.00,OZ-wt,100.0,,0.0817,0.0817,3.0826,3.0826,,0.00,,,0.00,,0.00,
MI Vegan Veggie Burrito - In House,1.00,Each,1.00,Each,1.00,,Inactive,=,,Inactive,=,1.00,Each,No,,,MI To Go Burrito Disposables - In House,1.00,Each,100.0,,0.2073,0.2073,3.0826,3.0826,,0.00,,,0.00,,0.00,
MI Vegan Veggie Burrito - In House,1.00,Each,1.00,Each,1.00,,Inactive,=,,Inactive,=,1.00,Each,No,,,YIELD Romaine Chopped,1.00,OZ-wt,100.0,,0.1563,0.1563,3.0826,3.0826,,0.00,,,0.00,,0.00,
MI Vegan Veggie Burrito - In House,1.00,Each,1.00,Each,1.00,,Inactive,=,,Inactive,=,1.00,Each,No,,,BATCH Spiced Chickpeas,2.25,OZ-wt,100.0,,0.1000,0.1000,3.0826,3.0826,,0.00,,,0.00,,0.00,
MI Vegan Veggie Burrito - In House,1.00,Each,1.00,Each,1.00,,Inactive,=,,Inactive,=,1.00,Each,No,,,BATCH Lemon Turmeric Rice,5.00,OZ-wt,100.0,,0.1530,0.1530,3.0826,3.0826,,0.00,,,0.00,,0.00,
MI Vibes + Veggies - In House,1.00,Each,1.00,Each,1.00,,Inactive,=,,Inactive,=,1.00,Each,No,,,EVERMADE Coconut Ginger Sauce,4.00,OZ-fl,100.0,,0.7998,0.7998,3.2048,3.2048,,0.00,,,0.00,,0.00,
MI Vibes + Veggies - In House,1.00,Each,1.00,Each,1.00,,Inactive,=,,Inactive,=,1.00,Each,No,,,EVERMADE Tamarind Ginger Chutney,0.80,OZ-wt,100.0,,0.1429,0.1429,3.2048,3.2048,,0.00,,,0.00,,0.00,
MI Vibes + Veggies - In House,1.00,Each,1.00,Each,1.00,,Inactive,=,,Inactive,=,1.00,Each,No,,,Papad Lentil Chips,0.25,Each,100.0,,0.0208,0.0208,3.2048,3.2048,,0.00,,,0.00,,0.00,
MI Vibes + Veggies - In House,1.00,Each,1.00,Each,1.00,,Inactive,=,,Inactive,=,1.00,Each,No,,,BATCH Pickled Onions,0.50,OZ-wt,100.0,,0.0425,0.0425,3.2048,3.2048,,0.00,,,0.00,,0.00,
MI Vibes + Veggies - In House,1.00,Each,1.00,Each,1.00,,Inactive,=,,Inactive,=,1.00,Each,No,,,BATCH Indian Street Corn,0.50,OZ-wt,100.0,,0.0117,0.0117,3.2048,3.2048,,0.00,,,0.00,,0.00,
MI Vibes + Veggies - In House,1.00,Each,1.00,Each,1.00,,Inactive,=,,Inactive,=,1.00,Each,No,,,BATCH Carrot Slaw,0.50,OZ-wt,100.0,,0.0454,0.0454,3.2048,3.2048,,0.00,,,0.00,,0.00,
MI Vibes + Veggies - In House,1.00,Each,1.00,Each,1.00,,Inactive,=,,Inactive,=,1.00,Each,No,,,BATCH Spiced Chickpeas,3.10,OZ-wt,100.0,,0.1377,0.1377,3.2048,3.2048,,0.00,,,0.00,,0.00,
MI Vibes + Veggies - In House,1.00,Each,1.00,Each,1.00,,Inactive,=,,Inactive,=,1.00,Each,No,,,BATCH Tossed Green Beans,2.50,OZ-wt,100.0,,0.7339,0.7339,3.2048,3.2048,,0.00,,,0.00,,0.00,
MI Vibes + Veggies - In House,1.00,Each,1.00,Each,1.00,,Inactive,=,,Inactive,=,1.00,Each,No,,,BATCH Eggplant Cooked,1.50,OZ-wt,100.0,,0.2906,0.2906,3.2048,3.2048,,0.00,,,0.00,,0.00,
MI Vibes + Veggies - In House,1.00,Each,1.00,Each,1.00,,Inactive,=,,Inactive,=,1.00,Each,No,,,BATCH Basmati Rice,3.65,OZ-wt,100.0,,0.0924,0.0924,3.2048,3.2048,,0.00,,,0.00,,0.00,
MI Vibes + Veggies - In House,1.00,Each,1.00,Each,1.00,,Inactive,=,,Inactive,=,1.00,Each,No,,,"Spinach, Baby",1.90,OZ-wt,100.0,,0.3993,0.3993,3.2048,3.2048,,0.00,,,0.00,,0.00,
MI Vibes + Veggies - In House,1.00,Each,1.00,Each,1.00,,Inactive,=,,Inactive,=,1.00,Each,No,,,MI To Go Bowl Disposables - In House,1.00,Each,100.0,,0.4878,0.4878,3.2048,3.2048,,0.00,,,0.00,,0.00,
MI Vibes + Veggies - Online,1.00,Each,1.00,Each,1.00,,Inactive,=,,Inactive,=,1.00,Each,No,,,MI To Go Bowl Disposables - Online,1.00,Each,100.0,,0.6065,0.6065,0.6065,0.6065,,0.00,,,0.00,,0.00,
MI WCF Meal 1,1.00,Each,1.00,Each,1.00,,Inactive,=,,Inactive,=,1.00,Each,No,,,EVERMADE Tomato Garlic Sauce,4.00,OZ-fl,100.0,,0.7524,0.7524,2.0184,2.0184,,,,,,,,
MI WCF Meal 1,1.00,Each,1.00,Each,1.00,,Inactive,=,,Inactive,=,1.00,Each,No,,,"Lid, Bowl Rectangle 32oz Fiber",1.00,Each,100.0,,0.1650,0.1650,2.0184,2.0184,,,,,,,,
MI WCF Meal 1,1.00,Each,1.00,Each,1.00,,Inactive,=,,Inactive,=,1.00,Each,No,,,"Bowl, Rectangle 32oz",1.00,Each,100.0,,0.1624,0.1624,2.0184,2.0184,,,,,,,,
MI WCF Meal 1,1.00,Each,1.00,Each,1.00,,Inactive,=,,Inactive,=,1.00,Each,No,,,"Corn, Frozen",0.50,OZ-wt,100.0,,0.0314,0.0314,2.0184,2.0184,,,,,,,,
MI WCF Meal 1,1.00,Each,1.00,Each,1.00,,Inactive,=,,Inactive,=,1.00,Each,No,,,BATCH Carrot Slaw,0.50,OZ-wt,100.0,,0.0454,0.0454,2.0184,2.0184,,,,,,,,
MI WCF Meal 1,1.00,Each,1.00,Each,1.00,,Inactive,=,,Inactive,=,1.00,Each,No,,,MOBYS Coriander Chili Chutney,1.00,OZ-wt,100.0,,0.2262,0.2262,2.0184,2.0184,,,,,,,,
MI WCF Meal 1,1.00,Each,1.00,Each,1.00,,Inactive,=,,Inactive,=,1.00,Each,No,,,BATCH Basmati Rice,7.30,OZ-wt,100.0,,0.1849,0.1849,2.0184,2.0184,,,,,,,,
MI WCF Meal 1,1.00,Each,1.00,Each,1.00,,Inactive,=,,Inactive,=,1.00,Each,No,,,BATCH Sautéed Spinach,4.00,OZ-fl,100.0,,0.4507,0.4507,2.0184,2.0184,,,,,,,,
MI WCF Meal 2,1.00,Each,1.00,Each,1.00,,Inactive,=,,Inactive,=,1.00,Each,No,,,EVERMADE Tomato Garlic Sauce,4.00,OZ-fl,100.0,,0.7524,0.7524,2.1098,2.1098,,,,,,,,
MI WCF Meal 2,1.00,Each,1.00,Each,1.00,,Inactive,=,,Inactive,=,1.00,Each,No,,,"Lid, Bowl Rectangle 32oz Fiber",1.00,Each,100.0,,0.1650,0.1650,2.1098,2.1098,,,,,,,,
MI WCF Meal 2,1.00,Each,1.00,Each,1.00,,Inactive,=,,Inactive,=,1.00,Each,No,,,"Bowl, Rectangle 32oz",1.00,Each,100.0,,0.1624,0.1624,2.1098,2.1098,,,,,,,,
MI WCF Meal 2,1.00,Each,1.00,Each,1.00,,Inactive,=,,Inactive,=,1.00,Each,No,,,BATCH Toasted Cumin Yogurt,1.00,OZ-fl,100.0,,0.0890,0.0890,2.1098,2.1098,,,,,,,,
MI WCF Meal 2,1.00,Each,1.00,Each,1.00,,Inactive,=,,Inactive,=,1.00,Each,No,,,YIELD Cucumber Chopped,0.50,OZ-wt,100.0,,0.0161,0.0161,2.1098,2.1098,,,,,,,,
MI WCF Meal 2,1.00,Each,1.00,Each,1.00,,Inactive,=,,Inactive,=,1.00,Each,No,,,"Cheese, Paneer",2.50,OZ-wt,100.0,,0.7016,0.7016,2.1098,2.1098,,,,,,,,
MI WCF Meal 2,1.00,Each,1.00,Each,1.00,,Inactive,=,,Inactive,=,1.00,Each,No,,,BATCH Lemon Turmeric Rice,7.30,OZ-wt,100.0,,0.2233,0.2233,2.1098,2.1098,,,,,,,,
MI WCF Meal 3,1.00,Each,1.00,Each,1.00,,Inactive,=,,Inactive,=,1.00,Each,No,,,EVERMADE Tomato Garlic Sauce,4.00,OZ-fl,100.0,,0.7524,0.7524,2.5074,2.5074,,,,,,,,
MI WCF Meal 3,1.00,Each,1.00,Each,1.00,,Inactive,=,,Inactive,=,1.00,Each,No,,,"Lid, Bowl Rectangle 32oz Fiber",1.00,Each,100.0,,0.1650,0.1650,2.5074,2.5074,,,,,,,,
MI WCF Meal 3,1.00,Each,1.00,Each,1.00,,Inactive,=,,Inactive,=,1.00,Each,No,,,"Bowl, Rectangle 32oz",1.00,Each,100.0,,0.1624,0.1624,2.5074,2.5074,,,,,,,,
MI WCF Meal 3,1.00,Each,1.00,Each,1.00,,Inactive,=,,Inactive,=,1.00,Each,No,,,BATCH Kachumber Salad,0.50,OZ-wt,100.0,,0.0408,0.0408,2.5074,2.5074,,,,,,,,
MI WCF Meal 3,1.00,Each,1.00,Each,1.00,,Inactive,=,,Inactive,=,1.00,Each,No,,,BATCH Harvest Vegetables Cooked,4.00,OZ-wt,100.0,,1.1129,1.1129,2.5074,2.5074,,,,,,,,
MI WCF Meal 3,1.00,Each,1.00,Each,1.00,,Inactive,=,,Inactive,=,1.00,Each,No,,,BATCH Basmati Rice,7.30,OZ-wt,100.0,,0.1849,0.1849,2.5074,2.5074,,,,,,,,
MI WCF Meal 3,1.00,Each,1.00,Each,1.00,,Inactive,=,,Inactive,=,1.00,Each,No,,,BATCH Toasted Cumin Yogurt,1.00,OZ-fl,100.0,,0.0890,0.0890,2.5074,2.5074,,,,,,,,
MI WCF Meal 4,1.00,Each,1.00,Each,1.00,,Inactive,=,,Inactive,=,1.00,Each,No,,,EVERMADE Tamarind Chili Sauce,4.00,OZ-fl,100.0,,0.6996,0.6996,1.7202,1.7202,,,,,,,,
MI WCF Meal 4,1.00,Each,1.00,Each,1.00,,Inactive,=,,Inactive,=,1.00,Each,No,,,"Lid, Bowl Rectangle 32oz Fiber",1.00,Each,100.0,,0.1650,0.1650,1.7202,1.7202,,,,,,,,
MI WCF Meal 4,1.00,Each,1.00,Each,1.00,,Inactive,=,,Inactive,=,1.00,Each,No,,,"Bowl, Rectangle 32oz",1.00,Each,100.0,,0.1624,0.1624,1.7202,1.7202,,,,,,,,
MI WCF Meal 4,1.00,Each,1.00,Each,1.00,,Inactive,=,,Inactive,=,1.00,Each,No,,,BATCH Spiced Chickpeas,6.00,OZ-fl,100.0,,0.3732,0.3732,1.7202,1.7202,,,,,,,,
MI WCF Meal 4,1.00,Each,1.00,Each,1.00,,Inactive,=,,Inactive,=,1.00,Each,No,,,BATCH Lemon Turmeric Rice,7.30,OZ-wt,100.0,,0.2233,0.2233,1.7202,1.7202,,,,,,,,
MI WCF Meal 4,1.00,Each,1.00,Each,1.00,,Inactive,=,,Inactive,=,1.00,Each,No,,,BATCH Masala Beets,0.50,OZ-wt,100.0,,0.0967,0.0967,1.7202,1.7202,,,,,,,,
MI WCK Feds - Butter Chicken Bowl,1.00,Each,1.00,Each,1.00,,Inactive,=,,Inactive,=,1.00,Each,No,,,"Cont, Black 28oz with Lid",1.00,Each,100.0,,0.2500,0.2500,2.0089,2.0089,,0.00,,,0.00,,0.00,
MI WCK Feds - Butter Chicken Bowl,1.00,Each,1.00,Each,1.00,,Inactive,=,,Inactive,=,1.00,Each,No,,,BATCH Toasted Cumin Yogurt,0.75,OZ-fl,100.0,,0.0667,0.0667,2.0089,2.0089,,0.00,,,0.00,,0.00,
MI WCK Feds - Butter Chicken Bowl,1.00,Each,1.00,Each,1.00,,Inactive,=,,Inactive,=,1.00,Each,No,,,YIELD Cucumber Chopped,1.00,OZ-fl,100.0,,0.0265,0.0265,2.0089,2.0089,,0.00,,,0.00,,0.00,
MI WCK Feds - Butter Chicken Bowl,1.00,Each,1.00,Each,1.00,,Inactive,=,,Inactive,=,1.00,Each,No,,,EVERMADE Tomato Garlic Sauce,3.50,OZ-fl,100.0,,0.6583,0.6583,2.0089,2.0089,,0.00,,,0.00,,0.00,
MI WCK Feds - Butter Chicken Bowl,1.00,Each,1.00,Each,1.00,,Inactive,=,,Inactive,=,1.00,Each,No,,,BATCH Sautéed Spinach,2.00,OZ-fl,100.0,,0.2253,0.2253,2.0089,2.0089,,0.00,,,0.00,,0.00,
MI WCK Feds - Butter Chicken Bowl,1.00,Each,1.00,Each,1.00,,Inactive,=,,Inactive,=,1.00,Each,No,,,BATCH Basmati Rice,8.00,OZ-wt,100.0,,0.2026,0.2026,2.0089,2.0089,,0.00,,,0.00,,0.00,
MI WCK Feds - Butter Chicken Bowl,1.00,Each,1.00,Each,1.00,,Inactive,=,,Inactive,=,1.00,Each,No,,,BATCH Chicken Tikka Cooked New,4.00,OZ-wt,100.0,,0.5795,0.5795,2.0089,2.0089,,0.00,,,0.00,,0.00,
MI WCK Feds - Chicken Curry Noodles,1.00,Each,1.00,Each,1.00,,Inactive,=,,Inactive,=,1.00,Each,No,,,EVERMADE Tamarind Ginger Chutney,0.75,OZ-fl,100.0,,0.1641,0.1641,2.1628,2.1628,,0.00,,,0.00,,0.00,
MI WCK Feds - Chicken Curry Noodles,1.00,Each,1.00,Each,1.00,,Inactive,=,,Inactive,=,1.00,Each,No,,,BATCH Carrot Slaw,1.00,OZ-fl,100.0,,0.0534,0.0534,2.1628,2.1628,,0.00,,,0.00,,0.00,
MI WCK Feds - Chicken Curry Noodles,1.00,Each,1.00,Each,1.00,,Inactive,=,,Inactive,=,1.00,Each,No,,,EVERMADE Tamarind Chili Sauce,3.50,OZ-fl,100.0,,0.6122,0.6122,2.1628,2.1628,,0.00,,,0.00,,0.00,
MI WCK Feds - Chicken Curry Noodles,1.00,Each,1.00,Each,1.00,,Inactive,=,,Inactive,=,1.00,Each,No,,,BATCH South Indian Rice Noodles,7.00,OZ-wt,100.0,,0.3792,0.3792,2.1628,2.1628,,0.00,,,0.00,,0.00,
MI WCK Feds - Chicken Curry Noodles,1.00,Each,1.00,Each,1.00,,Inactive,=,,Inactive,=,1.00,Each,No,,,BATCH Spiced Chickpeas,2.00,OZ-fl,100.0,,0.1244,0.1244,2.1628,2.1628,,0.00,,,0.00,,0.00,
MI WCK Feds - Chicken Curry Noodles,1.00,Each,1.00,Each,1.00,,Inactive,=,,Inactive,=,1.00,Each,No,,,"Cont, Black 28oz with Lid",1.00,Each,100.0,,0.2500,0.2500,2.1628,2.1628,,0.00,,,0.00,,0.00,
MI WCK Feds - Chicken Curry Noodles,1.00,Each,1.00,Each,1.00,,Inactive,=,,Inactive,=,1.00,Each,No,,,BATCH Chicken Tikka Cooked New,4.00,OZ-wt,100.0,,0.5795,0.5795,2.1628,2.1628,,0.00,,,0.00,,0.00,
MI WCK Feds - Chicken Tikka Masala,1.00,Each,1.00,Each,1.00,,Inactive,=,,Inactive,=,1.00,Each,No,,,BATCH Lemon Turmeric Rice,8.00,OZ-wt,100.0,,0.2447,0.2447,2.0098,2.0098,,0.00,,,0.00,,0.00,
MI WCK Feds - Chicken Tikka Masala,1.00,Each,1.00,Each,1.00,,Inactive,=,,Inactive,=,1.00,Each,No,,,BATCH Mint Cilantro Chutney,0.75,OZ-fl,100.0,,0.1390,0.1390,2.0098,2.0098,,0.00,,,0.00,,0.00,
MI WCK Feds - Chicken Tikka Masala,1.00,Each,1.00,Each,1.00,,Inactive,=,,Inactive,=,1.00,Each,No,,,BATCH Indian Street Corn,1.00,OZ-fl,100.0,,0.0282,0.0282,2.0098,2.0098,,0.00,,,0.00,,0.00,
MI WCK Feds - Chicken Tikka Masala,1.00,Each,1.00,Each,1.00,,Inactive,=,,Inactive,=,1.00,Each,No,,,BATCH Spiced Chickpeas,2.00,OZ-fl,100.0,,0.1244,0.1244,2.0098,2.0098,,0.00,,,0.00,,0.00,
MI WCK Feds - Chicken Tikka Masala,1.00,Each,1.00,Each,1.00,,Inactive,=,,Inactive,=,1.00,Each,No,,,BATCH Tikka Masala Sauce,3.50,OZ-fl,100.0,,0.6440,0.6440,2.0098,2.0098,,0.00,,,0.00,,0.00,
MI WCK Feds - Chicken Tikka Masala,1.00,Each,1.00,Each,1.00,,Inactive,=,,Inactive,=,1.00,Each,No,,,"Cont, Black 28oz with Lid",1.00,Each,100.0,,0.2500,0.2500,2.0098,2.0098,,0.00,,,0.00,,0.00,
MI WCK Feds - Chicken Tikka Masala,1.00,Each,1.00,Each,1.00,,Inactive,=,,Inactive,=,1.00,Each,No,,,BATCH Chicken Tikka Cooked New,4.00,OZ-wt,100.0,,0.5795,0.5795,2.0098,2.0098,,0.00,,,0.00,,0.00,
MI WCK Feds - Coconut Curry Chicken,1.00,Each,1.00,Each,1.00,,Inactive,=,,Inactive,=,1.00,Each,No,,,BATCH Kachumber Salad,1.00,OZ-fl,100.0,,0.0551,0.0551,2.0791,2.0791,,0.00,,,0.00,,0.00,
MI WCK Feds - Coconut Curry Chicken,1.00,Each,1.00,Each,1.00,,Inactive,=,,Inactive,=,1.00,Each,No,,,EVERMADE Coconut Ginger Sauce,3.50,OZ-fl,100.0,,0.6999,0.6999,2.0791,2.0791,,0.00,,,0.00,,0.00,
MI WCK Feds - Coconut Curry Chicken,1.00,Each,1.00,Each,1.00,,Inactive,=,,Inactive,=,1.00,Each,No,,,"Cont, Black 28oz with Lid",1.00,Each,100.0,,0.2500,0.2500,2.0791,2.0791,,0.00,,,0.00,,0.00,
MI WCK Feds - Coconut Curry Chicken,1.00,Each,1.00,Each,1.00,,Inactive,=,,Inactive,=,1.00,Each,No,,,BATCH Toasted Cumin Yogurt,0.75,OZ-fl,100.0,,0.0667,0.0667,2.0791,2.0791,,0.00,,,0.00,,0.00,
MI WCK Feds - Coconut Curry Chicken,1.00,Each,1.00,Each,1.00,,Inactive,=,,Inactive,=,1.00,Each,No,,,BATCH Sautéed Spinach,2.00,OZ-fl,100.0,,0.2253,0.2253,2.0791,2.0791,,0.00,,,0.00,,0.00,
MI WCK Feds - Coconut Curry Chicken,1.00,Each,1.00,Each,1.00,,Inactive,=,,Inactive,=,1.00,Each,No,,,BATCH Basmati Rice,8.00,OZ-wt,100.0,,0.2026,0.2026,2.0791,2.0791,,0.00,,,0.00,,0.00,
MI WCK Feds - Coconut Curry Chicken,1.00,Each,1.00,Each,1.00,,Inactive,=,,Inactive,=,1.00,Each,No,,,BATCH Chicken Tikka Cooked New,4.00,OZ-wt,100.0,,0.5795,0.5795,2.0791,2.0791,,0.00,,,0.00,,0.00,
MI WCK Feds - Coconut Vegetable Curry,1.00,Each,1.00,Each,1.00,,Inactive,=,,Inactive,=,1.00,Each,No,,,BATCH Harvest Vegetables Cooked,4.00,OZ-wt,100.0,,1.1129,1.1129,2.6125,2.6125,,0.00,,,0.00,,0.00,
MI WCK Feds - Coconut Vegetable Curry,1.00,Each,1.00,Each,1.00,,Inactive,=,,Inactive,=,1.00,Each,No,,,BATCH Kachumber Salad,1.00,OZ-fl,100.0,,0.0551,0.0551,2.6125,2.6125,,0.00,,,0.00,,0.00,
MI WCK Feds - Coconut Vegetable Curry,1.00,Each,1.00,Each,1.00,,Inactive,=,,Inactive,=,1.00,Each,No,,,EVERMADE Coconut Ginger Sauce,3.50,OZ-fl,100.0,,0.6999,0.6999,2.6125,2.6125,,0.00,,,0.00,,0.00,
MI WCK Feds - Coconut Vegetable Curry,1.00,Each,1.00,Each,1.00,,Inactive,=,,Inactive,=,1.00,Each,No,,,"Cont, Black 28oz with Lid",1.00,Each,100.0,,0.2500,0.2500,2.6125,2.6125,,0.00,,,0.00,,0.00,
MI WCK Feds - Coconut Vegetable Curry,1.00,Each,1.00,Each,1.00,,Inactive,=,,Inactive,=,1.00,Each,No,,,BATCH Toasted Cumin Yogurt,0.75,OZ-fl,100.0,,0.0667,0.0667,2.6125,2.6125,,0.00,,,0.00,,0.00,
MI WCK Feds - Coconut Vegetable Curry,1.00,Each,1.00,Each,1.00,,Inactive,=,,Inactive,=,1.00,Each,No,,,BATCH Sautéed Spinach,2.00,OZ-fl,100.0,,0.2253,0.2253,2.6125,2.6125,,0.00,,,0.00,,0.00,
MI WCK Feds - Coconut Vegetable Curry,1.00,Each,1.00,Each,1.00,,Inactive,=,,Inactive,=,1.00,Each,No,,,BATCH Basmati Rice,8.00,OZ-wt,100.0,,0.2026,0.2026,2.6125,2.6125,,0.00,,,0.00,,0.00,
MI WCK Feds - Harvest Veg Masala,1.00,Each,1.00,Each,1.00,,Inactive,=,,Inactive,=,1.00,Each,No,,,BATCH Harvest Vegetables Cooked,4.00,OZ-wt,100.0,,1.1129,1.1129,2.5432,2.5432,,0.00,,,0.00,,0.00,
MI WCK Feds - Harvest Veg Masala,1.00,Each,1.00,Each,1.00,,Inactive,=,,Inactive,=,1.00,Each,No,,,BATCH Lemon Turmeric Rice,8.00,OZ-wt,100.0,,0.2447,0.2447,2.5432,2.5432,,0.00,,,0.00,,0.00,
MI WCK Feds - Harvest Veg Masala,1.00,Each,1.00,Each,1.00,,Inactive,=,,Inactive,=,1.00,Each,No,,,BATCH Mint Cilantro Chutney,0.75,OZ-fl,100.0,,0.1390,0.1390,2.5432,2.5432,,0.00,,,0.00,,0.00,
MI WCK Feds - Harvest Veg Masala,1.00,Each,1.00,Each,1.00,,Inactive,=,,Inactive,=,1.00,Each,No,,,BATCH Indian Street Corn,1.00,OZ-fl,100.0,,0.0282,0.0282,2.5432,2.5432,,0.00,,,0.00,,0.00,
MI WCK Feds - Harvest Veg Masala,1.00,Each,1.00,Each,1.00,,Inactive,=,,Inactive,=,1.00,Each,No,,,BATCH Spiced Chickpeas,2.00,OZ-fl,100.0,,0.1244,0.1244,2.5432,2.5432,,0.00,,,0.00,,0.00,
MI WCK Feds - Harvest Veg Masala,1.00,Each,1.00,Each,1.00,,Inactive,=,,Inactive,=,1.00,Each,No,,,BATCH Tikka Masala Sauce,3.50,OZ-fl,100.0,,0.6440,0.6440,2.5432,2.5432,,0.00,,,0.00,,0.00,
MI WCK Feds - Harvest Veg Masala,1.00,Each,1.00,Each,1.00,,Inactive,=,,Inactive,=,1.00,Each,No,,,"Cont, Black 28oz with Lid",1.00,Each,100.0,,0.2500,0.2500,2.5432,2.5432,,0.00,,,0.00,,0.00,
MI WCK Feds - Paneer Butter Masala,1.00,Each,1.00,Each,1.00,,Inactive,=,,Inactive,=,1.00,Each,No,,,EVERMADE Tamarind Ginger Chutney,0.75,OZ-fl,100.0,,0.1641,0.1641,2.5448,2.5448,,0.00,,,0.00,,0.00,
MI WCK Feds - Paneer Butter Masala,1.00,Each,1.00,Each,1.00,,Inactive,=,,Inactive,=,1.00,Each,No,,,BATCH Tandoori Paneer Cooked,4.00,Each,100.0,,1.0180,1.0180,2.5448,2.5448,,0.00,,,0.00,,0.00,
MI WCK Feds - Paneer Butter Masala,1.00,Each,1.00,Each,1.00,,Inactive,=,,Inactive,=,1.00,Each,No,,,"Cont, Black 28oz with Lid",1.00,Each,100.0,,0.2500,0.2500,2.5448,2.5448,,0.00,,,0.00,,0.00,
MI WCK Feds - Paneer Butter Masala,1.00,Each,1.00,Each,1.00,,Inactive,=,,Inactive,=,1.00,Each,No,,,YIELD Cucumber Chopped,1.00,OZ-fl,100.0,,0.0265,0.0265,2.5448,2.5448,,0.00,,,0.00,,0.00,
MI WCK Feds - Paneer Butter Masala,1.00,Each,1.00,Each,1.00,,Inactive,=,,Inactive,=,1.00,Each,No,,,EVERMADE Tomato Garlic Sauce,3.50,OZ-fl,100.0,,0.6583,0.6583,2.5448,2.5448,,0.00,,,0.00,,0.00,
MI WCK Feds - Paneer Butter Masala,1.00,Each,1.00,Each,1.00,,Inactive,=,,Inactive,=,1.00,Each,No,,,BATCH Sautéed Spinach,2.00,OZ-fl,100.0,,0.2253,0.2253,2.5448,2.5448,,0.00,,,0.00,,0.00,
MI WCK Feds - Paneer Butter Masala,1.00,Each,1.00,Each,1.00,,Inactive,=,,Inactive,=,1.00,Each,No,,,BATCH Basmati Rice,8.00,OZ-wt,100.0,,0.2026,0.2026,2.5448,2.5448,,0.00,,,0.00,,0.00,
MI WCK Feds - Potato Cauli Noodles,1.00,Each,1.00,Each,1.00,,Inactive,=,,Inactive,=,1.00,Each,No,,,BATCH Cauliflower + Potato Cooked,4.00,OZ-wt,100.0,,0.8134,0.8134,2.3967,2.3967,,0.00,,,0.00,,0.00,
MI WCK Feds - Potato Cauli Noodles,1.00,Each,1.00,Each,1.00,,Inactive,=,,Inactive,=,1.00,Each,No,,,EVERMADE Tamarind Ginger Chutney,0.75,OZ-fl,100.0,,0.1641,0.1641,2.3967,2.3967,,0.00,,,0.00,,0.00,
MI WCK Feds - Potato Cauli Noodles,1.00,Each,1.00,Each,1.00,,Inactive,=,,Inactive,=,1.00,Each,No,,,BATCH Carrot Slaw,1.00,OZ-fl,100.0,,0.0534,0.0534,2.3967,2.3967,,0.00,,,0.00,,0.00,
MI WCK Feds - Potato Cauli Noodles,1.00,Each,1.00,Each,1.00,,Inactive,=,,Inactive,=,1.00,Each,No,,,EVERMADE Tamarind Chili Sauce,3.50,OZ-fl,100.0,,0.6122,0.6122,2.3967,2.3967,,0.00,,,0.00,,0.00,
MI WCK Feds - Potato Cauli Noodles,1.00,Each,1.00,Each,1.00,,Inactive,=,,Inactive,=,1.00,Each,No,,,BATCH South Indian Rice Noodles,7.00,OZ-wt,100.0,,0.3792,0.3792,2.3967,2.3967,,0.00,,,0.00,,0.00,
MI WCK Feds - Potato Cauli Noodles,1.00,Each,1.00,Each,1.00,,Inactive,=,,Inactive,=,1.00,Each,No,,,BATCH Spiced Chickpeas,2.00,OZ-fl,100.0,,0.1244,0.1244,2.3967,2.3967,,0.00,,,0.00,,0.00,
MI WCK Feds - Potato Cauli Noodles,1.00,Each,1.00,Each,1.00,,Inactive,=,,Inactive,=,1.00,Each,No,,,"Cont, Black 28oz with Lid",1.00,Each,100.0,,0.2500,0.2500,2.3967,2.3967,,0.00,,,0.00,,0.00,
MI White Claw Black Cherry 1 can,1.00,Each,1.00,Each,1.00,,Inactive,=,,Inactive,=,1.00,Each,No,,,"White Claw, Black Cherry",1.00,Can-12oz-fl,100.0,,1.5979,1.5979,1.5979,1.5979,,0.00,,,0.00,,0.00,
MI White Claw Black Cherry 6 pack,1.00,Each,1.00,Each,1.00,,Inactive,=,,Inactive,=,1.00,Each,No,,,"White Claw, Black Cherry",1.00,Can-12oz-fl,100.0,,1.5979,1.5979,1.5979,1.5979,,0.00,,,0.00,,0.00,
MI White Claw Grapefruit 1 can,1.00,Each,1.00,Each,1.00,,Inactive,=,,Inactive,=,1.00,Each,No,,,"White Claw, Grapefruit",1.00,Can-12oz-fl,100.0,,1.5979,1.5979,1.5979,1.5979,,0.00,,,0.00,,0.00,
MI White Claw Grapefruit 6 pack,1.00,Each,1.00,Each,1.00,,Inactive,=,,Inactive,=,1.00,Each,No,,,"White Claw, Grapefruit",6.00,Can-12oz-fl,100.0,,9.5875,9.5875,9.5875,9.5875,,0.00,,,0.00,,0.00,
MI Wild Kombucha Ginger,1.00,Each,1.00,Each,1.00,,Inactive,=,,Inactive,=,1.00,Each,No,,,"Kombucha, Ginger",1.00,Each,100.0,,3.2633,3.2633,3.2633,3.2633,,0.00,,,0.00,,0.00,
MI Wild Kombucha Ginger Grapefruit,1.00,Each,1.00,Each,1.00,,Inactive,=,,Inactive,=,1.00,Each,No,,,"Kombucha, Ginger Grapefruit",1.00,Each,100.0,,2.4950,2.4950,2.4950,2.4950,,0.00,,,0.00,,0.00,
MI Wild Kombucha Mango Peach,1.00,Each,1.00,Each,1.00,,Inactive,=,,Inactive,=,1.00,Each,No,,,"Kombucha, Mango Peach",1.00,Each,100.0,,3.2633,3.2633,3.2633,3.2633,,0.00,,,0.00,,0.00,
MI Wire Chafing Set - for 1,1.00,Each,1.00,Each,1.00,,Inactive,=,,Inactive,=,1.00,Each,No,,,Catering Chafing Dish Wire,0.40,Each,100.0,,1.7592,1.7592,2.2031,2.2031,,,,,,,,
MI Wire Chafing Set - for 1,1.00,Each,1.00,Each,1.00,,Inactive,=,,Inactive,=,1.00,Each,No,,,Catering Chafing Fuel,0.80,Each,100.0,,0.4439,0.4439,2.2031,2.2031,,,,,,,,
MI Wire Chafing Set - for 10,1.00,Each,1.00,Each,1.00,,Inactive,=,,Inactive,=,1.00,Each,No,,,Catering Chafing Dish Wire,4.00,Each,100.0,,17.5920,17.5920,22.0309,22.0309,,,,,,,,
MI Wire Chafing Set - for 10,1.00,Each,1.00,Each,1.00,,Inactive,=,,Inactive,=,1.00,Each,No,,,Catering Chafing Fuel,8.00,Each,100.0,,4.4389,4.4389,22.0309,22.0309,,,,,,,,
MI Worldstrides Reserved Seating,1.00,Each,1.00,Each,1.00,,Inactive,=,,Inactive,=,1.00,Each,No,,,MI Mini Samosas,0.34,Each,100.0,,0.4161,0.4161,4.2819,4.2819,,,,,,,,
MI Worldstrides Reserved Seating,1.00,Each,1.00,Each,1.00,,Inactive,=,,Inactive,=,1.00,Each,No,,,MI Garlic Naan,0.33,Each,100.0,,0.3525,0.3525,4.2819,4.2819,,,,,,,,
MI Worldstrides Reserved Seating,1.00,Each,1.00,Each,1.00,,Inactive,=,,Inactive,=,1.00,Each,No,,,MI Naan,0.33,Each,100.0,,0.3073,0.3073,4.2819,4.2819,,,,,,,,
MI Worldstrides Reserved Seating,1.00,Each,1.00,Each,1.00,,Inactive,=,,Inactive,=,1.00,Each,No,,,MI Turmeric Ginger Lemonade,1.00,Each,100.0,,0.5251,0.5251,4.2819,4.2819,,,,,,,,
MI Worldstrides Reserved Seating,1.00,Each,1.00,Each,1.00,,Inactive,=,,Inactive,=,1.00,Each,No,,,MI Masala Chai Cookies,1.00,Each,100.0,,0.3164,0.3164,4.2819,4.2819,,,,,,,,
MI Worldstrides Reserved Seating,1.00,Each,1.00,Each,1.00,,Inactive,=,,Inactive,=,1.00,Each,No,,,MI Harvest Veggies,0.11,Each,100.0,,0.1010,0.1010,4.2819,4.2819,,,,,,,,
MI Worldstrides Reserved Seating,1.00,Each,1.00,Each,1.00,,Inactive,=,,Inactive,=,1.00,Each,No,,,MI Chicken Tikka,0.89,Each,100.0,,0.5158,0.5158,4.2819,4.2819,,,,,,,,
MI Worldstrides Reserved Seating,1.00,Each,1.00,Each,1.00,,Inactive,=,,Inactive,=,1.00,Each,No,,,MI Masala Quinoa,0.06,Each,100.0,,0.0191,0.0191,4.2819,4.2819,,,,,,,,
MI Worldstrides Reserved Seating,1.00,Each,1.00,Each,1.00,,Inactive,=,,Inactive,=,1.00,Each,No,,,MI 1/2 South Indian Rice Noodles,0.06,Each,100.0,,0.0106,0.0106,4.2819,4.2819,,,,,,,,
MI Worldstrides Reserved Seating,1.00,Each,1.00,Each,1.00,,Inactive,=,,Inactive,=,1.00,Each,No,,,MI 1/2 Basmati Rice,0.08,Each,100.0,,0.0074,0.0074,4.2819,4.2819,,,,,,,,
MI Worldstrides Reserved Seating,1.00,Each,1.00,Each,1.00,,Inactive,=,,Inactive,=,1.00,Each,No,,,MI 1/2 Masala Quinoa,0.08,Each,100.0,,0.0127,0.0127,4.2819,4.2819,,,,,,,,
MI Worldstrides Reserved Seating,1.00,Each,1.00,Each,1.00,,Inactive,=,,Inactive,=,1.00,Each,No,,,MI South Indian Rice Noodles,0.09,Each,100.0,,0.0317,0.0317,4.2819,4.2819,,,,,,,,
MI Worldstrides Reserved Seating,1.00,Each,1.00,Each,1.00,,Inactive,=,,Inactive,=,1.00,Each,No,,,MI 1/2 Lemon Turmeric Rice,0.13,Each,100.0,,0.0145,0.0145,4.2819,4.2819,,,,,,,,
MI Worldstrides Reserved Seating,1.00,Each,1.00,Each,1.00,,Inactive,=,,Inactive,=,1.00,Each,No,,,MI Lemon Turmeric Rice,0.22,Each,100.0,,0.0538,0.0538,4.2819,4.2819,,,,,,,,
MI Worldstrides Reserved Seating,1.00,Each,1.00,Each,1.00,,Inactive,=,,Inactive,=,1.00,Each,No,,,MI Basmati Rice,0.28,Each,100.0,,0.0567,0.0567,4.2819,4.2819,,,,,,,,
MI Worldstrides Reserved Seating,1.00,Each,1.00,Each,1.00,,Inactive,=,,Inactive,=,1.00,Each,No,,,MI Kokum Vinaigrette Dressing,0.04,Each,100.0,,0.0033,0.0033,4.2819,4.2819,,,,,,,,
MI Worldstrides Reserved Seating,1.00,Each,1.00,Each,1.00,,Inactive,=,,Inactive,=,1.00,Each,No,,,MI Chili Lime Vinaigrette Dressing,0.11,Each,100.0,,0.0105,0.0105,4.2819,4.2819,,,,,,,,
MI Worldstrides Reserved Seating,1.00,Each,1.00,Each,1.00,,Inactive,=,,Inactive,=,1.00,Each,No,,,MI Tamarind Ginger Chutney,0.20,Each,100.0,,0.0286,0.0286,4.2819,4.2819,,,,,,,,
MI Worldstrides Reserved Seating,1.00,Each,1.00,Each,1.00,,Inactive,=,,Inactive,=,1.00,Each,No,,,MI Mint Cilantro Chutney,0.29,Each,100.0,,0.0538,0.0538,4.2819,4.2819,,,,,,,,
MI Worldstrides Reserved Seating,1.00,Each,1.00,Each,1.00,,Inactive,=,,Inactive,=,1.00,Each,No,,,MI Toasted Cumin Yogurt,0.29,Each,100.0,,0.0258,0.0258,4.2819,4.2819,,,,,,,,
MI Worldstrides Reserved Seating,1.00,Each,1.00,Each,1.00,,Inactive,=,,Inactive,=,1.00,Each,No,,,MI Shredded Romaine,0.02,Each,100.0,,0.0023,0.0023,4.2819,4.2819,,,,,,,,
MI Worldstrides Reserved Seating,1.00,Each,1.00,Each,1.00,,Inactive,=,,Inactive,=,1.00,Each,No,,,MI Chickpea Noodles,0.03,Each,100.0,,0.0003,0.0003,4.2819,4.2819,,,,,,,,
MI Worldstrides Reserved Seating,1.00,Each,1.00,Each,1.00,,Inactive,=,,Inactive,=,1.00,Each,No,,,MI Lentil Chips,0.03,Each,100.0,,0.0012,0.0012,4.2819,4.2819,,,,,,,,
MI Worldstrides Reserved Seating,1.00,Each,1.00,Each,1.00,,Inactive,=,,Inactive,=,1.00,Each,No,,,MI Shredded Paneer,0.07,Each,100.0,,0.0145,0.0145,4.2819,4.2819,,,,,,,,
MI Worldstrides Reserved Seating,1.00,Each,1.00,Each,1.00,,Inactive,=,,Inactive,=,1.00,Each,No,,,MI Roasted Lentils,0.08,Each,100.0,,0.0006,0.0006,4.2819,4.2819,,,,,,,,
MI Worldstrides Reserved Seating,1.00,Each,1.00,Each,1.00,,Inactive,=,,Inactive,=,1.00,Each,No,,,MI Chopped Cilantro,0.09,Each,100.0,,0.0028,0.0028,4.2819,4.2819,,,,,,,,
MI Worldstrides Reserved Seating,1.00,Each,1.00,Each,1.00,,Inactive,=,,Inactive,=,1.00,Each,No,,,MI Mango Salsa,0.09,Each,100.0,,0.0296,0.0296,4.2819,4.2819,,,,,,,,
MI Worldstrides Reserved Seating,1.00,Each,1.00,Each,1.00,,Inactive,=,,Inactive,=,1.00,Each,No,,,MI Kachumber Salad,0.09,Each,100.0,,0.0037,0.0037,4.2819,4.2819,,,,,,,,
MI Worldstrides Reserved Seating,1.00,Each,1.00,Each,1.00,,Inactive,=,,Inactive,=,1.00,Each,No,,,MI Carrot Slaw,0.10,Each,100.0,,0.0045,0.0045,4.2819,4.2819,,,,,,,,
MI Worldstrides Reserved Seating,1.00,Each,1.00,Each,1.00,,Inactive,=,,Inactive,=,1.00,Each,No,,,MI Cucumber Cubes,0.12,Each,100.0,,0.0019,0.0019,4.2819,4.2819,,,,,,,,
MI Worldstrides Reserved Seating,1.00,Each,1.00,Each,1.00,,Inactive,=,,Inactive,=,1.00,Each,No,,,MI Pickled Onions,0.12,Each,100.0,,0.0075,0.0075,4.2819,4.2819,,,,,,,,
MI Worldstrides Reserved Seating,1.00,Each,1.00,Each,1.00,,Inactive,=,,Inactive,=,1.00,Each,No,,,MI Indian Street Corn,0.14,Each,100.0,,0.0016,0.0016,4.2819,4.2819,,,,,,,,
MI Worldstrides Reserved Seating,1.00,Each,1.00,Each,1.00,,Inactive,=,,Inactive,=,1.00,Each,No,,,MI Sautéed Spinach,0.43,Each,100.0,,0.1094,0.1094,4.2819,4.2819,,,,,,,,
MI Worldstrides Reserved Seating,1.00,Each,1.00,Each,1.00,,Inactive,=,,Inactive,=,1.00,Each,No,,,MI Spiced Chickpeas,0.54,Each,100.0,,0.0744,0.0744,4.2819,4.2819,,,,,,,,
MI Worldstrides Reserved Seating,1.00,Each,1.00,Each,1.00,,Inactive,=,,Inactive,=,1.00,Each,No,,,MI Peanut Sesame Sauce,0.11,Each,100.0,,0.0584,0.0584,4.2819,4.2819,,,,,,,,
MI Worldstrides Reserved Seating,1.00,Each,1.00,Each,1.00,,Inactive,=,,Inactive,=,1.00,Each,No,,,MI Coconut Ginger Sauce,0.14,Each,100.0,,0.1120,0.1120,4.2819,4.2819,,,,,,,,
MI Worldstrides Reserved Seating,1.00,Each,1.00,Each,1.00,,Inactive,=,,Inactive,=,1.00,Each,No,,,MI Tamarind Chili Sauce,0.16,Each,100.0,,0.1119,0.1119,4.2819,4.2819,,,,,,,,
MI Worldstrides Reserved Seating,1.00,Each,1.00,Each,1.00,,Inactive,=,,Inactive,=,1.00,Each,No,,,MI Tikka Masala Sauce,0.24,Each,100.0,,0.1766,0.1766,4.2819,4.2819,,,,,,,,
MI Worldstrides Reserved Seating,1.00,Each,1.00,Each,1.00,,Inactive,=,,Inactive,=,1.00,Each,No,,,MI Tomato Garlic Sauce,0.29,Each,100.0,,0.2182,0.2182,4.2819,4.2819,,,,,,,,
MI Worldstrides Reserved Seating,1.00,Each,1.00,Each,1.00,,Inactive,=,,Inactive,=,1.00,Each,No,,,MI To Go Bowl Disposables - In House,1.00,Each,100.0,,0.4878,0.4878,4.2819,4.2819,,,,,,,,
MI Zerocater Aloo Need Is Love,1.00,Each,1.00,Each,1.00,,Inactive,=,,Inactive,=,1.00,Each,No,,,EVERMADE Coconut Ginger Sauce,4.00,OZ-fl,100.0,,0.7998,0.7998,2.5580,2.5580,,0.00,,,0.00,,0.00,
MI Zerocater Aloo Need Is Love,1.00,Each,1.00,Each,1.00,,Inactive,=,,Inactive,=,1.00,Each,No,,,EVERMADE Tamarind Ginger Chutney,0.80,OZ-wt,100.0,,0.1429,0.1429,2.5580,2.5580,,0.00,,,0.00,,0.00,
MI Zerocater Aloo Need Is Love,1.00,Each,1.00,Each,1.00,,Inactive,=,,Inactive,=,1.00,Each,No,,,MI To Go Bowl Disposables - Online,1.00,Each,100.0,,0.6065,0.6065,2.5580,2.5580,,0.00,,,0.00,,0.00,
MI Zerocater Aloo Need Is Love,1.00,Each,1.00,Each,1.00,,Inactive,=,,Inactive,=,1.00,Each,No,,,BATCH Roasted Lentils,0.05,OZ-wt,100.0,,0.0078,0.0078,2.5580,2.5580,,0.00,,,0.00,,0.00,
MI Zerocater Aloo Need Is Love,1.00,Each,1.00,Each,1.00,,Inactive,=,,Inactive,=,1.00,Each,No,,,BATCH Pickled Radish,0.50,OZ-wt,100.0,,0.0184,0.0184,2.5580,2.5580,,0.00,,,0.00,,0.00,
MI Zerocater Aloo Need Is Love,1.00,Each,1.00,Each,1.00,,Inactive,=,,Inactive,=,1.00,Each,No,,,BATCH Masala Beets,0.50,OZ-wt,100.0,,0.0967,0.0967,2.5580,2.5580,,0.00,,,0.00,,0.00,
MI Zerocater Aloo Need Is Love,1.00,Each,1.00,Each,1.00,,Inactive,=,,Inactive,=,1.00,Each,No,,,YIELD Cucumber Chopped,0.50,OZ-wt,100.0,,0.0161,0.0161,2.5580,2.5580,,0.00,,,0.00,,0.00,
MI Zerocater Aloo Need Is Love,1.00,Each,1.00,Each,1.00,,Inactive,=,,Inactive,=,1.00,Each,No,,,BATCH Eggplant Cooked,1.50,OZ-wt,100.0,,0.2906,0.2906,2.5580,2.5580,,0.00,,,0.00,,0.00,
MI Zerocater Aloo Need Is Love,1.00,Each,1.00,Each,1.00,,Inactive,=,,Inactive,=,1.00,Each,No,,,BATCH Sweet Potato Tikki,3.20,OZ-wt,100.0,,0.3559,0.3559,2.5580,2.5580,,0.00,,,0.00,,0.00,
MI Zerocater Aloo Need Is Love,1.00,Each,1.00,Each,1.00,,Inactive,=,,Inactive,=,1.00,Each,No,,,BATCH Lemon Turmeric Rice,7.30,OZ-wt,100.0,,0.2233,0.2233,2.5580,2.5580,,0.00,,,0.00,,0.00,
MI Zerocater Avocado,1.00,Each,1.00,Each,1.00,,Inactive,=,,Inactive,=,1.00,Each,No,,,Avocado,0.50,Each,100.0,,0.3568,0.3568,0.3568,0.3568,,,,,,,,
MI Zerocater Carrot Slaw,1.00,Each,1.00,Each,1.00,,Inactive,=,,Inactive,=,1.00,Each,No,,,BATCH Carrot Slaw,0.50,OZ-wt,100.0,,0.0454,0.0454,0.0454,0.0454,,,,,,,,
MI Zerocater Chicken Tikka,1.00,Each,1.00,Each,1.00,,Inactive,=,,Inactive,=,1.00,Each,No,,,BATCH Chicken Tikka Cooked New,4.00,OZ-wt,100.0,,0.5795,0.5795,0.5795,0.5795,,,,,,,,
MI Zerocater Chili Lime Vinaigrette,1.00,Each,1.00,Each,1.00,,Inactive,=,,Inactive,=,1.00,Each,No,,,BATCH House Vinaigrette,1.00,OZ-fl,100.0,,0.0959,0.0959,0.0959,0.0959,,,,,,,,
MI Zerocater Cilantro,1.00,Each,1.00,Each,1.00,,Inactive,=,,Inactive,=,1.00,Each,No,,,YIELD Cilantro Chopped,0.50,OZ-wt,100.0,,0.1884,0.1884,0.1884,0.1884,,,,,,,,
MI Zerocater Coconut Ginger,1.00,Each,1.00,Each,1.00,,Inactive,=,,Inactive,=,1.00,Each,No,,,EVERMADE Coconut Ginger Sauce,4.00,OZ-fl,100.0,,0.7998,0.7998,0.7998,0.7998,,,,,,,,
MI Zerocater Composed Salad,1.00,Each,1.00,Each,1.00,,Inactive,=,,Inactive,=,1.00,Each,No,,,BATCH House Vinaigrette,8.00,OZ-fl,100.0,,0.7670,0.7670,9.3543,9.3543,,,,,,,,
MI Zerocater Composed Salad,1.00,Each,1.00,Each,1.00,,Inactive,=,,Inactive,=,1.00,Each,No,,,YIELD Cilantro Chopped,1.00,OZ-wt,100.0,,0.3768,0.3768,9.3543,9.3543,,,,,,,,
MI Zerocater Composed Salad,1.00,Each,1.00,Each,1.00,,Inactive,=,,Inactive,=,1.00,Each,No,,,BATCH Roasted Lentils,6.00,OZ-wt,100.0,,0.9321,0.9321,9.3543,9.3543,,,,,,,,
MI Zerocater Composed Salad,1.00,Each,1.00,Each,1.00,,Inactive,=,,Inactive,=,1.00,Each,No,,,BATCH Pickled Onions,2.00,OZ-wt,100.0,,0.1698,0.1698,9.3543,9.3543,,,,,,,,
MI Zerocater Composed Salad,1.00,Each,1.00,Each,1.00,,Inactive,=,,Inactive,=,1.00,Each,No,,,BATCH Carrot Slaw,5.00,OZ-wt,100.0,,0.4543,0.4543,9.3543,9.3543,,,,,,,,
MI Zerocater Composed Salad,1.00,Each,1.00,Each,1.00,,Inactive,=,,Inactive,=,1.00,Each,No,,,BATCH Kachumber Salad,8.00,OZ-wt,100.0,,0.6533,0.6533,9.3543,9.3543,,,,,,,,
MI Zerocater Composed Salad,1.00,Each,1.00,Each,1.00,,Inactive,=,,Inactive,=,1.00,Each,No,,,Arugula,12.00,OZ-wt,100.0,,3.1875,3.1875,9.3543,9.3543,,,,,,,,
MI Zerocater Composed Salad,1.00,Each,1.00,Each,1.00,,Inactive,=,,Inactive,=,1.00,Each,No,,,YIELD Romaine Chopped,18.00,OZ-wt,100.0,,2.8135,2.8135,9.3543,9.3543,,,,,,,,
MI Zerocater Greens and Grains Chicken Bowl,1.00,Each,1.00,Each,1.00,,Inactive,=,,Inactive,=,1.00,Each,No,,,EVERMADE Tomato Garlic Sauce,4.00,OZ-fl,100.0,,0.7524,0.7524,3.2609,3.2609,,0.00,,,0.00,,0.00,
MI Zerocater Greens and Grains Chicken Bowl,1.00,Each,1.00,Each,1.00,,Inactive,=,,Inactive,=,1.00,Each,No,,,BATCH Supergrains,3.55,OZ-wt,100.0,,0.1768,0.1768,3.2609,3.2609,,0.00,,,0.00,,0.00,
MI Zerocater Greens and Grains Chicken Bowl,1.00,Each,1.00,Each,1.00,,Inactive,=,,Inactive,=,1.00,Each,No,,,MI To Go Bowl Disposables - In House,1.00,Each,100.0,,0.4878,0.4878,3.2609,3.2609,,0.00,,,0.00,,0.00,
MI Zerocater Greens and Grains Chicken Bowl,1.00,Each,1.00,Each,1.00,,Inactive,=,,Inactive,=,1.00,Each,No,,,BATCH Pickled Onions,0.50,OZ-wt,100.0,,0.0425,0.0425,3.2609,3.2609,,0.00,,,0.00,,0.00,
MI Zerocater Greens and Grains Chicken Bowl,1.00,Each,1.00,Each,1.00,,Inactive,=,,Inactive,=,1.00,Each,No,,,YIELD Cucumber Chopped,0.50,OZ-wt,100.0,,0.0161,0.0161,3.2609,3.2609,,0.00,,,0.00,,0.00,
MI Zerocater Greens and Grains Chicken Bowl,1.00,Each,1.00,Each,1.00,,Inactive,=,,Inactive,=,1.00,Each,No,,,BATCH Tossed Green Beans,2.50,OZ-wt,100.0,,0.7339,0.7339,3.2609,3.2609,,0.00,,,0.00,,0.00,
MI Zerocater Greens and Grains Chicken Bowl,1.00,Each,1.00,Each,1.00,,Inactive,=,,Inactive,=,1.00,Each,No,,,BATCH Chicken Tikka Cooked New,4.00,OZ-wt,100.0,,0.5795,0.5795,3.2609,3.2609,,0.00,,,0.00,,0.00,
MI Zerocater Greens and Grains Chicken Bowl,1.00,Each,1.00,Each,1.00,,Inactive,=,,Inactive,=,1.00,Each,No,,,"Lettuce, Arcadian",1.90,OZ-wt,100.0,,0.3760,0.3760,3.2609,3.2609,,0.00,,,0.00,,0.00,
MI Zerocater Greens and Grains Chicken Bowl,1.00,Each,1.00,Each,1.00,,Inactive,=,,Inactive,=,1.00,Each,No,,,BATCH House Vinaigrette,1.00,OZ-fl,100.0,,0.0959,0.0959,3.2609,3.2609,,0.00,,,0.00,,0.00,
MI Zerocater Greens and Grains Potato Bowl,1.00,Each,1.00,Each,1.00,,Inactive,=,,Inactive,=,1.00,Each,No,,,BATCH Spiced Chickpeas,2.00,OZ-wt,100.0,,0.0889,0.0889,2.3748,2.3748,,0.00,,,0.00,,0.00,
MI Zerocater Greens and Grains Potato Bowl,1.00,Each,1.00,Each,1.00,,Inactive,=,,Inactive,=,1.00,Each,No,,,BATCH Masala Quinoa,4.00,OZ-wt,100.0,,0.1593,0.1593,2.3748,2.3748,,0.00,,,0.00,,0.00,
MI Zerocater Greens and Grains Potato Bowl,1.00,Each,1.00,Each,1.00,,Inactive,=,,Inactive,=,1.00,Each,No,,,EVERMADE Tomato Garlic Sauce,4.00,OZ-fl,100.0,,0.7524,0.7524,2.3748,2.3748,,0.00,,,0.00,,0.00,
MI Zerocater Greens and Grains Potato Bowl,1.00,Each,1.00,Each,1.00,,Inactive,=,,Inactive,=,1.00,Each,No,,,BATCH Sweet Potato Tikki,4.00,Each,100.0,,0.3559,0.3559,2.3748,2.3748,,0.00,,,0.00,,0.00,
MI Zerocater Greens and Grains Potato Bowl,1.00,Each,1.00,Each,1.00,,Inactive,=,,Inactive,=,1.00,Each,No,,,MI To Go Bowl Disposables - In House,1.00,Each,100.0,,0.4878,0.4878,2.3748,2.3748,,0.00,,,0.00,,0.00,
MI Zerocater Greens and Grains Potato Bowl,1.00,Each,1.00,Each,1.00,,Inactive,=,,Inactive,=,1.00,Each,No,,,BATCH Pickled Onions,0.50,OZ-wt,100.0,,0.0425,0.0425,2.3748,2.3748,,0.00,,,0.00,,0.00,
MI Zerocater Greens and Grains Potato Bowl,1.00,Each,1.00,Each,1.00,,Inactive,=,,Inactive,=,1.00,Each,No,,,YIELD Cucumber Chopped,0.50,OZ-wt,100.0,,0.0161,0.0161,2.3748,2.3748,,0.00,,,0.00,,0.00,
MI Zerocater Greens and Grains Potato Bowl,1.00,Each,1.00,Each,1.00,,Inactive,=,,Inactive,=,1.00,Each,No,,,"Lettuce, Arcadian",1.90,OZ-wt,100.0,,0.3760,0.3760,2.3748,2.3748,,0.00,,,0.00,,0.00,
MI Zerocater Greens and Grains Potato Bowl,1.00,Each,1.00,Each,1.00,,Inactive,=,,Inactive,=,1.00,Each,No,,,BATCH House Vinaigrette,1.00,OZ-fl,100.0,,0.0959,0.0959,2.3748,2.3748,,0.00,,,0.00,,0.00,
MI Zerocater Home Cooking Chicken Bowl,1.00,Each,1.00,Each,1.00,,Inactive,=,,Inactive,=,1.00,Each,No,,,EVERMADE Tamarind Ginger Chutney,0.80,OZ-wt,100.0,,0.1429,0.1429,3.0769,3.0769,,0.00,,,0.00,,0.00,
MI Zerocater Home Cooking Chicken Bowl,1.00,Each,1.00,Each,1.00,,Inactive,=,,Inactive,=,1.00,Each,No,,,EVERMADE Tamarind Chili Sauce,4.00,OZ-fl,100.0,,0.6996,0.6996,3.0769,3.0769,,0.00,,,0.00,,0.00,
MI Zerocater Home Cooking Chicken Bowl,1.00,Each,1.00,Each,1.00,,Inactive,=,,Inactive,=,1.00,Each,No,,,BATCH Chicken Tikka Cooked New,4.00,OZ-wt,100.0,,0.5795,0.5795,3.0769,3.0769,,0.00,,,0.00,,0.00,
MI Zerocater Home Cooking Chicken Bowl,1.00,Each,1.00,Each,1.00,,Inactive,=,,Inactive,=,1.00,Each,No,,,BATCH Spiced Chickpeas,3.10,OZ-wt,100.0,,0.1377,0.1377,3.0769,3.0769,,0.00,,,0.00,,0.00,
MI Zerocater Home Cooking Chicken Bowl,1.00,Each,1.00,Each,1.00,,Inactive,=,,Inactive,=,1.00,Each,No,,,MI To Go Bowl Disposables - Online,1.00,Each,100.0,,0.6065,0.6065,3.0769,3.0769,,0.00,,,0.00,,0.00,
MI Zerocater Home Cooking Chicken Bowl,1.00,Each,1.00,Each,1.00,,Inactive,=,,Inactive,=,1.00,Each,No,,,BATCH Mango Salsa,0.50,OZ-wt,100.0,,0.3291,0.3291,3.0769,3.0769,,0.00,,,0.00,,0.00,
MI Zerocater Home Cooking Chicken Bowl,1.00,Each,1.00,Each,1.00,,Inactive,=,,Inactive,=,1.00,Each,No,,,BATCH South Indian Rice Noodles,6.50,OZ-wt,100.0,,0.3521,0.3521,3.0769,3.0769,,0.00,,,0.00,,0.00,
MI Zerocater Home Cooking Chicken Bowl,1.00,Each,1.00,Each,1.00,,Inactive,=,,Inactive,=,1.00,Each,No,,,MOBYS Mango Coconut Yogurt,1.00,OZ-fl,100.0,,0.2295,0.2295,3.0769,3.0769,,0.00,,,0.00,,0.00,
MI Zerocater Home Cooking Shrimp Bowl,1.00,Each,1.00,Each,1.00,,Inactive,=,,Inactive,=,1.00,Each,No,,,EVERMADE Tamarind Chili Sauce,4.00,OZ-fl,100.0,,0.6996,0.6996,5.3584,5.3584,,0.00,,,0.00,,0.00,
MI Zerocater Home Cooking Shrimp Bowl,1.00,Each,1.00,Each,1.00,,Inactive,=,,Inactive,=,1.00,Each,No,,,EVERMADE Tamarind Ginger Chutney,0.80,OZ-wt,100.0,,0.1429,0.1429,5.3584,5.3584,,0.00,,,0.00,,0.00,
MI Zerocater Home Cooking Shrimp Bowl,1.00,Each,1.00,Each,1.00,,Inactive,=,,Inactive,=,1.00,Each,No,,,BATCH Spiced Chickpeas,3.10,OZ-wt,100.0,,0.1377,0.1377,5.3584,5.3584,,0.00,,,0.00,,0.00,
MI Zerocater Home Cooking Shrimp Bowl,1.00,Each,1.00,Each,1.00,,Inactive,=,,Inactive,=,1.00,Each,No,,,MI To Go Bowl Disposables - Online,1.00,Each,100.0,,0.6065,0.6065,5.3584,5.3584,,0.00,,,0.00,,0.00,
MI Zerocater Home Cooking Shrimp Bowl,1.00,Each,1.00,Each,1.00,,Inactive,=,,Inactive,=,1.00,Each,No,,,BATCH Shrimp Cooked,6.00,Each,100.0,,2.8610,2.8610,5.3584,5.3584,,0.00,,,0.00,,0.00,
MI Zerocater Home Cooking Shrimp Bowl,1.00,Each,1.00,Each,1.00,,Inactive,=,,Inactive,=,1.00,Each,No,,,BATCH Mango Salsa,0.50,OZ-wt,100.0,,0.3291,0.3291,5.3584,5.3584,,0.00,,,0.00,,0.00,
MI Zerocater Home Cooking Shrimp Bowl,1.00,Each,1.00,Each,1.00,,Inactive,=,,Inactive,=,1.00,Each,No,,,BATCH South Indian Rice Noodles,6.50,OZ-wt,100.0,,0.3521,0.3521,5.3584,5.3584,,0.00,,,0.00,,0.00,
MI Zerocater Home Cooking Shrimp Bowl,1.00,Each,1.00,Each,1.00,,Inactive,=,,Inactive,=,1.00,Each,No,,,MOBYS Mango Coconut Yogurt,1.00,OZ-fl,100.0,,0.2295,0.2295,5.3584,5.3584,,0.00,,,0.00,,0.00,
MI Zerocater Indian Street Corn,1.00,Each,1.00,Each,1.00,,Inactive,=,,Inactive,=,1.00,Each,No,,,BATCH Indian Street Corn,0.50,OZ-wt,100.0,,0.0117,0.0117,0.0117,0.0117,,,,,,,,
MI Zerocater Kachumber Salad,1.00,Each,1.00,Each,1.00,,Inactive,=,,Inactive,=,1.00,Each,No,,,BATCH Kachumber Salad,0.50,OZ-wt,100.0,,0.0408,0.0408,0.0408,0.0408,,,,,,,,
MI Zerocater Lamb Kebab Meatballs,1.00,Each,1.00,Each,1.00,,Inactive,=,,Inactive,=,1.00,Each,No,,,BATCH Lamb Kebab Meatballs Cooked,4.00,Each,100.0,,2.2442,2.2442,2.2442,2.2442,,,,,,,,
MI Zerocater Lemon Turmeric Rice,1.00,Each,1.00,Each,1.00,,Inactive,=,,Inactive,=,1.00,Each,No,,,BATCH Lemon Turmeric Rice,8.00,OZ-wt,100.0,,0.2447,0.2447,0.2447,0.2447,,,,,,,,
MI Zerocater Lentil Chips,1.00,Each,1.00,Each,1.00,,Inactive,=,,Inactive,=,1.00,Each,No,,,Papad Lentil Chips,0.50,Each,100.0,,0.0416,0.0416,0.0416,0.0416,,,,,,,,
MI Zerocater Masala Beets,1.00,Each,1.00,Each,1.00,,Inactive,=,,Inactive,=,1.00,Each,No,,,BATCH Masala Beets,0.50,OZ-wt,100.0,,0.0967,0.0967,0.0967,0.0967,,,,,,,,
MI Zerocater Mint Cilantro,1.00,Each,1.00,Each,1.00,,Inactive,=,,Inactive,=,1.00,Each,No,,,BATCH Mint Cilantro Chutney,1.00,OZ-fl,100.0,,0.1854,0.1854,0.1854,0.1854,,,,,,,,
MI Zerocater Mixed Greens Chicken Bowl,1.00,Each,1.00,Each,1.00,,Inactive,=,,Inactive,=,1.00,Each,No,,,EVERMADE Tomato Garlic Sauce,4.00,OZ-fl,100.0,,0.7524,0.7524,3.4602,3.4602,,0.00,,,0.00,,0.00,
MI Zerocater Mixed Greens Chicken Bowl,1.00,Each,1.00,Each,1.00,,Inactive,=,,Inactive,=,1.00,Each,No,,,MI To Go Bowl Disposables - In House,1.00,Each,100.0,,0.4878,0.4878,3.4602,3.4602,,0.00,,,0.00,,0.00,
MI Zerocater Mixed Greens Chicken Bowl,1.00,Each,1.00,Each,1.00,,Inactive,=,,Inactive,=,1.00,Each,No,,,"Lettuce, Arcadian",3.80,OZ-wt,100.0,,0.7521,0.7521,3.4602,3.4602,,0.00,,,0.00,,0.00,
MI Zerocater Mixed Greens Chicken Bowl,1.00,Each,1.00,Each,1.00,,Inactive,=,,Inactive,=,1.00,Each,No,,,BATCH Chicken Tikka Cooked New,4.00,OZ-wt,100.0,,0.5795,0.5795,3.4602,3.4602,,0.00,,,0.00,,0.00,
MI Zerocater Mixed Greens Chicken Bowl,1.00,Each,1.00,Each,1.00,,Inactive,=,,Inactive,=,1.00,Each,No,,,BATCH Tossed Green Beans,2.50,OZ-wt,100.0,,0.7339,0.7339,3.4602,3.4602,,0.00,,,0.00,,0.00,
MI Zerocater Mixed Greens Chicken Bowl,1.00,Each,1.00,Each,1.00,,Inactive,=,,Inactive,=,1.00,Each,No,,,YIELD Cucumber Chopped,0.50,OZ-wt,100.0,,0.0161,0.0161,3.4602,3.4602,,0.00,,,0.00,,0.00,
MI Zerocater Mixed Greens Chicken Bowl,1.00,Each,1.00,Each,1.00,,Inactive,=,,Inactive,=,1.00,Each,No,,,BATCH Pickled Onions,0.50,OZ-wt,100.0,,0.0425,0.0425,3.4602,3.4602,,0.00,,,0.00,,0.00,
MI Zerocater Mixed Greens Chicken Bowl,1.00,Each,1.00,Each,1.00,,Inactive,=,,Inactive,=,1.00,Each,No,,,BATCH House Vinaigrette,1.00,OZ-fl,100.0,,0.0959,0.0959,3.4602,3.4602,,0.00,,,0.00,,0.00,
MI Zerocater Mixed Greens Lamb Bowl,1.00,Each,1.00,Each,1.00,,Inactive,=,,Inactive,=,1.00,Each,No,,,BATCH Lamb Kebab Meatballs Cooked,4.00,Each,100.0,,2.2442,2.2442,5.1249,5.1249,,0.00,,,0.00,,0.00,
MI Zerocater Mixed Greens Lamb Bowl,1.00,Each,1.00,Each,1.00,,Inactive,=,,Inactive,=,1.00,Each,No,,,EVERMADE Tomato Garlic Sauce,4.00,OZ-fl,100.0,,0.7524,0.7524,5.1249,5.1249,,0.00,,,0.00,,0.00,
MI Zerocater Mixed Greens Lamb Bowl,1.00,Each,1.00,Each,1.00,,Inactive,=,,Inactive,=,1.00,Each,No,,,MI To Go Bowl Disposables - In House,1.00,Each,100.0,,0.4878,0.4878,5.1249,5.1249,,0.00,,,0.00,,0.00,
MI Zerocater Mixed Greens Lamb Bowl,1.00,Each,1.00,Each,1.00,,Inactive,=,,Inactive,=,1.00,Each,No,,,BATCH Pickled Onions,0.50,OZ-wt,100.0,,0.0425,0.0425,5.1249,5.1249,,0.00,,,0.00,,0.00,
MI Zerocater Mixed Greens Lamb Bowl,1.00,Each,1.00,Each,1.00,,Inactive,=,,Inactive,=,1.00,Each,No,,,YIELD Cucumber Chopped,0.50,OZ-wt,100.0,,0.0161,0.0161,5.1249,5.1249,,0.00,,,0.00,,0.00,
MI Zerocater Mixed Greens Lamb Bowl,1.00,Each,1.00,Each,1.00,,Inactive,=,,Inactive,=,1.00,Each,No,,,BATCH Tossed Green Beans,2.50,OZ-wt,100.0,,0.7339,0.7339,5.1249,5.1249,,0.00,,,0.00,,0.00,
MI Zerocater Mixed Greens Lamb Bowl,1.00,Each,1.00,Each,1.00,,Inactive,=,,Inactive,=,1.00,Each,No,,,"Lettuce, Arcadian",3.80,OZ-wt,100.0,,0.7521,0.7521,5.1249,5.1249,,0.00,,,0.00,,0.00,
MI Zerocater Mixed Greens Lamb Bowl,1.00,Each,1.00,Each,1.00,,Inactive,=,,Inactive,=,1.00,Each,No,,,BATCH House Vinaigrette,1.00,OZ-fl,100.0,,0.0959,0.0959,5.1249,5.1249,,0.00,,,0.00,,0.00,
MI Zerocater Mixed Greens Potato Bowl,1.00,Each,1.00,Each,1.00,,Inactive,=,,Inactive,=,1.00,Each,No,,,EVERMADE Tomato Garlic Sauce,4.00,OZ-fl,100.0,,0.7524,0.7524,3.2366,3.2366,,0.00,,,0.00,,0.00,
MI Zerocater Mixed Greens Potato Bowl,1.00,Each,1.00,Each,1.00,,Inactive,=,,Inactive,=,1.00,Each,No,,,BATCH Sweet Potato Tikki,4.00,Each,100.0,,0.3559,0.3559,3.2366,3.2366,,0.00,,,0.00,,0.00,
MI Zerocater Mixed Greens Potato Bowl,1.00,Each,1.00,Each,1.00,,Inactive,=,,Inactive,=,1.00,Each,No,,,MI To Go Bowl Disposables - In House,1.00,Each,100.0,,0.4878,0.4878,3.2366,3.2366,,0.00,,,0.00,,0.00,
MI Zerocater Mixed Greens Potato Bowl,1.00,Each,1.00,Each,1.00,,Inactive,=,,Inactive,=,1.00,Each,No,,,BATCH Pickled Onions,0.50,OZ-wt,100.0,,0.0425,0.0425,3.2366,3.2366,,0.00,,,0.00,,0.00,
MI Zerocater Mixed Greens Potato Bowl,1.00,Each,1.00,Each,1.00,,Inactive,=,,Inactive,=,1.00,Each,No,,,YIELD Cucumber Chopped,0.50,OZ-wt,100.0,,0.0161,0.0161,3.2366,3.2366,,0.00,,,0.00,,0.00,
MI Zerocater Mixed Greens Potato Bowl,1.00,Each,1.00,Each,1.00,,Inactive,=,,Inactive,=,1.00,Each,No,,,BATCH Tossed Green Beans,2.50,OZ-wt,100.0,,0.7339,0.7339,3.2366,3.2366,,0.00,,,0.00,,0.00,
MI Zerocater Mixed Greens Potato Bowl,1.00,Each,1.00,Each,1.00,,Inactive,=,,Inactive,=,1.00,Each,No,,,"Lettuce, Arcadian",3.80,OZ-wt,100.0,,0.7521,0.7521,3.2366,3.2366,,0.00,,,0.00,,0.00,
MI Zerocater Mixed Greens Potato Bowl,1.00,Each,1.00,Each,1.00,,Inactive,=,,Inactive,=,1.00,Each,No,,,BATCH House Vinaigrette,1.00,OZ-fl,100.0,,0.0959,0.0959,3.2366,3.2366,,0.00,,,0.00,,0.00,
MI Zerocater Mixed Greens Shrimp Bowl,1.00,Each,1.00,Each,1.00,,Inactive,=,,Inactive,=,1.00,Each,No,,,EVERMADE Tomato Garlic Sauce,4.00,OZ-fl,100.0,,0.7524,0.7524,5.7417,5.7417,,0.00,,,0.00,,0.00,
MI Zerocater Mixed Greens Shrimp Bowl,1.00,Each,1.00,Each,1.00,,Inactive,=,,Inactive,=,1.00,Each,No,,,BATCH Shrimp Cooked,6.00,Each,100.0,,2.8610,2.8610,5.7417,5.7417,,0.00,,,0.00,,0.00,
MI Zerocater Mixed Greens Shrimp Bowl,1.00,Each,1.00,Each,1.00,,Inactive,=,,Inactive,=,1.00,Each,No,,,MI To Go Bowl Disposables - In House,1.00,Each,100.0,,0.4878,0.4878,5.7417,5.7417,,0.00,,,0.00,,0.00,
MI Zerocater Mixed Greens Shrimp Bowl,1.00,Each,1.00,Each,1.00,,Inactive,=,,Inactive,=,1.00,Each,No,,,BATCH Pickled Onions,0.50,OZ-wt,100.0,,0.0425,0.0425,5.7417,5.7417,,0.00,,,0.00,,0.00,
MI Zerocater Mixed Greens Shrimp Bowl,1.00,Each,1.00,Each,1.00,,Inactive,=,,Inactive,=,1.00,Each,No,,,YIELD Cucumber Chopped,0.50,OZ-wt,100.0,,0.0161,0.0161,5.7417,5.7417,,0.00,,,0.00,,0.00,
MI Zerocater Mixed Greens Shrimp Bowl,1.00,Each,1.00,Each,1.00,,Inactive,=,,Inactive,=,1.00,Each,No,,,BATCH Tossed Green Beans,2.50,OZ-wt,100.0,,0.7339,0.7339,5.7417,5.7417,,0.00,,,0.00,,0.00,
MI Zerocater Mixed Greens Shrimp Bowl,1.00,Each,1.00,Each,1.00,,Inactive,=,,Inactive,=,1.00,Each,No,,,"Lettuce, Arcadian",3.80,OZ-wt,100.0,,0.7521,0.7521,5.7417,5.7417,,0.00,,,0.00,,0.00,
MI Zerocater Mixed Greens Shrimp Bowl,1.00,Each,1.00,Each,1.00,,Inactive,=,,Inactive,=,1.00,Each,No,,,BATCH House Vinaigrette,1.00,OZ-fl,100.0,,0.0959,0.0959,5.7417,5.7417,,0.00,,,0.00,,0.00,
MI Zerocater Mixed Greens Veggie Bowl,1.00,Each,1.00,Each,1.00,,Inactive,=,,Inactive,=,1.00,Each,No,,,EVERMADE Tomato Garlic Sauce,4.00,OZ-fl,100.0,,0.7524,0.7524,3.7989,3.7989,,0.00,,,0.00,,0.00,
MI Zerocater Mixed Greens Veggie Bowl,1.00,Each,1.00,Each,1.00,,Inactive,=,,Inactive,=,1.00,Each,No,,,BATCH Harvest Vegetables Cooked,3.30,OZ-wt,100.0,,0.9182,0.9182,3.7989,3.7989,,0.00,,,0.00,,0.00,
MI Zerocater Mixed Greens Veggie Bowl,1.00,Each,1.00,Each,1.00,,Inactive,=,,Inactive,=,1.00,Each,No,,,MI To Go Bowl Disposables - In House,1.00,Each,100.0,,0.4878,0.4878,3.7989,3.7989,,0.00,,,0.00,,0.00,
MI Zerocater Mixed Greens Veggie Bowl,1.00,Each,1.00,Each,1.00,,Inactive,=,,Inactive,=,1.00,Each,No,,,BATCH Pickled Onions,0.50,OZ-wt,100.0,,0.0425,0.0425,3.7989,3.7989,,0.00,,,0.00,,0.00,
MI Zerocater Mixed Greens Veggie Bowl,1.00,Each,1.00,Each,1.00,,Inactive,=,,Inactive,=,1.00,Each,No,,,YIELD Cucumber Chopped,0.50,OZ-wt,100.0,,0.0161,0.0161,3.7989,3.7989,,0.00,,,0.00,,0.00,
MI Zerocater Mixed Greens Veggie Bowl,1.00,Each,1.00,Each,1.00,,Inactive,=,,Inactive,=,1.00,Each,No,,,BATCH Tossed Green Beans,2.50,OZ-wt,100.0,,0.7339,0.7339,3.7989,3.7989,,0.00,,,0.00,,0.00,
MI Zerocater Mixed Greens Veggie Bowl,1.00,Each,1.00,Each,1.00,,Inactive,=,,Inactive,=,1.00,Each,No,,,"Lettuce, Arcadian",3.80,OZ-wt,100.0,,0.7521,0.7521,3.7989,3.7989,,0.00,,,0.00,,0.00,
MI Zerocater Mixed Greens Veggie Bowl,1.00,Each,1.00,Each,1.00,,Inactive,=,,Inactive,=,1.00,Each,No,,,BATCH House Vinaigrette,1.00,OZ-fl,100.0,,0.0959,0.0959,3.7989,3.7989,,0.00,,,0.00,,0.00,
MI Zerocater Open Sesame Chicken Bowl,1.00,Each,1.00,Each,1.00,,Inactive,=,,Inactive,=,1.00,Each,No,,,BATCH Spiced Chickpeas,3.10,OZ-wt,100.0,,0.1377,0.1377,2.2751,2.2751,,0.00,,,0.00,,0.00,
MI Zerocater Open Sesame Chicken Bowl,1.00,Each,1.00,Each,1.00,,Inactive,=,,Inactive,=,1.00,Each,No,,,EVERMADE Peanut Sesame Sauce,4.00,OZ-fl,100.0,,0.5310,0.5310,2.2751,2.2751,,0.00,,,0.00,,0.00,
MI Zerocater Open Sesame Chicken Bowl,1.00,Each,1.00,Each,1.00,,Inactive,=,,Inactive,=,1.00,Each,No,,,BATCH Chicken Tikka Cooked New,4.00,OZ-wt,100.0,,0.5795,0.5795,2.2751,2.2751,,0.00,,,0.00,,0.00,
MI Zerocater Open Sesame Chicken Bowl,1.00,Each,1.00,Each,1.00,,Inactive,=,,Inactive,=,1.00,Each,No,,,MI To Go Bowl Disposables - Online,1.00,Each,100.0,,0.6065,0.6065,2.2751,2.2751,,0.00,,,0.00,,0.00,
MI Zerocater Open Sesame Chicken Bowl,1.00,Each,1.00,Each,1.00,,Inactive,=,,Inactive,=,1.00,Each,No,,,BATCH Pickled Onions,0.40,OZ-wt,100.0,,0.0340,0.0340,2.2751,2.2751,,0.00,,,0.00,,0.00,
MI Zerocater Open Sesame Chicken Bowl,1.00,Each,1.00,Each,1.00,,Inactive,=,,Inactive,=,1.00,Each,No,,,YIELD Cucumber Chopped,0.50,OZ-wt,100.0,,0.0161,0.0161,2.2751,2.2751,,0.00,,,0.00,,0.00,
MI Zerocater Open Sesame Chicken Bowl,1.00,Each,1.00,Each,1.00,,Inactive,=,,Inactive,=,1.00,Each,No,,,BATCH Basmati Rice,7.30,OZ-wt,100.0,,0.1849,0.1849,2.2751,2.2751,,0.00,,,0.00,,0.00,
MI Zerocater Open Sesame Chicken Bowl,1.00,Each,1.00,Each,1.00,,Inactive,=,,Inactive,=,1.00,Each,No,,,BATCH Mint Cilantro Chutney,1.00,OZ-fl,100.0,,0.1854,0.1854,2.2751,2.2751,,0.00,,,0.00,,0.00,
MI Zerocater Open Sesame Lamb Bowl,1.00,Each,1.00,Each,1.00,,Inactive,=,,Inactive,=,1.00,Each,No,,,BATCH Lamb Kebab Meatballs Cooked,4.00,CT,100.0,,2.2442,2.2442,3.9398,3.9398,,0.00,,,0.00,,0.00,
MI Zerocater Open Sesame Lamb Bowl,1.00,Each,1.00,Each,1.00,,Inactive,=,,Inactive,=,1.00,Each,No,,,BATCH Spiced Chickpeas,3.10,OZ-wt,100.0,,0.1377,0.1377,3.9398,3.9398,,0.00,,,0.00,,0.00,
MI Zerocater Open Sesame Lamb Bowl,1.00,Each,1.00,Each,1.00,,Inactive,=,,Inactive,=,1.00,Each,No,,,EVERMADE Peanut Sesame Sauce,4.00,OZ-fl,100.0,,0.5310,0.5310,3.9398,3.9398,,0.00,,,0.00,,0.00,
MI Zerocater Open Sesame Lamb Bowl,1.00,Each,1.00,Each,1.00,,Inactive,=,,Inactive,=,1.00,Each,No,,,MI To Go Bowl Disposables - Online,1.00,Each,100.0,,0.6065,0.6065,3.9398,3.9398,,0.00,,,0.00,,0.00,
MI Zerocater Open Sesame Lamb Bowl,1.00,Each,1.00,Each,1.00,,Inactive,=,,Inactive,=,1.00,Each,No,,,BATCH Pickled Onions,0.40,OZ-wt,100.0,,0.0340,0.0340,3.9398,3.9398,,0.00,,,0.00,,0.00,
MI Zerocater Open Sesame Lamb Bowl,1.00,Each,1.00,Each,1.00,,Inactive,=,,Inactive,=,1.00,Each,No,,,YIELD Cucumber Chopped,0.50,OZ-wt,100.0,,0.0161,0.0161,3.9398,3.9398,,0.00,,,0.00,,0.00,
MI Zerocater Open Sesame Lamb Bowl,1.00,Each,1.00,Each,1.00,,Inactive,=,,Inactive,=,1.00,Each,No,,,BATCH Basmati Rice,7.30,OZ-wt,100.0,,0.1849,0.1849,3.9398,3.9398,,0.00,,,0.00,,0.00,
MI Zerocater Open Sesame Lamb Bowl,1.00,Each,1.00,Each,1.00,,Inactive,=,,Inactive,=,1.00,Each,No,,,BATCH Mint Cilantro Chutney,1.00,OZ-fl,100.0,,0.1854,0.1854,3.9398,3.9398,,0.00,,,0.00,,0.00,
MI Zerocater Roasted Vegetables,1.00,Each,1.00,Each,1.00,,Inactive,=,,Inactive,=,1.00,Each,No,,,BATCH Harvest Vegetables Cooked,4.00,OZ-wt,100.0,,1.1129,1.1129,1.1129,1.1129,,,,,,,,
MI Zerocater Sautéed Spinach,1.00,Each,1.00,Each,1.00,,Inactive,=,,Inactive,=,1.00,Each,No,,,BATCH Sautéed Spinach,2.00,OZ-wt,100.0,,0.2121,0.2121,0.2121,0.2121,,,,,,,,
MI Zerocater Sexygreens,1.00,Each,1.00,Each,1.00,,Inactive,=,,Inactive,=,1.00,Each,No,,,"Lettuce, Arcadian",3.80,OZ-wt,100.0,,0.7521,0.7521,0.7521,0.7521,,,,,,,,
MI Zerocater Spicy Noodle and Shrimp Bowl,1.00,Each,1.00,Each,1.00,,Inactive,=,,Inactive,=,1.00,Each,No,,,EVERMADE Tamarind Chili Sauce,4.00,OZ-fl,100.0,,0.6996,0.6996,4.9442,4.9442,,0.00,,,0.00,,0.00,
MI Zerocater Spicy Noodle and Shrimp Bowl,1.00,Each,1.00,Each,1.00,,Inactive,=,,Inactive,=,1.00,Each,No,,,BATCH Toasted Cumin Yogurt,1.00,OZ-fl,100.0,,0.0890,0.0890,4.9442,4.9442,,0.00,,,0.00,,0.00,
MI Zerocater Spicy Noodle and Shrimp Bowl,1.00,Each,1.00,Each,1.00,,Inactive,=,,Inactive,=,1.00,Each,No,,,BATCH Carrot Slaw,0.50,OZ-wt,100.0,,0.0454,0.0454,4.9442,4.9442,,0.00,,,0.00,,0.00,
MI Zerocater Spicy Noodle and Shrimp Bowl,1.00,Each,1.00,Each,1.00,,Inactive,=,,Inactive,=,1.00,Each,No,,,BATCH Eggplant Cooked,1.50,OZ-wt,100.0,,0.2906,0.2906,4.9442,4.9442,,0.00,,,0.00,,0.00,
MI Zerocater Spicy Noodle and Shrimp Bowl,1.00,Each,1.00,Each,1.00,,Inactive,=,,Inactive,=,1.00,Each,No,,,MI To Go Bowl Disposables - Online,1.00,Each,100.0,,0.6065,0.6065,4.9442,4.9442,,0.00,,,0.00,,0.00,
MI Zerocater Spicy Noodle and Shrimp Bowl,1.00,Each,1.00,Each,1.00,,Inactive,=,,Inactive,=,1.00,Each,No,,,BATCH Shrimp Cooked,6.00,Each,100.0,,2.8610,2.8610,4.9442,4.9442,,0.00,,,0.00,,0.00,
MI Zerocater Spicy Noodle and Shrimp Bowl,1.00,Each,1.00,Each,1.00,,Inactive,=,,Inactive,=,1.00,Each,No,,,BATCH South Indian Rice Noodles,6.50,OZ-wt,100.0,,0.3521,0.3521,4.9442,4.9442,,0.00,,,0.00,,0.00,
MI Zerocater Sweet Potato Tikki,1.00,Each,1.00,Each,1.00,,Inactive,=,,Inactive,=,1.00,Each,No,,,BATCH Sweet Potato Tikki,4.00,OZ-wt,100.0,,0.4449,0.4449,0.4449,0.4449,,,,,,,,
MI Zerocater Tomato Garlic,1.00,Each,1.00,Each,1.00,,Inactive,=,,Inactive,=,1.00,Each,No,,,EVERMADE Tomato Garlic Sauce,4.00,OZ-fl,100.0,,0.7524,0.7524,0.7524,0.7524,,,,,,,,
NEST Almond Paste,32.00,OZ-fl,32.00,OZ-fl,1.00,2.00,lb,=,32.00,OZ-fl,=,,Inactive,No,COGS - Prepped Food,Inventory - Prepped Food,"Nuts, Almonds",24.00,OZ-fl,100.0,,4.1625,4.1625,4.1625,4.1625,,0.00,,,0.00,,0.00,
NEST Basting Liquid,4.00,Quart,1.00,1/4 Cup,64.00,,Inactive,=,1.00,Quart,=,,Inactive,No,COGS - Prepped Food,Inventory - Prepped Food,"Oil, Sunflower",4.00,Quart,100.0,,11.3544,0.1774,12.8346,0.2005,,0.00,,,0.00,,0.00,
NEST Basting Liquid,4.00,Quart,1.00,1/4 Cup,64.00,,Inactive,=,1.00,Quart,=,,Inactive,No,COGS - Prepped Food,Inventory - Prepped Food,"Spice, Garam Masala",0.25,Cup,100.0,,0.2492,0.0039,12.8346,0.2005,,0.00,,,0.00,,0.00,
NEST Basting Liquid,4.00,Quart,1.00,1/4 Cup,64.00,,Inactive,=,1.00,Quart,=,,Inactive,No,COGS - Prepped Food,Inventory - Prepped Food,"Spice, Chaat Masala",0.25,Cup,100.0,,0.7710,0.0120,12.8346,0.2005,,0.00,,,0.00,,0.00,
NEST Basting Liquid,4.00,Quart,1.00,1/4 Cup,64.00,,Inactive,=,1.00,Quart,=,,Inactive,No,COGS - Prepped Food,Inventory - Prepped Food,NEST Toasted Fenugreek Powder,0.25,Cup,100.0,,0.4600,0.0072,12.8346,0.2005,,0.00,,,0.00,,0.00,
NEST Cardamom Ground,1.90,OZ-wt,1.90,OZ-wt,1.00,2.40,OZ-wt,=,0.50,Cup,=,,Inactive,No,COGS - Spices,Inventory - Spices,"Spice, Cardamom Green",2.00,OZ-wt,100.0,,3.0613,3.0613,3.0613,3.0613,,0.00,,,0.00,,0.00,
NEST Cinnamon Ground,0.50,lb,0.50,lb,1.00,4.40,OZ-wt,=,1.00,Cup,=,,Inactive,No,COGS - Spices,Inventory - Spices,"Spice, Cinnamon Stick",0.50,lb,100.0,,3.5950,3.5950,3.5950,3.5950,,0.00,,,0.00,,0.00,
NEST Cloves Ground,0.50,lb,0.50,lb,1.00,6.59,Gram,=,1.00,Tablespoon,=,,Inactive,No,COGS - Spices,Inventory - Spices,"Spice, Clove",0.50,lb,100.0,,3.7430,3.7430,3.7430,3.7430,,0.00,,,0.00,,0.00,
NEST Cumin Seeds Toasted,2.40,OZ-wt,2.40,OZ-wt,1.00,1.05,OZ-wt,=,1.00,1/4 Cup,=,,Inactive,No,COGS - Spices,Inventory - Spices,"Spice, Cumin Seeds",2.40,OZ-wt,100.0,,0.6585,0.6585,0.6585,0.6585,,0.00,,,0.00,,0.00,
"NEST Formula, 44",10.00,lb,1.00,Cup,16.67,4.80,OZ-wt,=,0.50,Cup,=,,Inactive,No,COGS - Prepped Food,Inventory - Prepped Food,"Spice, Mustard Seed",1.00,Quart,100.0,,3.5970,0.2158,21.4965,1.2895,,0.00,,,0.00,,0.00,
"NEST Formula, 44",10.00,lb,1.00,Cup,16.67,4.80,OZ-wt,=,0.50,Cup,=,,Inactive,No,COGS - Prepped Food,Inventory - Prepped Food,"Lentil, Urad Dal",3.50,Quart,100.0,,9.1860,0.5510,21.4965,1.2895,,0.00,,,0.00,,0.00,
"NEST Formula, 44",10.00,lb,1.00,Cup,16.67,4.80,OZ-wt,=,0.50,Cup,=,,Inactive,No,COGS - Prepped Food,Inventory - Prepped Food,"Spice, Asafoetida",0.50,Cup,100.0,,2.2881,0.1373,21.4965,1.2895,,0.00,,,0.00,,0.00,
"NEST Formula, 44",10.00,lb,1.00,Cup,16.67,4.80,OZ-wt,=,0.50,Cup,=,,Inactive,No,COGS - Prepped Food,Inventory - Prepped Food,"Herb, Curry Leaves",16.00,OZ-fl,100.0,,2.1675,0.1300,21.4965,1.2895,,0.00,,,0.00,,0.00,
"NEST Formula, 44",10.00,lb,1.00,Cup,16.67,4.80,OZ-wt,=,0.50,Cup,=,,Inactive,No,COGS - Prepped Food,Inventory - Prepped Food,"Oil, Sunflower",48.00,OZ-fl,100.0,,4.2579,0.2554,21.4965,1.2895,,0.00,,,0.00,,0.00,
"NEST Formula, Chickpea",23.00,lb,1.00,Cup,38.33,4.80,OZ-wt,=,0.50,Cup,=,,Inactive,No,COGS - Prepped Food,Inventory - Prepped Food,"Spice, Mustard Seed",1.25,Cup,100.0,,1.1241,0.0293,108.7881,2.8382,,0.00,,,0.00,,0.00,
"NEST Formula, Chickpea",23.00,lb,1.00,Cup,38.33,4.80,OZ-wt,=,0.50,Cup,=,,Inactive,No,COGS - Prepped Food,Inventory - Prepped Food,YIELD Ginger Chopped,2.00,Cup,100.0,,1.3247,0.0346,108.7881,2.8382,,0.00,,,0.00,,0.00,
"NEST Formula, Chickpea",23.00,lb,1.00,Cup,38.33,4.80,OZ-wt,=,0.50,Cup,=,,Inactive,No,COGS - Prepped Food,Inventory - Prepped Food,"Spice, Asafoetida",0.25,Cup,100.0,,1.1440,0.0298,108.7881,2.8382,,0.00,,,0.00,,0.00,
"NEST Formula, Chickpea",23.00,lb,1.00,Cup,38.33,4.80,OZ-wt,=,0.50,Cup,=,,Inactive,No,COGS - Prepped Food,Inventory - Prepped Food,"Spice, Pepper Red Flake/Crushed",0.75,Cup,100.0,,0.6747,0.0176,108.7881,2.8382,,0.00,,,0.00,,0.00,
"NEST Formula, Chickpea",23.00,lb,1.00,Cup,38.33,4.80,OZ-wt,=,0.50,Cup,=,,Inactive,No,COGS - Prepped Food,Inventory - Prepped Food,Salt,1.25,Cup,100.0,,1.0365,0.0270,108.7881,2.8382,,0.00,,,0.00,,0.00,
"NEST Formula, Chickpea",23.00,lb,1.00,Cup,38.33,4.80,OZ-wt,=,0.50,Cup,=,,Inactive,No,COGS - Prepped Food,Inventory - Prepped Food,YIELD Peppers Jalapeno Chopped,2.00,Quart,100.0,,5.5490,0.1448,108.7881,2.8382,,0.00,,,0.00,,0.00,
"NEST Formula, Chickpea",23.00,lb,1.00,Cup,38.33,4.80,OZ-wt,=,0.50,Cup,=,,Inactive,No,COGS - Prepped Food,Inventory - Prepped Food,"Oil, Sunflower",3.50,Quart,100.0,,9.9351,0.2592,108.7881,2.8382,,0.00,,,0.00,,0.00,
"NEST Formula, Chickpea",23.00,lb,1.00,Cup,38.33,4.80,OZ-wt,=,0.50,Cup,=,,Inactive,No,COGS - Prepped Food,Inventory - Prepped Food,"Shallot, Whole",4.00,Bottle-5lb,100.0,,88.0000,2.2959,108.7881,2.8382,,0.00,,,0.00,,0.00,
"NEST Formula, Gobhi",13.20,lb,1.00,Cup,22.00,0.60,lb,=,1.00,Cup,=,,Inactive,No,COGS - Prepped Food,Inventory - Prepped Food,EVERMADE Chickpea Formula,9.40,lb,100.0,,24.4933,1.1133,32.3812,1.4718,,,,,,,,
"NEST Formula, Gobhi",13.20,lb,1.00,Cup,22.00,0.60,lb,=,1.00,Cup,=,,Inactive,No,COGS - Prepped Food,Inventory - Prepped Food,Salt,6.00,OZ-wt,100.0,,0.5455,0.0248,32.3812,1.4718,,,,,,,,
"NEST Formula, Gobhi",13.20,lb,1.00,Cup,22.00,0.60,lb,=,1.00,Cup,=,,Inactive,No,COGS - Prepped Food,Inventory - Prepped Food,"Spice, Turmeric Powder",2.80,OZ-wt,100.0,,0.3847,0.0175,32.3812,1.4718,,,,,,,,
"NEST Formula, Gobhi",13.20,lb,1.00,Cup,22.00,0.60,lb,=,1.00,Cup,=,,Inactive,No,COGS - Prepped Food,Inventory - Prepped Food,YIELD Tomato Chopped,3.00,lb,100.0,,6.0638,0.2756,32.3812,1.4718,,,,,,,,
"NEST Formula, Gobhi",13.20,lb,1.00,Cup,22.00,0.60,lb,=,1.00,Cup,=,,Inactive,No,COGS - Prepped Food,Inventory - Prepped Food,"Tomato, Paste",0.60,lb,100.0,,0.8939,0.0406,32.3812,1.4718,,,,,,,,
"NEST Formula, Lemon",15.20,lb,1.00,Cup,31.18,3.90,OZ-wt,=,0.50,Cup,=,,Inactive,No,COGS - Prepped Food,Inventory - Prepped Food,"Spice, Mustard Seed",32.00,OZ-fl,100.0,,3.5970,0.1154,33.8081,1.0844,,0.00,,,0.00,,0.00,
"NEST Formula, Lemon",15.20,lb,1.00,Cup,31.18,3.90,OZ-wt,=,0.50,Cup,=,,Inactive,No,COGS - Prepped Food,Inventory - Prepped Food,"Lentil, Urad Dal",1.50,Quart,100.0,,3.9368,0.1263,33.8081,1.0844,,0.00,,,0.00,,0.00,
"NEST Formula, Lemon",15.20,lb,1.00,Cup,31.18,3.90,OZ-wt,=,0.50,Cup,=,,Inactive,No,COGS - Prepped Food,Inventory - Prepped Food,"Spice, Asafoetida",0.25,Cup,100.0,,1.1440,0.0367,33.8081,1.0844,,0.00,,,0.00,,0.00,
"NEST Formula, Lemon",15.20,lb,1.00,Cup,31.18,3.90,OZ-wt,=,0.50,Cup,=,,Inactive,No,COGS - Prepped Food,Inventory - Prepped Food,"Spice, Turmeric Powder",6.00,OZ-fl,100.0,,0.6182,0.0198,33.8081,1.0844,,0.00,,,0.00,,0.00,
"NEST Formula, Lemon",15.20,lb,1.00,Cup,31.18,3.90,OZ-wt,=,0.50,Cup,=,,Inactive,No,COGS - Prepped Food,Inventory - Prepped Food,"Lentil, Chana Dal Roasted",4.00,Quart,100.0,,10.5512,0.3384,33.8081,1.0844,,0.00,,,0.00,,0.00,
"NEST Formula, Lemon",15.20,lb,1.00,Cup,31.18,3.90,OZ-wt,=,0.50,Cup,=,,Inactive,No,COGS - Prepped Food,Inventory - Prepped Food,"Oil, Sunflower",4.00,Quart,100.0,,11.3544,0.3642,33.8081,1.0844,,0.00,,,0.00,,0.00,
"NEST Formula, Lemon",15.20,lb,1.00,Cup,31.18,3.90,OZ-wt,=,0.50,Cup,=,,Inactive,No,COGS - Prepped Food,Inventory - Prepped Food,"Spice, Red Chili Whole",2.00,Cup,100.0,,0.4390,0.0141,33.8081,1.0844,,0.00,,,0.00,,0.00,
"NEST Formula, Lemon",15.20,lb,1.00,Cup,31.18,3.90,OZ-wt,=,0.50,Cup,=,,Inactive,No,COGS - Prepped Food,Inventory - Prepped Food,"Herb, Curry Leaves",2.00,Cup,100.0,,2.1675,0.0695,33.8081,1.0844,,0.00,,,0.00,,0.00,
"NEST Formula, Spicy Chicken","14,199.00",Gram,1.00,Cup,53.85,9.30,OZ-wt,=,1.00,Cup,=,,Inactive,No,COGS - Prepped Food,Inventory - Prepped Food,"Juice, Lemon",678.00,Gram,100.0,,3.6951,0.0686,91.7619,1.7040,,,,,,,,
"NEST Formula, Spicy Chicken","14,199.00",Gram,1.00,Cup,53.85,9.30,OZ-wt,=,1.00,Cup,=,,Inactive,No,COGS - Prepped Food,Inventory - Prepped Food,NEST Spice Bag Spicy Chicken,1.00,Portion,100.0,,24.5125,0.4552,91.7619,1.7040,,,,,,,,
"NEST Formula, Spicy Chicken","14,199.00",Gram,1.00,Cup,53.85,9.30,OZ-wt,=,1.00,Cup,=,,Inactive,No,COGS - Prepped Food,Inventory - Prepped Food,"Oil, Sunflower","1,562.00",Gram,100.0,,5.1171,0.0950,91.7619,1.7040,,,,,,,,
"NEST Formula, Spicy Chicken","14,199.00",Gram,1.00,Cup,53.85,9.30,OZ-wt,=,1.00,Cup,=,,Inactive,No,COGS - Prepped Food,Inventory - Prepped Food,"Spice, Mustard Seed",174.00,Gram,100.0,,0.9198,0.0171,91.7619,1.7040,,,,,,,,
"NEST Formula, Spicy Chicken","14,199.00",Gram,1.00,Cup,53.85,9.30,OZ-wt,=,1.00,Cup,=,,Inactive,No,COGS - Prepped Food,Inventory - Prepped Food,"Lentil, Urad Dal",218.00,Gram,100.0,,0.7207,0.0134,91.7619,1.7040,,,,,,,,
"NEST Formula, Spicy Chicken","14,199.00",Gram,1.00,Cup,53.85,9.30,OZ-wt,=,1.00,Cup,=,,Inactive,No,COGS - Prepped Food,Inventory - Prepped Food,"Herb, Curry Leaves",102.00,Gram,100.0,,9.7471,0.1810,91.7619,1.7040,,,,,,,,
"NEST Formula, Spicy Chicken","14,199.00",Gram,1.00,Cup,53.85,9.30,OZ-wt,=,1.00,Cup,=,,Inactive,No,COGS - Prepped Food,Inventory - Prepped Food,YIELD Garlic Sliced,"1,106.00",Gram,100.0,,12.5343,0.2328,91.7619,1.7040,,,,,,,,
"NEST Formula, Spicy Chicken","14,199.00",Gram,1.00,Cup,53.85,9.30,OZ-wt,=,1.00,Cup,=,,Inactive,No,COGS - Prepped Food,Inventory - Prepped Food,YIELD Shallots Sliced,"1,576.00",Gram,100.0,,16.2612,0.3020,91.7619,1.7040,,,,,,,,
"NEST Formula, Spicy Chicken","14,199.00",Gram,1.00,Cup,53.85,9.30,OZ-wt,=,1.00,Cup,=,,Inactive,No,COGS - Prepped Food,Inventory - Prepped Food,Vinegar Distilled White,896.00,Gram,100.0,,0.7437,0.0138,91.7619,1.7040,,,,,,,,
"NEST Formula, Spicy Chicken","14,199.00",Gram,1.00,Cup,53.85,9.30,OZ-wt,=,1.00,Cup,=,,Inactive,No,COGS - Prepped Food,Inventory - Prepped Food,"Spice, Jaggery Powder",442.00,Gram,100.0,,2.4354,0.0452,91.7619,1.7040,,,,,,,,
"NEST Formula, Spicy Chicken","14,199.00",Gram,1.00,Cup,53.85,9.30,OZ-wt,=,1.00,Cup,=,,Inactive,No,COGS - Prepped Food,Inventory - Prepped Food,"Paste, Gochujang","3,000.00",Gram,100.0,,15.0750,0.2799,91.7619,1.7040,,,,,,,,
"NEST Formula, Spinach",20.60,lb,3.00,Cup,11.44,4.80,OZ-wt,=,0.50,Cup,=,,Inactive,No,COGS - Prepped Food,Inventory - Prepped Food,YIELD Onion Yellow Sliced,25.00,lb,100.0,,18.0587,1.5786,31.2816,2.7345,,0.00,,,0.00,,0.00,
"NEST Formula, Spinach",20.60,lb,3.00,Cup,11.44,4.80,OZ-wt,=,0.50,Cup,=,,Inactive,No,COGS - Prepped Food,Inventory - Prepped Food,"Spice, Cumin Seeds",0.25,Cup,100.0,,0.2881,0.0252,31.2816,2.7345,,0.00,,,0.00,,0.00,
"NEST Formula, Spinach",20.60,lb,3.00,Cup,11.44,4.80,OZ-wt,=,0.50,Cup,=,,Inactive,No,COGS - Prepped Food,Inventory - Prepped Food,"Spice, Asafoetida",0.25,Cup,100.0,,1.1440,0.1000,31.2816,2.7345,,0.00,,,0.00,,0.00,
"NEST Formula, Spinach",20.60,lb,3.00,Cup,11.44,4.80,OZ-wt,=,0.50,Cup,=,,Inactive,No,COGS - Prepped Food,Inventory - Prepped Food,NEST Toasted Fenugreek Powder,0.25,Cup,100.0,,0.4600,0.0402,31.2816,2.7345,,0.00,,,0.00,,0.00,
"NEST Formula, Spinach",20.60,lb,3.00,Cup,11.44,4.80,OZ-wt,=,0.50,Cup,=,,Inactive,No,COGS - Prepped Food,Inventory - Prepped Food,YIELD Garlic Sliced,2.00,Cup,100.0,,3.4704,0.3034,31.2816,2.7345,,0.00,,,0.00,,0.00,
"NEST Formula, Spinach",20.60,lb,3.00,Cup,11.44,4.80,OZ-wt,=,0.50,Cup,=,,Inactive,No,COGS - Prepped Food,Inventory - Prepped Food,"Spice, Red Chili Whole",7.00,Each,100.0,,0.0384,0.0034,31.2816,2.7345,,0.00,,,0.00,,0.00,
"NEST Formula, Spinach",20.60,lb,3.00,Cup,11.44,4.80,OZ-wt,=,0.50,Cup,=,,Inactive,No,COGS - Prepped Food,Inventory - Prepped Food,Salt,7.00,OZ-fl,100.0,,0.7255,0.0634,31.2816,2.7345,,0.00,,,0.00,,0.00,
"NEST Formula, Spinach",20.60,lb,3.00,Cup,11.44,4.80,OZ-wt,=,0.50,Cup,=,,Inactive,No,COGS - Prepped Food,Inventory - Prepped Food,"Oil, Sunflower",2.50,Quart,100.0,,7.0965,0.6203,31.2816,2.7345,,0.00,,,0.00,,0.00,
NEST Garam Masala Powder,3.50,Liter,3.50,Liter,1.00,2.10,OZ-wt,=,0.50,Cup,=,,Inactive,No,COGS - Spices,Inventory - Spices,"Spice, Clove",1.00,lb,100.0,,7.4860,7.4860,34.4343,34.4343,,0.00,,,0.00,,0.00,
NEST Garam Masala Powder,3.50,Liter,3.50,Liter,1.00,2.10,OZ-wt,=,0.50,Cup,=,,Inactive,No,COGS - Spices,Inventory - Spices,"Spice, Cardamom Green",3.00,Cup,100.0,,18.3675,18.3675,34.4343,34.4343,,0.00,,,0.00,,0.00,
NEST Garam Masala Powder,3.50,Liter,3.50,Liter,1.00,2.10,OZ-wt,=,0.50,Cup,=,,Inactive,No,COGS - Spices,Inventory - Spices,"Spice, Black Pepper Whole Telicherry",1.00,Cup,100.0,,1.3965,1.3965,34.4343,34.4343,,0.00,,,0.00,,0.00,
NEST Garam Masala Powder,3.50,Liter,3.50,Liter,1.00,2.10,OZ-wt,=,0.50,Cup,=,,Inactive,No,COGS - Spices,Inventory - Spices,"Spice, Star Anise",0.50,Cup,100.0,,0.4094,0.4094,34.4343,34.4343,,0.00,,,0.00,,0.00,
NEST Garam Masala Powder,3.50,Liter,3.50,Liter,1.00,2.10,OZ-wt,=,0.50,Cup,=,,Inactive,No,COGS - Spices,Inventory - Spices,"Spice, Coriander Seed",4.00,Cup,100.0,,1.4213,1.4213,34.4343,34.4343,,0.00,,,0.00,,0.00,
NEST Garam Masala Powder,3.50,Liter,3.50,Liter,1.00,2.10,OZ-wt,=,0.50,Cup,=,,Inactive,No,COGS - Spices,Inventory - Spices,"Spice, Cumin Seeds",4.00,Cup,100.0,,4.6095,4.6095,34.4343,34.4343,,0.00,,,0.00,,0.00,
NEST Garam Masala Powder,3.50,Liter,3.50,Liter,1.00,2.10,OZ-wt,=,0.50,Cup,=,,Inactive,No,COGS - Spices,Inventory - Spices,"Spice, Fennel Seeds",0.50,Cup,100.0,,0.3846,0.3846,34.4343,34.4343,,0.00,,,0.00,,0.00,
NEST Garam Masala Powder,3.50,Liter,3.50,Liter,1.00,2.10,OZ-wt,=,0.50,Cup,=,,Inactive,No,COGS - Spices,Inventory - Spices,"Spice, Cinnamon Stick",8.00,Each,100.0,,0.3595,0.3595,34.4343,34.4343,,0.00,,,0.00,,0.00,
NEST Ginger Garlic Paste,7.50,Quart,7.50,Quart,1.00,4.30,OZ-wt,=,0.50,Cup,=,,Inactive,No,COGS - Produce,Inventory - Produce,Ginger,5.00,lb,100.0,,8.7583,8.7583,32.4083,32.4083,,0.00,,,0.00,,0.00,
NEST Ginger Garlic Paste,7.50,Quart,7.50,Quart,1.00,4.30,OZ-wt,=,0.50,Cup,=,,Inactive,No,COGS - Produce,Inventory - Produce,"Garlic, Loose",5.00,lb,100.0,,23.6500,23.6500,32.4083,32.4083,,0.00,,,0.00,,0.00,
NEST Green Lentils Cooked,31.80,lb,31.80,lb,1.00,1.00,lb,=,,Inactive,=,,Inactive,No,COGS - Prepped Food,Inventory - Prepped Food,"Lentil, Green Moong Whole",15.00,lb,100.0,,19.8563,19.8563,20.1672,20.1672,,0.00,,,0.00,,0.00,
NEST Green Lentils Cooked,31.80,lb,31.80,lb,1.00,1.00,lb,=,,Inactive,=,,Inactive,No,COGS - Prepped Food,Inventory - Prepped Food,Salt,6.00,Tablespoon,100.0,,0.3109,0.3109,20.1672,20.1672,,0.00,,,0.00,,0.00,
NEST Kokum Syrup,5.50,Quart,5.50,Quart,1.00,,Inactive,=,1.00,Quart,=,,Inactive,No,COGS - Prepped Food,Inventory - Prepped Food,Kokum Agal,6.00,Cup,100.0,,6.9415,6.9415,11.3650,11.3650,,0.00,,,0.00,,0.00,
NEST Kokum Syrup,5.50,Quart,5.50,Quart,1.00,,Inactive,=,1.00,Quart,=,,Inactive,No,COGS - Prepped Food,Inventory - Prepped Food,BATCH Simple Syrup,4.00,Quart,100.0,,4.4235,4.4235,11.3650,11.3650,,0.00,,,0.00,,0.00,
Nest Paneer Marination Sauce,7.29,lb,7.29,lb,1.00,9.50,OZ-wt,=,1.00,Cup,=,,Inactive,No,COGS - Produce,Inventory - Prepped Food,Sour Cream,1.00,Quart,100.0,,4.1979,4.1979,14.7948,14.7948,,0.00,,,0.00,,0.00,
Nest Paneer Marination Sauce,7.29,lb,7.29,lb,1.00,9.50,OZ-wt,=,1.00,Cup,=,,Inactive,No,COGS - Produce,Inventory - Prepped Food,"Oil, Sunflower",4.00,Cup,100.0,,2.8386,2.8386,14.7948,14.7948,,0.00,,,0.00,,0.00,
Nest Paneer Marination Sauce,7.29,lb,7.29,lb,1.00,9.50,OZ-wt,=,1.00,Cup,=,,Inactive,No,COGS - Produce,Inventory - Prepped Food,"Flour, Chickpea",3.00,Cup,100.0,,1.0755,1.0755,14.7948,14.7948,,0.00,,,0.00,,0.00,
Nest Paneer Marination Sauce,7.29,lb,7.29,lb,1.00,9.50,OZ-wt,=,1.00,Cup,=,,Inactive,No,COGS - Produce,Inventory - Prepped Food,NEST Ginger Garlic Paste,2.00,Cup,100.0,,2.1606,2.1606,14.7948,14.7948,,0.00,,,0.00,,0.00,
Nest Paneer Marination Sauce,7.29,lb,7.29,lb,1.00,9.50,OZ-wt,=,1.00,Cup,=,,Inactive,No,COGS - Produce,Inventory - Prepped Food,"Paste, Soybean",0.50,Cup,100.0,,1.9535,1.9535,14.7948,14.7948,,0.00,,,0.00,,0.00,
Nest Paneer Marination Sauce,7.29,lb,7.29,lb,1.00,9.50,OZ-wt,=,1.00,Cup,=,,Inactive,No,COGS - Produce,Inventory - Prepped Food,NEST Spice Bag Tofu + Paneer,1.00,Portion,100.0,,2.5687,2.5687,14.7948,14.7948,,0.00,,,0.00,,0.00,
NEST Pistachios Chopped,1.00,lb,1.00,lb,1.00,2.30,OZ-wt,=,0.50,Cup,=,,Inactive,No,COGS - Grocery Dry & Canned,Inventory - Grocery,"Nuts, Pistachios",1.00,lb,100.0,,13.4975,13.4975,13.4975,13.4975,,0.00,,,0.00,,0.00,
NEST Quinoa Cooked,16.40,lb,16.40,lb,1.00,1.00,lb,=,,Inactive,=,,Inactive,No,COGS - Prepped Food,Inventory - Prepped Food,Quinoa,4.50,Quart,100.0,,15.9300,15.9300,16.0336,16.0336,,0.00,,,0.00,,0.00,
NEST Quinoa Cooked,16.40,lb,16.40,lb,1.00,1.00,lb,=,,Inactive,=,,Inactive,No,COGS - Prepped Food,Inventory - Prepped Food,Salt,2.00,Tablespoon,100.0,,0.1036,0.1036,16.0336,16.0336,,0.00,,,0.00,,0.00,
NEST Ragi Cooked,5.70,lb,5.70,lb,1.00,1.00,lb,=,,Inactive,=,,Inactive,No,COGS - Prepped Food,Inventory - Prepped Food,"Flour, Ragi",2.00,Bag-2lb,100.0,,5.6683,5.6683,6.0600,6.0600,,0.00,,,0.00,,0.00,
NEST Ragi Cooked,5.70,lb,5.70,lb,1.00,1.00,lb,=,,Inactive,=,,Inactive,No,COGS - Prepped Food,Inventory - Prepped Food,Salt,2.00,Tablespoon,100.0,,0.1036,0.1036,6.0600,6.0600,,0.00,,,0.00,,0.00,
NEST Ragi Cooked,5.70,lb,5.70,lb,1.00,1.00,lb,=,,Inactive,=,,Inactive,No,COGS - Prepped Food,Inventory - Prepped Food,"Spice, Cumin Seeds",0.25,Cup,100.0,,0.2881,0.2881,6.0600,6.0600,,0.00,,,0.00,,0.00,
NEST Roasted Garlic Butter,"3,292.00",Gram,1.00,Tablespoon,254.49,7.30,OZ-wt,=,1.00,Cup,=,,Inactive,No,COGS - Prepped Food,Inventory - Prepped Food,YIELD Cilantro Chopped,160.00,Gram,100.0,,2.1264,0.0084,23.2092,0.0912,,,0 D 0 H 0 M,,,,,
NEST Roasted Garlic Butter,"3,292.00",Gram,1.00,Tablespoon,254.49,7.30,OZ-wt,=,1.00,Cup,=,,Inactive,No,COGS - Prepped Food,Inventory - Prepped Food,"Garlic, Loose",150.00,Gram,100.0,,1.5641,0.0061,23.2092,0.0912,,,0 D 0 H 0 M,,,,,
NEST Roasted Garlic Butter,"3,292.00",Gram,1.00,Tablespoon,254.49,7.30,OZ-wt,=,1.00,Cup,=,,Inactive,No,COGS - Prepped Food,Inventory - Prepped Food,Salt,70.00,Gram,100.0,,0.2245,0.0009,23.2092,0.0912,,,0 D 0 H 0 M,,,,,
NEST Roasted Garlic Butter,"3,292.00",Gram,1.00,Tablespoon,254.49,7.30,OZ-wt,=,1.00,Cup,=,,Inactive,No,COGS - Prepped Food,Inventory - Prepped Food,"Oil, Sunflower",500.00,Gram,100.0,,1.6380,0.0064,23.2092,0.0912,,,0 D 0 H 0 M,,,,,
NEST Roasted Garlic Butter,"3,292.00",Gram,1.00,Tablespoon,254.49,7.30,OZ-wt,=,1.00,Cup,=,,Inactive,No,COGS - Prepped Food,Inventory - Prepped Food,"Garlic, Loose",600.00,Gram,100.0,,6.2562,0.0246,23.2092,0.0912,,,0 D 0 H 0 M,,,,,
NEST Roasted Garlic Butter,"3,292.00",Gram,1.00,Tablespoon,254.49,7.30,OZ-wt,=,1.00,Cup,=,,Inactive,No,COGS - Prepped Food,Inventory - Prepped Food,"Butter, Unsalted",4.00,lb,100.0,,11.4000,0.0448,23.2092,0.0912,,,0 D 0 H 0 M,,,,,
NEST Spice Bag Beef,1.00,Portion,1.00,Each,1.00,2.19,lb,=,,Inactive,=,1.00,Portion,No,COGS - Spices,Inventory - Spices,"Spice, Coriander Powder",12.00,OZ-wt,100.0,,1.6485,1.6485,6.6726,6.6726,,0.00,,,0.00,,0.00,
NEST Spice Bag Beef,1.00,Portion,1.00,Each,1.00,2.19,lb,=,,Inactive,=,1.00,Portion,No,COGS - Spices,Inventory - Spices,"Spice, Red Chili Powder",0.75,Cup,100.0,,0.8348,0.8348,6.6726,6.6726,,0.00,,,0.00,,0.00,
NEST Spice Bag Beef,1.00,Portion,1.00,Each,1.00,2.19,lb,=,,Inactive,=,1.00,Portion,No,COGS - Spices,Inventory - Spices,"Spice, Turmeric Powder",0.25,Cup,100.0,,0.2061,0.2061,6.6726,6.6726,,0.00,,,0.00,,0.00,
NEST Spice Bag Beef,1.00,Portion,1.00,Each,1.00,2.19,lb,=,,Inactive,=,1.00,Portion,No,COGS - Spices,Inventory - Spices,"Spice, Turmeric Powder",2.00,Tablespoon,100.0,,0.1030,0.1030,6.6726,6.6726,,0.00,,,0.00,,0.00,
NEST Spice Bag Beef,1.00,Portion,1.00,Each,1.00,2.19,lb,=,,Inactive,=,1.00,Portion,No,COGS - Spices,Inventory - Spices,"Spice, Garlic Powder",1.50,Cup,100.0,,1.3491,1.3491,6.6726,6.6726,,0.00,,,0.00,,0.00,
NEST Spice Bag Beef,1.00,Portion,1.00,Each,1.00,2.19,lb,=,,Inactive,=,1.00,Portion,No,COGS - Spices,Inventory - Spices,"Spice, Ginger Powder",0.75,Cup,100.0,,0.6765,0.6765,6.6726,6.6726,,0.00,,,0.00,,0.00,
NEST Spice Bag Beef,1.00,Portion,1.00,Each,1.00,2.19,lb,=,,Inactive,=,1.00,Portion,No,COGS - Spices,Inventory - Spices,Salt,0.50,Cup,100.0,,0.4146,0.4146,6.6726,6.6726,,0.00,,,0.00,,0.00,
NEST Spice Bag Beef,1.00,Portion,1.00,Each,1.00,2.19,lb,=,,Inactive,=,1.00,Portion,No,COGS - Spices,Inventory - Spices,NEST Toasted Fennel Black Pepper Mix,5.00,OZ-fl,100.0,,0.5677,0.5677,6.6726,6.6726,,0.00,,,0.00,,0.00,
NEST Spice Bag Beef,1.00,Portion,1.00,Each,1.00,2.19,lb,=,,Inactive,=,1.00,Portion,No,COGS - Spices,Inventory - Spices,"Spice, Garam Masala",0.75,Cup,100.0,,0.7477,0.7477,6.6726,6.6726,,0.00,,,0.00,,0.00,
NEST Spice Bag Beef,1.00,Portion,1.00,Each,1.00,2.19,lb,=,,Inactive,=,1.00,Portion,No,COGS - Spices,Inventory - Spices,"Spice, Garam Masala",2.00,Tablespoon,100.0,,0.1246,0.1246,6.6726,6.6726,,0.00,,,0.00,,0.00,
NEST Spice Bag Chicken Old,1.00,Portion,1.00,Each,1.00,2.88,lb,=,,Inactive,=,1.00,Portion,No,COGS - Spices,Inventory - Spices,Salt,4.00,Cup,100.0,,3.3168,3.3168,14.6869,14.6869,,0.00,0 D 0 H 0 M,,0.00,,0.00,
NEST Spice Bag Chicken Old,1.00,Portion,1.00,Each,1.00,2.88,lb,=,,Inactive,=,1.00,Portion,No,COGS - Spices,Inventory - Spices,"Spice, Ginger Powder",0.50,Cup,100.0,,0.4510,0.4510,14.6869,14.6869,,0.00,0 D 0 H 0 M,,0.00,,0.00,
NEST Spice Bag Chicken Old,1.00,Portion,1.00,Each,1.00,2.88,lb,=,,Inactive,=,1.00,Portion,No,COGS - Spices,Inventory - Spices,"Spice, Garlic Powder",1.00,Cup,100.0,,0.8994,0.8994,14.6869,14.6869,,0.00,0 D 0 H 0 M,,0.00,,0.00,
NEST Spice Bag Chicken Old,1.00,Portion,1.00,Each,1.00,2.88,lb,=,,Inactive,=,1.00,Portion,No,COGS - Spices,Inventory - Spices,"Spice, Coriander Powder",2.50,Cup,100.0,,1.3738,1.3738,14.6869,14.6869,,0.00,0 D 0 H 0 M,,0.00,,0.00,
NEST Spice Bag Chicken Old,1.00,Portion,1.00,Each,1.00,2.88,lb,=,,Inactive,=,1.00,Portion,No,COGS - Spices,Inventory - Spices,NEST Toasted Fenugreek Powder,2.00,Tablespoon,100.0,,0.2300,0.2300,14.6869,14.6869,,0.00,0 D 0 H 0 M,,0.00,,0.00,
NEST Spice Bag Chicken Old,1.00,Portion,1.00,Each,1.00,2.88,lb,=,,Inactive,=,1.00,Portion,No,COGS - Spices,Inventory - Spices,"Spice, Cumin Powder",1.50,Cup,100.0,,1.8741,1.8741,14.6869,14.6869,,0.00,0 D 0 H 0 M,,0.00,,0.00,
NEST Spice Bag Chicken Old,1.00,Portion,1.00,Each,1.00,2.88,lb,=,,Inactive,=,1.00,Portion,No,COGS - Spices,Inventory - Spices,"Spice, Red Chili Powder",0.75,Cup,100.0,,0.8348,0.8348,14.6869,14.6869,,0.00,0 D 0 H 0 M,,0.00,,0.00,
NEST Spice Bag Chicken Old,1.00,Portion,1.00,Each,1.00,2.88,lb,=,,Inactive,=,1.00,Portion,No,COGS - Spices,Inventory - Spices,NEST Toasted Fenugreek Powder,0.50,Cup,100.0,,0.9199,0.9199,14.6869,14.6869,,0.00,0 D 0 H 0 M,,0.00,,0.00,
NEST Spice Bag Chicken Old,1.00,Portion,1.00,Each,1.00,2.88,lb,=,,Inactive,=,1.00,Portion,No,COGS - Spices,Inventory - Spices,"Spice, Turmeric Powder",2.00,Cup,100.0,,1.6485,1.6485,14.6869,14.6869,,0.00,0 D 0 H 0 M,,0.00,,0.00,
NEST Spice Bag Chicken Old,1.00,Portion,1.00,Each,1.00,2.88,lb,=,,Inactive,=,1.00,Portion,No,COGS - Spices,Inventory - Spices,"Spice, Garam Masala",1.50,Cup,100.0,,1.4955,1.4955,14.6869,14.6869,,0.00,0 D 0 H 0 M,,0.00,,0.00,
NEST Spice Bag Chicken Old,1.00,Portion,1.00,Each,1.00,2.88,lb,=,,Inactive,=,1.00,Portion,No,COGS - Spices,Inventory - Spices,"Spice, Curry Powder",2.50,Cup,100.0,,1.6431,1.6431,14.6869,14.6869,,0.00,0 D 0 H 0 M,,0.00,,0.00,
NEST Spice Bag Cookies,1.00,Portion,1.00,Each,1.00,,Inactive,=,,Inactive,=,1.00,Portion,No,COGS - Spices,Inventory - Spices,Baking Powder,3.00,Teaspoon,100.0,,0.1426,0.1426,0.6475,0.6475,,0.00,,,0.00,,0.00,
NEST Spice Bag Cookies,1.00,Portion,1.00,Each,1.00,,Inactive,=,,Inactive,=,1.00,Portion,No,COGS - Spices,Inventory - Spices,Baking Soda,3.00,Teaspoon,100.0,,0.0520,0.0520,0.6475,0.6475,,0.00,,,0.00,,0.00,
NEST Spice Bag Cookies,1.00,Portion,1.00,Each,1.00,,Inactive,=,,Inactive,=,1.00,Portion,No,COGS - Spices,Inventory - Spices,"Spice, Ginger Powder",4.00,Teaspoon,100.0,,0.0752,0.0752,0.6475,0.6475,,0.00,,,0.00,,0.00,
NEST Spice Bag Cookies,1.00,Portion,1.00,Each,1.00,,Inactive,=,,Inactive,=,1.00,Portion,No,COGS - Spices,Inventory - Spices,NEST Cinnamon Ground,2.00,Teaspoon,100.0,,0.0824,0.0824,0.6475,0.6475,,0.00,,,0.00,,0.00,
NEST Spice Bag Cookies,1.00,Portion,1.00,Each,1.00,,Inactive,=,,Inactive,=,1.00,Portion,No,COGS - Spices,Inventory - Spices,NEST Cardamom Ground,1.00,Teaspoon,100.0,,0.1611,0.1611,0.6475,0.6475,,0.00,,,0.00,,0.00,
NEST Spice Bag Cookies,1.00,Portion,1.00,Each,1.00,,Inactive,=,,Inactive,=,1.00,Portion,No,COGS - Spices,Inventory - Spices,NEST Cloves Ground,1.00,Teaspoon,100.0,,0.0363,0.0363,0.6475,0.6475,,0.00,,,0.00,,0.00,
NEST Spice Bag Cookies,1.00,Portion,1.00,Each,1.00,,Inactive,=,,Inactive,=,1.00,Portion,No,COGS - Spices,Inventory - Spices,NEST Telicherry Peppercorn Ground,1.00,Teaspoon,100.0,,0.0202,0.0202,0.6475,0.6475,,0.00,,,0.00,,0.00,
NEST Spice Bag Cookies,1.00,Portion,1.00,Each,1.00,,Inactive,=,,Inactive,=,1.00,Portion,No,COGS - Spices,Inventory - Spices,Salt,1.00,Teaspoon,100.0,,0.0173,0.0173,0.6475,0.6475,,0.00,,,0.00,,0.00,
NEST Spice Bag Cookies,1.00,Portion,1.00,Each,1.00,,Inactive,=,,Inactive,=,1.00,Portion,No,COGS - Spices,Inventory - Spices,"Spice, Allspice",1.00,Teaspoon,100.0,,0.0604,0.0604,0.6475,0.6475,,0.00,,,0.00,,0.00,
NEST Spice Bag Lamb,1.00,Portion,1.00,Each,1.00,,Inactive,=,,Inactive,=,1.00,Each,No,COGS - Spices,Inventory - Spices,Salt,0.25,Cup,100.0,,0.2073,0.2073,1.7532,1.7532,,0.00,,,0.00,,0.00,
NEST Spice Bag Lamb,1.00,Portion,1.00,Each,1.00,,Inactive,=,,Inactive,=,1.00,Each,No,COGS - Spices,Inventory - Spices,"Spice, Cumin Powder",6.00,Tablespoon,100.0,,0.4685,0.4685,1.7532,1.7532,,0.00,,,0.00,,0.00,
NEST Spice Bag Lamb,1.00,Portion,1.00,Each,1.00,,Inactive,=,,Inactive,=,1.00,Each,No,COGS - Spices,Inventory - Spices,"Spice, Red Chili Powder",3.50,Tablespoon,100.0,,0.2435,0.2435,1.7532,1.7532,,0.00,,,0.00,,0.00,
NEST Spice Bag Lamb,1.00,Portion,1.00,Each,1.00,,Inactive,=,,Inactive,=,1.00,Each,No,COGS - Spices,Inventory - Spices,"Spice, Garam Masala",6.00,Tablespoon,100.0,,0.3739,0.3739,1.7532,1.7532,,0.00,,,0.00,,0.00,
NEST Spice Bag Lamb,1.00,Portion,1.00,Each,1.00,,Inactive,=,,Inactive,=,1.00,Each,No,COGS - Spices,Inventory - Spices,NEST Toasted Fenugreek Powder,0.25,Cup,100.0,,0.4600,0.4600,1.7532,1.7532,,0.00,,,0.00,,0.00,
NEST Spice Bag Peanut Sesame Sauce,1.00,Portion,1.00,Each,1.00,,Inactive,=,,Inactive,=,1.00,Portion,No,COGS - Spices,Inventory - Spices,"Spice, Coriander Powder",3.00,Cup,100.0,,1.6485,1.6485,5.3890,5.3890,,0.00,,,0.00,,0.00,
NEST Spice Bag Peanut Sesame Sauce,1.00,Portion,1.00,Each,1.00,,Inactive,=,,Inactive,=,1.00,Portion,No,COGS - Spices,Inventory - Spices,"Spice, Cumin Powder",2.00,Cup,100.0,,2.4988,2.4988,5.3890,5.3890,,0.00,,,0.00,,0.00,
NEST Spice Bag Peanut Sesame Sauce,1.00,Portion,1.00,Each,1.00,,Inactive,=,,Inactive,=,1.00,Portion,No,COGS - Spices,Inventory - Spices,"Spice, Red Chili Powder",0.25,Cup,100.0,,0.2783,0.2783,5.3890,5.3890,,0.00,,,0.00,,0.00,
NEST Spice Bag Peanut Sesame Sauce,1.00,Portion,1.00,Each,1.00,,Inactive,=,,Inactive,=,1.00,Portion,No,COGS - Spices,Inventory - Spices,"Spice, Red Chili Powder",2.00,Tablespoon,100.0,,0.1391,0.1391,5.3890,5.3890,,0.00,,,0.00,,0.00,
NEST Spice Bag Peanut Sesame Sauce,1.00,Portion,1.00,Each,1.00,,Inactive,=,,Inactive,=,1.00,Portion,No,COGS - Spices,Inventory - Spices,"Spice, Turmeric Powder",1.00,Cup,100.0,,0.8243,0.8243,5.3890,5.3890,,0.00,,,0.00,,0.00,
NEST Spice Bag Rice,1.00,Portion,1.00,Each,1.00,,Inactive,=,,Inactive,=,1.00,Portion,No,COGS - Spices,Inventory - Spices,"Spice, Cardamom Green",0.40,OZ-wt,100.0,,0.6123,0.6123,0.7700,0.7700,,0.00,,,0.00,,0.00,
NEST Spice Bag Rice,1.00,Portion,1.00,Each,1.00,,Inactive,=,,Inactive,=,1.00,Portion,No,COGS - Spices,Inventory - Spices,"Spice, Clove",0.20,OZ-wt,100.0,,0.0936,0.0936,0.7700,0.7700,,0.00,,,0.00,,0.00,
NEST Spice Bag Rice,1.00,Portion,1.00,Each,1.00,,Inactive,=,,Inactive,=,1.00,Portion,No,COGS - Spices,Inventory - Spices,"Spice, Fennel Seeds",0.40,OZ-wt,100.0,,0.0641,0.0641,0.7700,0.7700,,0.00,,,0.00,,0.00,
NEST Spice Bag Spicy Chicken,1.00,Portion,4.79,lb,0.60,2.88,lb,=,,Inactive,=,1.00,Portion,No,COGS - Spices,Inventory - Spices,Salt,1.50,Cup,100.0,,1.2438,2.0730,24.5125,40.8542,,0.00,,,0.00,,0.00,
NEST Spice Bag Spicy Chicken,1.00,Portion,4.79,lb,0.60,2.88,lb,=,,Inactive,=,1.00,Portion,No,COGS - Spices,Inventory - Spices,"Spice, Red Chili Powder",2.00,Cup,100.0,,2.2262,3.7103,24.5125,40.8542,,0.00,,,0.00,,0.00,
NEST Spice Bag Spicy Chicken,1.00,Portion,4.79,lb,0.60,2.88,lb,=,,Inactive,=,1.00,Portion,No,COGS - Spices,Inventory - Spices,"Spice, Turmeric Powder",5.00,Tablespoon,100.0,,0.2576,0.4293,24.5125,40.8542,,0.00,,,0.00,,0.00,
NEST Spice Bag Spicy Chicken,1.00,Portion,4.79,lb,0.60,2.88,lb,=,,Inactive,=,1.00,Portion,No,COGS - Spices,Inventory - Spices,"Spice, Kashmiri Chili Powder",6.00,Cup,100.0,,10.1216,16.8694,24.5125,40.8542,,0.00,,,0.00,,0.00,
NEST Spice Bag Spicy Chicken,1.00,Portion,4.79,lb,0.60,2.88,lb,=,,Inactive,=,1.00,Portion,No,COGS - Spices,Inventory - Spices,"Spice, Pickle Masala",28.00,OZ-wt,100.0,,10.6633,17.7722,24.5125,40.8542,,0.00,,,0.00,,0.00,
NEST Spice Bag Tamarind Chili Sauce,1.00,Portion,1.00,Each,1.00,1.00,lb,=,,Inactive,=,1.00,Each,No,COGS - Spices,Inventory - Spices,"Spice, Coriander Powder",4.00,Cup,100.0,,2.1980,2.1980,5.2445,5.2445,,0.00,,,0.00,,0.00,
NEST Spice Bag Tamarind Chili Sauce,1.00,Portion,1.00,Each,1.00,1.00,lb,=,,Inactive,=,1.00,Each,No,COGS - Spices,Inventory - Spices,"Spice, Red Chili Powder",0.75,Cup,100.0,,0.8348,0.8348,5.2445,5.2445,,0.00,,,0.00,,0.00,
NEST Spice Bag Tamarind Chili Sauce,1.00,Portion,1.00,Each,1.00,1.00,lb,=,,Inactive,=,1.00,Each,No,COGS - Spices,Inventory - Spices,"Spice, Kashmiri Chili Powder",1.25,Cup,100.0,,2.1087,2.1087,5.2445,5.2445,,0.00,,,0.00,,0.00,
NEST Spice Bag Tamarind Chili Sauce,1.00,Portion,1.00,Each,1.00,1.00,lb,=,,Inactive,=,1.00,Each,No,COGS - Spices,Inventory - Spices,"Spice, Turmeric Powder",2.00,Tablespoon,100.0,,0.1030,0.1030,5.2445,5.2445,,0.00,,,0.00,,0.00,
NEST Spice Bag Tofu + Paneer,1.00,Portion,1.00,Each,1.00,,Inactive,=,,Inactive,=,1.00,Portion,No,COGS - Spices,Inventory - Spices,"Spice, Red Chili Powder",0.25,Cup,100.0,,0.2783,0.2783,2.5687,2.5687,,0.00,,,0.00,,0.00,
NEST Spice Bag Tofu + Paneer,1.00,Portion,1.00,Each,1.00,,Inactive,=,,Inactive,=,1.00,Portion,No,COGS - Spices,Inventory - Spices,"Spice, Garam Masala",0.25,Cup,100.0,,0.2492,0.2492,2.5687,2.5687,,0.00,,,0.00,,0.00,
NEST Spice Bag Tofu + Paneer,1.00,Portion,1.00,Each,1.00,,Inactive,=,,Inactive,=,1.00,Portion,No,COGS - Spices,Inventory - Spices,NEST Toasted Fenugreek Powder,3.00,Tablespoon,100.0,,0.3450,0.3450,2.5687,2.5687,,0.00,,,0.00,,0.00,
NEST Spice Bag Tofu + Paneer,1.00,Portion,1.00,Each,1.00,,Inactive,=,,Inactive,=,1.00,Portion,No,COGS - Spices,Inventory - Spices,"Spice, Lemon Pepper",1.25,Cup,100.0,,1.6962,1.6962,2.5687,2.5687,,0.00,,,0.00,,0.00,
NEST Spice Bag Tomato Garlic Sauce,1.00,Portion,1.00,Each,1.00,,Inactive,=,,Inactive,=,1.00,Portion,No,COGS - Spices,Inventory - Spices,"Spice, Cardamom Green",87.00,Each,100.0,,0.7398,0.7398,2.6358,2.6358,,0.00,,,0.00,,0.00,
NEST Spice Bag Tomato Garlic Sauce,1.00,Portion,1.00,Each,1.00,,Inactive,=,,Inactive,=,1.00,Portion,No,COGS - Spices,Inventory - Spices,"Spice, Clove",98.00,Each,100.0,,0.1534,0.1534,2.6358,2.6358,,0.00,,,0.00,,0.00,
NEST Spice Bag Tomato Garlic Sauce,1.00,Portion,1.00,Each,1.00,,Inactive,=,,Inactive,=,1.00,Portion,No,COGS - Spices,Inventory - Spices,"Spice, Cinnamon Stick",7.00,Each,100.0,,0.3146,0.3146,2.6358,2.6358,,0.00,,,0.00,,0.00,
NEST Spice Bag Tomato Garlic Sauce,1.00,Portion,1.00,Each,1.00,,Inactive,=,,Inactive,=,1.00,Portion,No,COGS - Spices,Inventory - Spices,"Spice, Star Anise",8.00,Each,100.0,,0.1129,0.1129,2.6358,2.6358,,0.00,,,0.00,,0.00,
NEST Spice Bag Tomato Garlic Sauce,1.00,Portion,1.00,Each,1.00,,Inactive,=,,Inactive,=,1.00,Portion,No,COGS - Spices,Inventory - Spices,"Spice, Black Pepper Whole Telicherry",0.70,OZ-wt,100.0,,0.1746,0.1746,2.6358,2.6358,,0.00,,,0.00,,0.00,
NEST Spice Bag Tomato Garlic Sauce,1.00,Portion,1.00,Each,1.00,,Inactive,=,,Inactive,=,1.00,Portion,No,COGS - Spices,Inventory - Spices,"Spice, Fennel Seeds",0.70,OZ-wt,100.0,,0.1122,0.1122,2.6358,2.6358,,0.00,,,0.00,,0.00,
NEST Spice Bag Tomato Garlic Sauce,1.00,Portion,1.00,Each,1.00,,Inactive,=,,Inactive,=,1.00,Portion,No,COGS - Spices,Inventory - Spices,"Spice, Cumin Seeds",0.50,OZ-wt,100.0,,0.1372,0.1372,2.6358,2.6358,,0.00,,,0.00,,0.00,
NEST Spice Bag Tomato Garlic Sauce,1.00,Portion,1.00,Each,1.00,,Inactive,=,,Inactive,=,1.00,Portion,No,COGS - Spices,Inventory - Spices,"Spice, Bay Leaf",21.00,Each,100.0,,0.8911,0.8911,2.6358,2.6358,,0.00,,,0.00,,0.00,
NEST Tamarind Puree,40.00,Quart,40.00,Quart,1.00,,Inactive,=,1.00,Quart,=,,Inactive,No,COGS - Prepped Food,Inventory - Prepped Food,Tamarind Slab,"10,000.00",Gram,100.0,,55.0000,55.0000,55.0000,55.0000,,0.00,,,0.00,,0.00,
NEST Telicherry Peppercorn Ground,1.00,lb,1.00,lb,1.00,3.89,OZ-wt,=,1.00,Cup,=,,Inactive,No,COGS - Spices,Inventory - Spices,"Spice, Black Pepper Whole Telicherry",1.00,lb,100.0,,3.9900,3.9900,3.9900,3.9900,,0.00,,,0.00,,0.00,
NEST Toasted Fennel Black Pepper Mix,3.50,Quart,3.50,Quart,1.00,2.00,OZ-wt,=,0.50,Cup,=,,Inactive,No,COGS - Spices,Inventory - Spices,"Spice, Fennel Seeds",56.00,OZ-fl,100.0,,5.3844,5.3844,12.7160,12.7160,,0.00,,,0.00,,0.00,
NEST Toasted Fennel Black Pepper Mix,3.50,Quart,3.50,Quart,1.00,2.00,OZ-wt,=,0.50,Cup,=,,Inactive,No,COGS - Spices,Inventory - Spices,"Spice, Black Pepper Whole Telicherry",42.00,OZ-fl,100.0,,7.3316,7.3316,12.7160,12.7160,,0.00,,,0.00,,0.00,
NEST Toasted Fenugreek Powder,2.20,lb,2.20,lb,1.00,1.80,OZ-wt,=,0.50,Cup,=,,Inactive,No,COGS - Spices,Inventory - Spices,"Spice, Fenugreek Leaves",1.00,kg,100.0,,17.9900,17.9900,17.9900,17.9900,,0.00,,,0.00,,0.00,
NEST Turmeric Roasted Potato,26.85,lb,26.85,lb,1.00,1.00,OZ-wt,=,,Inactive,=,,Inactive,No,COGS - Prepped Food,Inventory - Prepped Food,Salt,4.00,Teaspoon,100.0,,0.0691,0.0691,91.5914,91.5914,,,,,,,,
NEST Turmeric Roasted Potato,26.85,lb,26.85,lb,1.00,1.00,OZ-wt,=,,Inactive,=,,Inactive,No,COGS - Prepped Food,Inventory - Prepped Food,"Spice, Turmeric Powder",2.00,Tablespoon,100.0,,0.1030,0.1030,91.5914,91.5914,,,,,,,,
NEST Turmeric Roasted Potato,26.85,lb,26.85,lb,1.00,1.00,OZ-wt,=,,Inactive,=,,Inactive,No,COGS - Prepped Food,Inventory - Prepped Food,"Oil, Sunflower",2.00,Cup,100.0,,1.4193,1.4193,91.5914,91.5914,,,,,,,,
NEST Turmeric Roasted Potato,26.85,lb,26.85,lb,1.00,1.00,OZ-wt,=,,Inactive,=,,Inactive,No,COGS - Prepped Food,Inventory - Prepped Food,"Potatoes, Cube",40.00,lb,100.0,,90.0000,90.0000,91.5914,91.5914,,,,,,,,
"NEST, Chicken Spice Mix New","2,120.00",Gram,150.00,Gram,14.13,1.00,Gram,=,,Inactive,=,,Inactive,No,COGS - Spices,Inventory - Spices,Salt,570.00,Gram,100.0,,1.8280,0.1294,12.0389,0.8519,,,0 D 0 H 0 M,,,,,
"NEST, Chicken Spice Mix New","2,120.00",Gram,150.00,Gram,14.13,1.00,Gram,=,,Inactive,=,,Inactive,No,COGS - Spices,Inventory - Spices,"Spice, Garlic Powder",130.00,Gram,100.0,,0.8592,0.0608,12.0389,0.8519,,,0 D 0 H 0 M,,,,,
"NEST, Chicken Spice Mix New","2,120.00",Gram,150.00,Gram,14.13,1.00,Gram,=,,Inactive,=,,Inactive,No,COGS - Spices,Inventory - Spices,"Spice, Coriander Powder",280.00,Gram,100.0,,1.3566,0.0960,12.0389,0.8519,,,0 D 0 H 0 M,,,,,
"NEST, Chicken Spice Mix New","2,120.00",Gram,150.00,Gram,14.13,1.00,Gram,=,,Inactive,=,,Inactive,No,COGS - Spices,Inventory - Spices,"Spice, Turmeric Powder",340.00,Gram,100.0,,1.6473,0.1166,12.0389,0.8519,,,0 D 0 H 0 M,,,,,
"NEST, Chicken Spice Mix New","2,120.00",Gram,150.00,Gram,14.13,1.00,Gram,=,,Inactive,=,,Inactive,No,COGS - Spices,Inventory - Spices,"Spice, Curry Powder",310.00,Gram,100.0,,1.6331,0.1156,12.0389,0.8519,,,0 D 0 H 0 M,,,,,
"NEST, Chicken Spice Mix New","2,120.00",Gram,150.00,Gram,14.13,1.00,Gram,=,,Inactive,=,,Inactive,No,COGS - Spices,Inventory - Spices,NEST Toasted Fenugreek Powder,60.00,Gram,100.0,,1.0816,0.0765,12.0389,0.8519,,,0 D 0 H 0 M,,,,,
"NEST, Chicken Spice Mix New","2,120.00",Gram,150.00,Gram,14.13,1.00,Gram,=,,Inactive,=,,Inactive,No,COGS - Spices,Inventory - Spices,"Spice, Red Chili Powder",50.00,Gram,100.0,,0.3635,0.0257,12.0389,0.8519,,,0 D 0 H 0 M,,,,,
"NEST, Chicken Spice Mix New","2,120.00",Gram,150.00,Gram,14.13,1.00,Gram,=,,Inactive,=,,Inactive,No,COGS - Spices,Inventory - Spices,"Spice, Garam Masala",180.00,Gram,100.0,,1.5070,0.1066,12.0389,0.8519,,,0 D 0 H 0 M,,,,,
"NEST, Chicken Spice Mix New","2,120.00",Gram,150.00,Gram,14.13,1.00,Gram,=,,Inactive,=,,Inactive,No,COGS - Spices,Inventory - Spices,"Spice, Cumin Powder",200.00,Gram,100.0,,1.7626,0.1247,12.0389,0.8519,,,0 D 0 H 0 M,,,,,
"NEST, Onion Ginger Garlic Paste","3,650.00",Gram,"3,650.00",Gram,1.00,1.00,Gram,=,,Inactive,=,,Inactive,No,COGS - Prepped Food,Inventory - Prepped Food,Ginger,110.00,Gram,100.0,,0.4247,0.4247,4.7469,4.7469,,,0 D 0 H 0 M,,,,,
"NEST, Onion Ginger Garlic Paste","3,650.00",Gram,"3,650.00",Gram,1.00,1.00,Gram,=,,Inactive,=,,Inactive,No,COGS - Prepped Food,Inventory - Prepped Food,"Garlic, Loose",110.00,Gram,100.0,,1.1470,1.1470,4.7469,4.7469,,,0 D 0 H 0 M,,,,,
"NEST, Onion Ginger Garlic Paste","3,650.00",Gram,"3,650.00",Gram,1.00,1.00,Gram,=,,Inactive,=,,Inactive,No,COGS - Prepped Food,Inventory - Prepped Food,YIELD Onion Yellow Peeled,"1,800.00",Gram,100.0,,3.1752,3.1752,4.7469,4.7469,,,0 D 0 H 0 M,,,,,
Non-Recipe,1.00,Each,1.00,Each,1.00,,Inactive,=,,Inactive,=,1.00,Each,No,,,,,,,,,,,,,0.00,,,0.00,,0.00,
TEST,1.00,Each,1.00,Each,1.00,,Inactive,=,,Inactive,=,1.00,Each,No,,,BATCH Lamb Kebab Meatballs Cooked,200.00,Each,100.0,,112.2102,112.2102,"1,644.9905","1,644.9905",,,,,,,,
TEST,1.00,Each,1.00,Each,1.00,,Inactive,=,,Inactive,=,1.00,Each,No,,,BATCH Mango Lassi,35.00,Quart,100.0,,93.7311,93.7311,"1,644.9905","1,644.9905",,,,,,,,
TEST,1.00,Each,1.00,Each,1.00,,Inactive,=,,Inactive,=,1.00,Each,No,,,Naan - Stonefire,280.00,Each,100.0,,260.7500,260.7500,"1,644.9905","1,644.9905",,,,,,,,
TEST,1.00,Each,1.00,Each,1.00,,Inactive,=,,Inactive,=,1.00,Each,No,,,EVERMADE Tamarind Ginger Chutney,4.00,Quart,100.0,,28.0117,28.0117,"1,644.9905","1,644.9905",,,,,,,,
TEST,1.00,Each,1.00,Each,1.00,,Inactive,=,,Inactive,=,1.00,Each,No,,,EVERMADE Tomato Garlic Sauce,9.00,Quart,100.0,,54.1700,54.1700,"1,644.9905","1,644.9905",,,,,,,,
TEST,1.00,Each,1.00,Each,1.00,,Inactive,=,,Inactive,=,1.00,Each,No,,,EVERMADE Coconut Ginger Sauce,9.00,Quart,100.0,,57.5883,57.5883,"1,644.9905","1,644.9905",,,,,,,,
TEST,1.00,Each,1.00,Each,1.00,,Inactive,=,,Inactive,=,1.00,Each,No,,,BATCH Sautéed Spinach,35.00,lb,100.0,,59.3808,59.3808,"1,644.9905","1,644.9905",,,,,,,,
TEST,1.00,Each,1.00,Each,1.00,,Inactive,=,,Inactive,=,1.00,Each,No,,,BATCH Cauliflower + Potato Cooked,35.00,lb,100.0,,113.8741,113.8741,"1,644.9905","1,644.9905",,,,,,,,
TEST,1.00,Each,1.00,Each,1.00,,Inactive,=,,Inactive,=,1.00,Each,No,,,BATCH Tandoori Paneer Cooked,700.00,Each,100.0,,178.1577,178.1577,"1,644.9905","1,644.9905",,,,,,,,
TEST,1.00,Each,1.00,Each,1.00,,Inactive,=,,Inactive,=,1.00,Each,No,,,BATCH Spicy Chili Chicken Cooked,48.00,lb,100.0,,124.1669,124.1669,"1,644.9905","1,644.9905",,,,,,,,
TEST,1.00,Each,1.00,Each,1.00,,Inactive,=,,Inactive,=,1.00,Each,No,,,BATCH Lemon Turmeric Rice,87.50,lb,100.0,,42.8289,42.8289,"1,644.9905","1,644.9905",,,,,,,,
TEST,1.00,Each,1.00,Each,1.00,,Inactive,=,,Inactive,=,1.00,Each,No,,,"Lettuce, Arcadian",17.50,lb,100.0,,55.4167,55.4167,"1,644.9905","1,644.9905",,,,,,,,
TEST,1.00,Each,1.00,Each,1.00,,Inactive,=,,Inactive,=,1.00,Each,No,,,BATCH Chicken Tikka Marinated Old,35.00,lb,100.0,,61.8088,61.8088,"1,644.9905","1,644.9905",,,,,,,,
TEST,1.00,Each,1.00,Each,1.00,,Inactive,=,,Inactive,=,1.00,Each,No,,,BATCH Spiced Chickpeas,35.00,lb,100.0,,24.8801,24.8801,"1,644.9905","1,644.9905",,,,,,,,
TEST,1.00,Each,1.00,Each,1.00,,Inactive,=,,Inactive,=,1.00,Each,No,,,Samosa,300.00,Each,100.0,,89.7000,89.7000,"1,644.9905","1,644.9905",,,,,,,,
TEST,1.00,Each,1.00,Each,1.00,,Inactive,=,,Inactive,=,1.00,Each,No,,,BATCH Toasted Cumin Yogurt,6.50,Quart,100.0,,18.5101,18.5101,"1,644.9905","1,644.9905",,,,,,,,
TEST,1.00,Each,1.00,Each,1.00,,Inactive,=,,Inactive,=,1.00,Each,No,,,BATCH Chickpeas Cooked,13.00,Quart,100.0,,7.3910,7.3910,"1,644.9905","1,644.9905",,,,,,,,
TEST,1.00,Each,1.00,Each,1.00,,Inactive,=,,Inactive,=,1.00,Each,No,,,Potatoes,13.00,lb,100.0,,10.0100,10.0100,"1,644.9905","1,644.9905",,,,,,,,
TEST,1.00,Each,1.00,Each,1.00,,Inactive,=,,Inactive,=,1.00,Each,No,,,EVERMADE Sweet Tamarind,19.50,Quart,100.0,,112.9986,112.9986,"1,644.9905","1,644.9905",,,,,,,,
TEST,1.00,Each,1.00,Each,1.00,,Inactive,=,,Inactive,=,1.00,Each,No,,,BATCH Mint Cilantro Chutney,23.50,Quart,100.0,,139.4055,139.4055,"1,644.9905","1,644.9905",,,,,,,,
TEST Chicken 1.2 SC,"24,320.00",Gram,150.00,Gram,162.13,1.00,Gram,=,,Inactive,=,,Inactive,No,,,"NEST, Onion Ginger Garlic Paste",850.00,Gram,100.0,,1.1050,0.0068,79.0039,0.4873,,,0 D 0 H 0 M,,,,,
TEST Chicken 1.2 SC,"24,320.00",Gram,150.00,Gram,162.13,1.00,Gram,=,,Inactive,=,,Inactive,No,,,NEST Ginger Garlic Paste,320.00,Gram,100.0,,1.4176,0.0087,79.0039,0.4873,,,0 D 0 H 0 M,,,,,
TEST Chicken 1.2 SC,"24,320.00",Gram,150.00,Gram,162.13,1.00,Gram,=,,Inactive,=,,Inactive,No,,,"Oil, Sunflower",320.00,Gram,100.0,,1.0483,0.0065,79.0039,0.4873,,,0 D 0 H 0 M,,,,,
TEST Chicken 1.2 SC,"24,320.00",Gram,150.00,Gram,162.13,1.00,Gram,=,,Inactive,=,,Inactive,No,,,"Juice, Lemon",320.00,Gram,100.0,,1.7440,0.0108,79.0039,0.4873,,,0 D 0 H 0 M,,,,,
TEST Chicken 1.2 SC,"24,320.00",Gram,150.00,Gram,162.13,1.00,Gram,=,,Inactive,=,,Inactive,No,,,Sour Cream,"1,200.00",Gram,100.0,,5.2440,0.0323,79.0039,0.4873,,,0 D 0 H 0 M,,,,,
TEST Chicken 1.2 SC,"24,320.00",Gram,150.00,Gram,162.13,1.00,Gram,=,,Inactive,=,,Inactive,No,,,"Chicken, Trimmed","18,160.00",Gram,100.0,,68.4450,0.4222,79.0039,0.4873,,,0 D 0 H 0 M,,,,,
TEST Chicken C 1.2,"23,120.00",Gram,140.00,Gram,165.14,1.00,Gram,=,,Inactive,=,,Inactive,No,,,"NEST, Onion Ginger Garlic Paste",850.00,Gram,100.0,,1.1050,0.0067,76.9393,0.4660,,,0 D 0 H 0 M,,,,,
TEST Chicken C 1.2,"23,120.00",Gram,140.00,Gram,165.14,1.00,Gram,=,,Inactive,=,,Inactive,No,,,NEST Ginger Garlic Paste,320.00,Gram,100.0,,1.4176,0.0086,76.9393,0.4660,,,0 D 0 H 0 M,,,,,
TEST Chicken C 1.2,"23,120.00",Gram,140.00,Gram,165.14,1.00,Gram,=,,Inactive,=,,Inactive,No,,,"Oil, Sunflower",320.00,Gram,100.0,,1.0483,0.0063,76.9393,0.4660,,,0 D 0 H 0 M,,,,,
TEST Chicken C 1.2,"23,120.00",Gram,140.00,Gram,165.14,1.00,Gram,=,,Inactive,=,,Inactive,No,,,"Juice, Lemon",320.00,Gram,100.0,,1.7440,0.0106,76.9393,0.4660,,,0 D 0 H 0 M,,,,,
TEST Chicken C 1.2,"23,120.00",Gram,140.00,Gram,165.14,1.00,Gram,=,,Inactive,=,,Inactive,No,,,"TEST, Chicken Spice Mix v1",600.00,Gram,100.0,,3.1794,0.0193,76.9393,0.4660,,,0 D 0 H 0 M,,,,,
TEST Chicken C 1.2,"23,120.00",Gram,140.00,Gram,165.14,1.00,Gram,=,,Inactive,=,,Inactive,No,,,"Chicken, Trimmed","18,160.00",Gram,100.0,,68.4450,0.4145,76.9393,0.4660,,,0 D 0 H 0 M,,,,,
TEST Chicken C 3.1 Marinated,"5,340.00",Gram,150.00,Gram,35.60,1.00,Gram,=,,Inactive,=,,Inactive,No,,,"TEST, Chicken Spice Mix v3",150.00,Gram,100.0,,0.8433,0.0237,19.2894,0.5418,,,0 D 0 H 0 M,,,,,
TEST Chicken C 3.1 Marinated,"5,340.00",Gram,150.00,Gram,35.60,1.00,Gram,=,,Inactive,=,,Inactive,No,,,"NEST, Onion Ginger Garlic Paste",600.00,Gram,100.0,,0.7800,0.0219,19.2894,0.5418,,,0 D 0 H 0 M,,,,,
TEST Chicken C 3.1 Marinated,"5,340.00",Gram,150.00,Gram,35.60,1.00,Gram,=,,Inactive,=,,Inactive,No,,,"Oil, Sunflower",80.00,Gram,100.0,,0.2621,0.0074,19.2894,0.5418,,,0 D 0 H 0 M,,,,,
TEST Chicken C 3.1 Marinated,"5,340.00",Gram,150.00,Gram,35.60,1.00,Gram,=,,Inactive,=,,Inactive,No,,,"Juice, Lemon",80.00,Gram,100.0,,0.4360,0.0122,19.2894,0.5418,,,0 D 0 H 0 M,,,,,
TEST Chicken C 3.1 Marinated,"5,340.00",Gram,150.00,Gram,35.60,1.00,Gram,=,,Inactive,=,,Inactive,No,,,"Chicken, Trimmed","4,502.00",Gram,100.0,,16.9680,0.4766,19.2894,0.5418,,,0 D 0 H 0 M,,,,,
TEST Chicken Spice Bag,"2,680.00",Gram,"2,680.00",Gram,1.00,1.00,Gram,=,,Inactive,=,,Inactive,No,,,Salt,"1,040.00",Gram,100.0,,3.3353,3.3353,14.2005,14.2005,,,0 D 0 H 0 M,,,,,
TEST Chicken Spice Bag,"2,680.00",Gram,"2,680.00",Gram,1.00,1.00,Gram,=,,Inactive,=,,Inactive,No,,,"Spice, Garlic Powder",130.00,Gram,100.0,,0.8592,0.8592,14.2005,14.2005,,,0 D 0 H 0 M,,,,,
TEST Chicken Spice Bag,"2,680.00",Gram,"2,680.00",Gram,1.00,1.00,Gram,=,,Inactive,=,,Inactive,No,,,"Spice, Coriander Powder",280.00,Gram,100.0,,1.3566,1.3566,14.2005,14.2005,,,0 D 0 H 0 M,,,,,
TEST Chicken Spice Bag,"2,680.00",Gram,"2,680.00",Gram,1.00,1.00,Gram,=,,Inactive,=,,Inactive,No,,,"Spice, Turmeric Powder",340.00,Gram,100.0,,1.6473,1.6473,14.2005,14.2005,,,0 D 0 H 0 M,,,,,
TEST Chicken Spice Bag,"2,680.00",Gram,"2,680.00",Gram,1.00,1.00,Gram,=,,Inactive,=,,Inactive,No,,,"Spice, Curry Powder",310.00,Gram,100.0,,1.6331,1.6331,14.2005,14.2005,,,0 D 0 H 0 M,,,,,
TEST Chicken Spice Bag,"2,680.00",Gram,"2,680.00",Gram,1.00,1.00,Gram,=,,Inactive,=,,Inactive,No,,,NEST Toasted Fenugreek Powder,60.00,Gram,100.0,,1.0816,1.0816,14.2005,14.2005,,,0 D 0 H 0 M,,,,,
TEST Chicken Spice Bag,"2,680.00",Gram,"2,680.00",Gram,1.00,1.00,Gram,=,,Inactive,=,,Inactive,No,,,"Spice, Red Chili Powder",140.00,Gram,100.0,,1.0178,1.0178,14.2005,14.2005,,,0 D 0 H 0 M,,,,,
TEST Chicken Spice Bag,"2,680.00",Gram,"2,680.00",Gram,1.00,1.00,Gram,=,,Inactive,=,,Inactive,No,,,"Spice, Garam Masala",180.00,Gram,100.0,,1.5070,1.5070,14.2005,14.2005,,,0 D 0 H 0 M,,,,,
TEST Chicken Spice Bag,"2,680.00",Gram,"2,680.00",Gram,1.00,1.00,Gram,=,,Inactive,=,,Inactive,No,,,"Spice, Cumin Powder",200.00,Gram,100.0,,1.7626,1.7626,14.2005,14.2005,,,0 D 0 H 0 M,,,,,
TEST Family Meal - Chicken Tikka,1.00,Each,1.00,Each,1.00,,Inactive,=,,Inactive,=,1.00,Each,No,,,BATCH Toasted Cumin Yogurt,0.39,lb,100.0,,0.4936,0.4936,9.6437,9.6437,,,,,,,,
TEST Family Meal - Chicken Tikka,1.00,Each,1.00,Each,1.00,,Inactive,=,,Inactive,=,1.00,Each,No,,,BATCH Tikka Masala Sauce,0.48,lb,100.0,,1.3459,1.3459,9.6437,9.6437,,,,,,,,
TEST Family Meal - Chicken Tikka,1.00,Each,1.00,Each,1.00,,Inactive,=,,Inactive,=,1.00,Each,No,,,BATCH Indian Street Corn,0.38,lb,100.0,,0.1428,0.1428,9.6437,9.6437,,,,,,,,
TEST Family Meal - Chicken Tikka,1.00,Each,1.00,Each,1.00,,Inactive,=,,Inactive,=,1.00,Each,No,,,BATCH Kachumber Salad,0.38,lb,100.0,,0.4965,0.4965,9.6437,9.6437,,,,,,,,
TEST Family Meal - Chicken Tikka,1.00,Each,1.00,Each,1.00,,Inactive,=,,Inactive,=,1.00,Each,No,,,YIELD Romaine Chopped,0.35,lb,100.0,,0.8753,0.8753,9.6437,9.6437,,,,,,,,
TEST Family Meal - Chicken Tikka,1.00,Each,1.00,Each,1.00,,Inactive,=,,Inactive,=,1.00,Each,No,,,BATCH Shredded Paneer,0.42,lb,100.0,,1.3931,1.3931,9.6437,9.6437,,,,,,,,
TEST Family Meal - Chicken Tikka,1.00,Each,1.00,Each,1.00,,Inactive,=,,Inactive,=,1.00,Each,No,,,BATCH Chicken Tikka Cooked New,1.33,lb,100.0,,3.0830,3.0830,9.6437,9.6437,,,,,,,,
TEST Family Meal - Chicken Tikka,1.00,Each,1.00,Each,1.00,,Inactive,=,,Inactive,=,1.00,Each,No,,,BATCH Spiced Chickpeas,1.47,lb,100.0,,1.0450,1.0450,9.6437,9.6437,,,,,,,,
TEST Family Meal - Chicken Tikka,1.00,Each,1.00,Each,1.00,,Inactive,=,,Inactive,=,1.00,Each,No,,,BATCH Lemon Turmeric Rice,1.57,lb,100.0,,0.7685,0.7685,9.6437,9.6437,,,,,,,,
TEST Fooda,1.00,Each,1.00,Each,1.00,,Inactive,=,,Inactive,=,1.00,Each,No,,,BATCH Spiced Chickpeas,7.00,Quart,100.0,,13.9328,13.9328,174.6935,174.6935,,,,,,,,
TEST Fooda,1.00,Each,1.00,Each,1.00,,Inactive,=,,Inactive,=,1.00,Each,No,,,BATCH Sautéed Spinach,3.00,Quart,100.0,,10.8158,10.8158,174.6935,174.6935,,,,,,,,
TEST Fooda,1.00,Each,1.00,Each,1.00,,Inactive,=,,Inactive,=,1.00,Each,No,,,EVERMADE Tamarind Chili Sauce,2.00,Quart,100.0,,11.1943,11.1943,174.6935,174.6935,,,,,,,,
TEST Fooda,1.00,Each,1.00,Each,1.00,,Inactive,=,,Inactive,=,1.00,Each,No,,,EVERMADE Tomato Garlic Sauce,7.00,Quart,100.0,,42.1322,42.1322,174.6935,174.6935,,,,,,,,
TEST Fooda,1.00,Each,1.00,Each,1.00,,Inactive,=,,Inactive,=,1.00,Each,No,,,BATCH Tandoori Paneer Cooked,81.00,Each,100.0,,20.6154,20.6154,174.6935,174.6935,,,,,,,,
TEST Fooda,1.00,Each,1.00,Each,1.00,,Inactive,=,,Inactive,=,1.00,Each,No,,,BATCH Spicy Chili Chicken Cooked,5.00,lb,100.0,,12.9341,12.9341,174.6935,174.6935,,,,,,,,
TEST Fooda,1.00,Each,1.00,Each,1.00,,Inactive,=,,Inactive,=,1.00,Each,No,,,BATCH Harvest Vegetables Cooked,3.00,lb,100.0,,13.3551,13.3551,174.6935,174.6935,,,,,,,,
TEST Fooda,1.00,Each,1.00,Each,1.00,,Inactive,=,,Inactive,=,1.00,Each,No,,,BATCH Chicken Tikka Cooked New,13.00,lb,100.0,,30.1349,30.1349,174.6935,174.6935,,,,,,,,
TEST Fooda,1.00,Each,1.00,Each,1.00,,Inactive,=,,Inactive,=,1.00,Each,No,,,BATCH Lemon Turmeric Rice,40.00,lb,100.0,,19.5789,19.5789,174.6935,174.6935,,,,,,,,
TEST ZeroCater Pricing,1.00,Each,1.00,Each,1.00,,Inactive,=,,Inactive,=,1.00,Each,No,,,BATCH Lamb Kebab Meatballs Cooked,4.00,Each,100.0,,2.2442,2.2442,18.9087,18.9087,,,,,,,,
TEST ZeroCater Pricing,1.00,Each,1.00,Each,1.00,,Inactive,=,,Inactive,=,1.00,Each,No,,,EVERMADE Tamarind Ginger Chutney,1.00,OZ-wt,100.0,,0.1786,0.1786,18.9087,18.9087,,,,,,,,
TEST ZeroCater Pricing,1.00,Each,1.00,Each,1.00,,Inactive,=,,Inactive,=,1.00,Each,No,,,EVERMADE Peanut Sesame Sauce,4.00,OZ-fl,100.0,,0.5310,0.5310,18.9087,18.9087,,,,,,,,
TEST ZeroCater Pricing,1.00,Each,1.00,Each,1.00,,Inactive,=,,Inactive,=,1.00,Each,No,,,EVERMADE Coconut Ginger Sauce,4.00,OZ-fl,100.0,,0.7998,0.7998,18.9087,18.9087,,,,,,,,
TEST ZeroCater Pricing,1.00,Each,1.00,Each,1.00,,Inactive,=,,Inactive,=,1.00,Each,No,,,EVERMADE Tamarind Chili Sauce,4.00,OZ-fl,100.0,,0.6996,0.6996,18.9087,18.9087,,,,,,,,
TEST ZeroCater Pricing,1.00,Each,1.00,Each,1.00,,Inactive,=,,Inactive,=,1.00,Each,No,,,EVERMADE Tomato Garlic Sauce,4.00,OZ-fl,100.0,,0.7524,0.7524,18.9087,18.9087,,,,,,,,
TEST ZeroCater Pricing,1.00,Each,1.00,Each,1.00,,Inactive,=,,Inactive,=,1.00,Each,No,,,BATCH Eggplant Cooked,2.00,OZ-wt,100.0,,0.3875,0.3875,18.9087,18.9087,,,,,,,,
TEST ZeroCater Pricing,1.00,Each,1.00,Each,1.00,,Inactive,=,,Inactive,=,1.00,Each,No,,,BATCH Pickled Radish,0.50,OZ-wt,100.0,,0.0184,0.0184,18.9087,18.9087,,,,,,,,
TEST ZeroCater Pricing,1.00,Each,1.00,Each,1.00,,Inactive,=,,Inactive,=,1.00,Each,No,,,BATCH Indian Street Corn,0.50,OZ-wt,100.0,,0.0117,0.0117,18.9087,18.9087,,,,,,,,
TEST ZeroCater Pricing,1.00,Each,1.00,Each,1.00,,Inactive,=,,Inactive,=,1.00,Each,No,,,YIELD Cilantro Chopped,0.05,OZ-wt,100.0,,0.0188,0.0188,18.9087,18.9087,,,,,,,,
TEST ZeroCater Pricing,1.00,Each,1.00,Each,1.00,,Inactive,=,,Inactive,=,1.00,Each,No,,,BATCH Roasted Lentils,0.10,OZ-wt,100.0,,0.0155,0.0155,18.9087,18.9087,,,,,,,,
TEST ZeroCater Pricing,1.00,Each,1.00,Each,1.00,,Inactive,=,,Inactive,=,1.00,Each,No,,,YIELD Cucumber Chopped,0.50,OZ-wt,100.0,,0.0161,0.0161,18.9087,18.9087,,,,,,,,
TEST ZeroCater Pricing,1.00,Each,1.00,Each,1.00,,Inactive,=,,Inactive,=,1.00,Each,No,,,BATCH Kachumber Salad,0.50,OZ-wt,100.0,,0.0408,0.0408,18.9087,18.9087,,,,,,,,
TEST ZeroCater Pricing,1.00,Each,1.00,Each,1.00,,Inactive,=,,Inactive,=,1.00,Each,No,,,BATCH Pickled Onions,0.50,OZ-wt,100.0,,0.0425,0.0425,18.9087,18.9087,,,,,,,,
TEST ZeroCater Pricing,1.00,Each,1.00,Each,1.00,,Inactive,=,,Inactive,=,1.00,Each,No,,,BATCH Spiced Chickpeas,2.00,OZ-wt,100.0,,0.0889,0.0889,18.9087,18.9087,,,,,,,,
TEST ZeroCater Pricing,1.00,Each,1.00,Each,1.00,,Inactive,=,,Inactive,=,1.00,Each,No,,,BATCH Carrot Slaw,0.50,OZ-wt,100.0,,0.0454,0.0454,18.9087,18.9087,,,,,,,,
TEST ZeroCater Pricing,1.00,Each,1.00,Each,1.00,,Inactive,=,,Inactive,=,1.00,Each,No,,,BATCH Cauliflower + Potato Cooked,2.00,OZ-wt,100.0,,0.4067,0.4067,18.9087,18.9087,,,,,,,,
TEST ZeroCater Pricing,1.00,Each,1.00,Each,1.00,,Inactive,=,,Inactive,=,1.00,Each,No,,,BATCH Sautéed Spinach,2.00,OZ-wt,100.0,,0.2121,0.2121,18.9087,18.9087,,,,,,,,
TEST ZeroCater Pricing,1.00,Each,1.00,Each,1.00,,Inactive,=,,Inactive,=,1.00,Each,No,,,MI Lentil Chips,1.00,Each,100.0,,0.0416,0.0416,18.9087,18.9087,,,,,,,,
TEST ZeroCater Pricing,1.00,Each,1.00,Each,1.00,,Inactive,=,,Inactive,=,1.00,Each,No,,,"Seed, Pumpkin",0.10,OZ-wt,100.0,,0.0255,0.0255,18.9087,18.9087,,,,,,,,
TEST ZeroCater Pricing,1.00,Each,1.00,Each,1.00,,Inactive,=,,Inactive,=,1.00,Each,No,,,BATCH Masala Beets,0.50,OZ-wt,100.0,,0.0967,0.0967,18.9087,18.9087,,,,,,,,
TEST ZeroCater Pricing,1.00,Each,1.00,Each,1.00,,Inactive,=,,Inactive,=,1.00,Each,No,,,MI Avocado,1.00,Each,100.0,,0.3568,0.3568,18.9087,18.9087,,,,,,,,
TEST ZeroCater Pricing,1.00,Each,1.00,Each,1.00,,Inactive,=,,Inactive,=,1.00,Each,No,,,BATCH Mango Salsa,0.50,OZ-wt,100.0,,0.3291,0.3291,18.9087,18.9087,,,,,,,,
TEST ZeroCater Pricing,1.00,Each,1.00,Each,1.00,,Inactive,=,,Inactive,=,1.00,Each,No,,,BATCH Sweet Potato Tikki,4.00,OZ-wt,100.0,,0.4449,0.4449,18.9087,18.9087,,,,,,,,
TEST ZeroCater Pricing,1.00,Each,1.00,Each,1.00,,Inactive,=,,Inactive,=,1.00,Each,No,,,BATCH Tandoori Paneer Cooked,5.00,OZ-wt,100.0,,1.0792,1.0792,18.9087,18.9087,,,,,,,,
TEST ZeroCater Pricing,1.00,Each,1.00,Each,1.00,,Inactive,=,,Inactive,=,1.00,Each,No,,,BATCH Chicken Tikka Cooked New,4.00,Each,100.0,,0.5795,0.5795,18.9087,18.9087,,,,,,,,
TEST ZeroCater Pricing,1.00,Each,1.00,Each,1.00,,Inactive,=,,Inactive,=,1.00,Each,No,,,BATCH Harvest Vegetables Cooked,4.00,OZ-wt,100.0,,1.1129,1.1129,18.9087,18.9087,,,,,,,,
TEST ZeroCater Pricing,1.00,Each,1.00,Each,1.00,,Inactive,=,,Inactive,=,1.00,Each,No,,,BATCH Spicy Chili Chicken Cooked,4.00,OZ-wt,100.0,,0.6467,0.6467,18.9087,18.9087,,,,,,,,
TEST ZeroCater Pricing,1.00,Each,1.00,Each,1.00,,Inactive,=,,Inactive,=,1.00,Each,No,,,BATCH Shrimp Cooked,6.00,Each,100.0,,2.8610,2.8610,18.9087,18.9087,,,,,,,,
TEST ZeroCater Pricing,1.00,Each,1.00,Each,1.00,,Inactive,=,,Inactive,=,1.00,Each,No,,,BATCH House Vinaigrette,1.00,OZ-wt,100.0,,0.0872,0.0872,18.9087,18.9087,,,,,,,,
TEST ZeroCater Pricing,1.00,Each,1.00,Each,1.00,,Inactive,=,,Inactive,=,1.00,Each,No,,,BATCH Toasted Cumin Yogurt,1.00,OZ-wt,100.0,,0.0791,0.0791,18.9087,18.9087,,,,,,,,
TEST ZeroCater Pricing,1.00,Each,1.00,Each,1.00,,Inactive,=,,Inactive,=,1.00,Each,No,,,BATCH Kokum Vinaigrette,1.00,OZ-wt,100.0,,0.0651,0.0651,18.9087,18.9087,,,,,,,,
TEST ZeroCater Pricing,1.00,Each,1.00,Each,1.00,,Inactive,=,,Inactive,=,1.00,Each,No,,,MOBYS Mango Coconut Yogurt,1.00,OZ-wt,100.0,,0.2087,0.2087,18.9087,18.9087,,,,,,,,
TEST ZeroCater Pricing,1.00,Each,1.00,Each,1.00,,Inactive,=,,Inactive,=,1.00,Each,No,,,BATCH Mint Cilantro Chutney,1.00,OZ-wt,100.0,,0.1831,0.1831,18.9087,18.9087,,,,,,,,
TEST ZeroCater Pricing,1.00,Each,1.00,Each,1.00,,Inactive,=,,Inactive,=,1.00,Each,No,,,MOBYS Coriander Chili Chutney,1.00,OZ-wt,100.0,,0.2262,0.2262,18.9087,18.9087,,,,,,,,
TEST ZeroCater Pricing,1.00,Each,1.00,Each,1.00,,Inactive,=,,Inactive,=,1.00,Each,No,,,BATCH Basmati Rice,8.00,OZ-wt,100.0,,0.2026,0.2026,18.9087,18.9087,,,,,,,,
TEST ZeroCater Pricing,1.00,Each,1.00,Each,1.00,,Inactive,=,,Inactive,=,1.00,Each,No,,,BATCH Lemon Turmeric Rice,8.00,OZ-wt,100.0,,0.2447,0.2447,18.9087,18.9087,,,,,,,,
TEST ZeroCater Pricing,1.00,Each,1.00,Each,1.00,,Inactive,=,,Inactive,=,1.00,Each,No,,,BATCH Masala Quinoa,8.00,OZ-wt,100.0,,0.3185,0.3185,18.9087,18.9087,,,,,,,,
TEST ZeroCater Pricing,1.00,Each,1.00,Each,1.00,,Inactive,=,,Inactive,=,1.00,Each,No,,,BATCH South Indian Rice Noodles,6.50,OZ-wt,100.0,,0.3521,0.3521,18.9087,18.9087,,,,,,,,
TEST ZeroCater Pricing,1.00,Each,1.00,Each,1.00,,Inactive,=,,Inactive,=,1.00,Each,No,,,YIELD Romaine Chopped,3.80,OZ-wt,100.0,,0.5940,0.5940,18.9087,18.9087,,,,,,,,
TEST ZeroCater Pricing,1.00,Each,1.00,Each,1.00,,Inactive,=,,Inactive,=,1.00,Each,No,,,"Lettuce, Arcadian",3.80,OZ-wt,100.0,,0.7521,0.7521,18.9087,18.9087,,,,,,,,
TEST ZeroCater Pricing,1.00,Each,1.00,Each,1.00,,Inactive,=,,Inactive,=,1.00,Each,No,,,"Spinach, Baby",3.40,OZ-wt,100.0,,0.7145,0.7145,18.9087,18.9087,,,,,,,,
TEST ZeroCater Pricing,1.00,Each,1.00,Each,1.00,,Inactive,=,,Inactive,=,1.00,Each,No,,,Arugula,3.00,OZ-wt,100.0,,0.7969,0.7969,18.9087,18.9087,,,,,,,,
"TEST, Chicken Spice Mix v1","2,680.00",Gram,150.00,Gram,17.87,1.00,Gram,=,,Inactive,=,1.00,Each,No,,,Salt,"1,040.00",Gram,100.0,,3.3353,0.1866,14.2005,0.7946,,,0 D 0 H 0 M,,,,,
"TEST, Chicken Spice Mix v1","2,680.00",Gram,150.00,Gram,17.87,1.00,Gram,=,,Inactive,=,1.00,Each,No,,,"Spice, Garlic Powder",130.00,Gram,100.0,,0.8592,0.0481,14.2005,0.7946,,,0 D 0 H 0 M,,,,,
"TEST, Chicken Spice Mix v1","2,680.00",Gram,150.00,Gram,17.87,1.00,Gram,=,,Inactive,=,1.00,Each,No,,,"Spice, Coriander Powder",280.00,Gram,100.0,,1.3566,0.0759,14.2005,0.7946,,,0 D 0 H 0 M,,,,,
"TEST, Chicken Spice Mix v1","2,680.00",Gram,150.00,Gram,17.87,1.00,Gram,=,,Inactive,=,1.00,Each,No,,,"Spice, Turmeric Powder",340.00,Gram,100.0,,1.6473,0.0922,14.2005,0.7946,,,0 D 0 H 0 M,,,,,
"TEST, Chicken Spice Mix v1","2,680.00",Gram,150.00,Gram,17.87,1.00,Gram,=,,Inactive,=,1.00,Each,No,,,"Spice, Curry Powder",310.00,Gram,100.0,,1.6331,0.0914,14.2005,0.7946,,,0 D 0 H 0 M,,,,,
"TEST, Chicken Spice Mix v1","2,680.00",Gram,150.00,Gram,17.87,1.00,Gram,=,,Inactive,=,1.00,Each,No,,,NEST Toasted Fenugreek Powder,60.00,Gram,100.0,,1.0816,0.0605,14.2005,0.7946,,,0 D 0 H 0 M,,,,,
"TEST, Chicken Spice Mix v1","2,680.00",Gram,150.00,Gram,17.87,1.00,Gram,=,,Inactive,=,1.00,Each,No,,,"Spice, Red Chili Powder",140.00,Gram,100.0,,1.0178,0.0570,14.2005,0.7946,,,0 D 0 H 0 M,,,,,
"TEST, Chicken Spice Mix v1","2,680.00",Gram,150.00,Gram,17.87,1.00,Gram,=,,Inactive,=,1.00,Each,No,,,"Spice, Garam Masala",180.00,Gram,100.0,,1.5070,0.0843,14.2005,0.7946,,,0 D 0 H 0 M,,,,,
"TEST, Chicken Spice Mix v1","2,680.00",Gram,150.00,Gram,17.87,1.00,Gram,=,,Inactive,=,1.00,Each,No,,,"Spice, Cumin Powder",200.00,Gram,100.0,,1.7626,0.0986,14.2005,0.7946,,,0 D 0 H 0 M,,,,,
"TEST, Chicken Spice Mix v2","2,340.00",Gram,150.00,Gram,15.60,1.00,Gram,=,,Inactive,=,,Inactive,No,,,Salt,700.00,Gram,100.0,,2.2449,0.1439,13.1101,0.8404,,,0 D 0 H 0 M,,,,,
"TEST, Chicken Spice Mix v2","2,340.00",Gram,150.00,Gram,15.60,1.00,Gram,=,,Inactive,=,,Inactive,No,,,"Spice, Garlic Powder",130.00,Gram,100.0,,0.8592,0.0551,13.1101,0.8404,,,0 D 0 H 0 M,,,,,
"TEST, Chicken Spice Mix v2","2,340.00",Gram,150.00,Gram,15.60,1.00,Gram,=,,Inactive,=,,Inactive,No,,,"Spice, Coriander Powder",280.00,Gram,100.0,,1.3566,0.0870,13.1101,0.8404,,,0 D 0 H 0 M,,,,,
"TEST, Chicken Spice Mix v2","2,340.00",Gram,150.00,Gram,15.60,1.00,Gram,=,,Inactive,=,,Inactive,No,,,"Spice, Turmeric Powder",340.00,Gram,100.0,,1.6473,0.1056,13.1101,0.8404,,,0 D 0 H 0 M,,,,,
"TEST, Chicken Spice Mix v2","2,340.00",Gram,150.00,Gram,15.60,1.00,Gram,=,,Inactive,=,,Inactive,No,,,"Spice, Curry Powder",310.00,Gram,100.0,,1.6331,0.1047,13.1101,0.8404,,,0 D 0 H 0 M,,,,,
"TEST, Chicken Spice Mix v2","2,340.00",Gram,150.00,Gram,15.60,1.00,Gram,=,,Inactive,=,,Inactive,No,,,NEST Toasted Fenugreek Powder,60.00,Gram,100.0,,1.0816,0.0693,13.1101,0.8404,,,0 D 0 H 0 M,,,,,
"TEST, Chicken Spice Mix v2","2,340.00",Gram,150.00,Gram,15.60,1.00,Gram,=,,Inactive,=,,Inactive,No,,,"Spice, Red Chili Powder",140.00,Gram,100.0,,1.0178,0.0652,13.1101,0.8404,,,0 D 0 H 0 M,,,,,
"TEST, Chicken Spice Mix v2","2,340.00",Gram,150.00,Gram,15.60,1.00,Gram,=,,Inactive,=,,Inactive,No,,,"Spice, Garam Masala",180.00,Gram,100.0,,1.5070,0.0966,13.1101,0.8404,,,0 D 0 H 0 M,,,,,
"TEST, Chicken Spice Mix v2","2,340.00",Gram,150.00,Gram,15.60,1.00,Gram,=,,Inactive,=,,Inactive,No,,,"Spice, Cumin Powder",200.00,Gram,100.0,,1.7626,0.1130,13.1101,0.8404,,,0 D 0 H 0 M,,,,,
"TEST, Chicken Spice Mix v3","2,170.00",Gram,150.00,Gram,14.47,1.00,Gram,=,,Inactive,=,,Inactive,No,,,Salt,620.00,Gram,100.0,,1.9883,0.1374,12.1992,0.8430,,,0 D 0 H 0 M,,,,,
"TEST, Chicken Spice Mix v3","2,170.00",Gram,150.00,Gram,14.47,1.00,Gram,=,,Inactive,=,,Inactive,No,,,"Spice, Garlic Powder",130.00,Gram,100.0,,0.8592,0.0594,12.1992,0.8430,,,0 D 0 H 0 M,,,,,
"TEST, Chicken Spice Mix v3","2,170.00",Gram,150.00,Gram,14.47,1.00,Gram,=,,Inactive,=,,Inactive,No,,,"Spice, Coriander Powder",280.00,Gram,100.0,,1.3566,0.0938,12.1992,0.8430,,,0 D 0 H 0 M,,,,,
"TEST, Chicken Spice Mix v3","2,170.00",Gram,150.00,Gram,14.47,1.00,Gram,=,,Inactive,=,,Inactive,No,,,"Spice, Turmeric Powder",340.00,Gram,100.0,,1.6473,0.1138,12.1992,0.8430,,,0 D 0 H 0 M,,,,,
"TEST, Chicken Spice Mix v3","2,170.00",Gram,150.00,Gram,14.47,1.00,Gram,=,,Inactive,=,,Inactive,No,,,"Spice, Curry Powder",310.00,Gram,100.0,,1.6331,0.1129,12.1992,0.8430,,,0 D 0 H 0 M,,,,,
"TEST, Chicken Spice Mix v3","2,170.00",Gram,150.00,Gram,14.47,1.00,Gram,=,,Inactive,=,,Inactive,No,,,NEST Toasted Fenugreek Powder,60.00,Gram,100.0,,1.0816,0.0747,12.1992,0.8430,,,0 D 0 H 0 M,,,,,
"TEST, Chicken Spice Mix v3","2,170.00",Gram,150.00,Gram,14.47,1.00,Gram,=,,Inactive,=,,Inactive,No,,,"Spice, Red Chili Powder",50.00,Gram,100.0,,0.3635,0.0251,12.1992,0.8430,,,0 D 0 H 0 M,,,,,
"TEST, Chicken Spice Mix v3","2,170.00",Gram,150.00,Gram,14.47,1.00,Gram,=,,Inactive,=,,Inactive,No,,,"Spice, Garam Masala",180.00,Gram,100.0,,1.5070,0.1041,12.1992,0.8430,,,0 D 0 H 0 M,,,,,
"TEST, Chicken Spice Mix v3","2,170.00",Gram,150.00,Gram,14.47,1.00,Gram,=,,Inactive,=,,Inactive,No,,,"Spice, Cumin Powder",200.00,Gram,100.0,,1.7626,0.1218,12.1992,0.8430,,,0 D 0 H 0 M,,,,,
YIELD Beets Chopped,20.60,lb,20.60,lb,1.00,1.00,lb,=,,Inactive,=,,Inactive,No,,,"Beets, Loose",25.00,lb,100.0,,92.2500,92.2500,92.2500,92.2500,,26.00,,,0.00,,0.00,
YIELD Carrots Shredded,24.20,lb,24.20,lb,1.00,2.00,OZ-wt,=,0.50,Cup,=,,Inactive,No,COGS - Produce,Inventory - Produce,"Carrots, Loose",27.20,lb,100.0,,19.8288,19.8288,19.8288,19.8288,,27.00,,,0.00,,0.00,
YIELD Cauliflower Florets,6.20,lb,6.20,lb,1.00,6.20,lb,=,,Inactive,=,,Inactive,No,COGS - Produce,Inventory - Produce,Cauliflower,9.30,lb,100.0,,13.9583,13.9583,13.9583,13.9583,,0.00,,,0.00,,0.00,
YIELD Cilantro Chopped,41.40,OZ-wt,41.40,OZ-wt,1.00,1.30,OZ-wt,=,1.00,Cup,=,,Inactive,No,COGS - Produce,Inventory - Produce,"Herb, Cilantro",20.00,Bunch,100.0,,15.6000,15.6000,15.6000,15.6000,,0.00,,,0.00,,0.00,
YIELD Cucumber Chopped,37.30,lb,37.30,lb,1.00,3.30,OZ-wt,=,0.50,Cup,=,,Inactive,No,COGS - Produce,Inventory - Produce,"Cucumbers, Loose",40.60,lb,100.0,,19.2038,19.2038,19.2038,19.2038,,0.00,,,0.00,,0.00,
YIELD Eggplant Cubed,17.70,lb,17.70,lb,1.00,1.00,lb,=,,Inactive,=,,Inactive,No,COGS - Produce,Inventory - Produce,"Eggplant, Loose",20.10,lb,100.0,,28.0998,28.0998,28.0998,28.0998,,0.00,,,0.00,,0.00,
YIELD Garlic Chopped,4.60,lb,4.60,lb,1.00,5.10,OZ-wt,=,0.50,Cup,=,,Inactive,No,COGS - Produce,Inventory - Produce,"Garlic, Loose",5.00,lb,100.0,,23.6500,23.6500,23.6500,23.6500,,0.00,,,0.00,,0.00,
YIELD Garlic Sliced,9.20,lb,9.20,lb,1.00,2.70,OZ-wt,=,0.50,Cup,=,,Inactive,No,COGS - Produce,Inventory - Produce,"Garlic, Loose",10.00,lb,100.0,,47.3000,47.3000,47.3000,47.3000,,16.00,,,0.00,,0.00,
YIELD Ginger Chopped,5.00,lb,5.00,lb,1.00,2.20,OZ-wt,=,0.50,Cup,=,,Inactive,No,COGS - Produce,Inventory - Produce,YIELD Ginger Peeled,5.00,lb,100.0,,12.0427,12.0427,12.0427,12.0427,Chop it up,13.00,,,0.00,,0.00,
YIELD Ginger Julienne,3.10,lb,3.10,lb,1.00,3.10,lb,=,4.00,Quart,=,,Inactive,No,COGS - Produce,Inventory - Produce,YIELD Ginger Peeled,3.10,lb,100.0,,7.4665,7.4665,7.4665,7.4665,,0.00,,,0.00,,0.00,
YIELD Ginger Peeled,17.60,lb,17.60,lb,1.00,1.00,lb,=,,Inactive,=,,Inactive,No,COGS - Produce,Inventory - Produce,Ginger,24.20,lb,100.0,,42.3903,42.3903,42.3903,42.3903,,85.00,,,0.00,,0.00,
YIELD Onion Red Chopped,3.50,lb,3.50,lb,1.00,2.60,OZ-wt,=,0.50,Cup,=,,Inactive,No,COGS - Produce,Inventory - Produce,"Onion, Red Whole",5.24,lb,100.0,,5.6592,5.6592,5.6592,5.6592,,60.00,,,0.00,,0.00,
YIELD Onion Red Sliced,22.40,lb,22.40,lb,1.00,43.60,lb,=,37.00,Quart,=,,Inactive,No,COGS - Produce,Inventory - Produce,"Onion, Red Whole",25.00,lb,100.0,,27.0000,27.0000,27.0000,27.0000,,30.00,0 D 0 H 0 M,,0.00,,0.00,
YIELD Onion Red Square,7.90,lb,7.90,lb,1.00,1.00,lb,=,,Inactive,=,,Inactive,No,,,"Onion, Red Whole",9.20,lb,100.0,,9.9360,9.9360,9.9360,9.9360,,11.00,,,0.00,,0.00,
YIELD Onion Yellow Peeled,40.00,lb,40.00,lb,1.00,1.00,lb,=,,Inactive,=,,Inactive,No,,,"Onion, Yellow Whole",50.00,lb,100.0,,32.0000,32.0000,32.0000,32.0000,,,,,,,,
YIELD Onion Yellow Sliced,44.30,lb,44.30,lb,1.00,16.60,lb,=,18.00,Quart,=,,Inactive,No,COGS - Produce,Inventory - Produce,"Onion, Yellow Whole",50.00,lb,100.0,,32.0000,32.0000,32.0000,32.0000,,30.00,,,0.00,,0.00,
YIELD Onion Yellow Square,12.50,lb,12.50,lb,1.00,1.00,lb,=,,Inactive,=,,Inactive,No,,,"Onion, Yellow Whole",13.60,lb,100.0,,8.7040,8.7040,8.7040,8.7040,,12.00,,,0.00,,0.00,
YIELD Peppers Green Square,4.10,lb,4.10,lb,1.00,1.00,lb,=,,Inactive,=,,Inactive,No,,,"Peppers, Green Whole",5.90,lb,100.0,,6.3109,6.3109,6.3109,6.3109,,0.00,,,0.00,,0.00,
YIELD Peppers Jalapeno Chopped,6.00,OZ-wt,6.00,OZ-wt,1.00,2.60,OZ-wt,=,0.50,Cup,=,,Inactive,No,COGS - Produce,Inventory - Produce,"Peppers, Jalapeno",6.20,OZ-wt,100.0,,0.8003,0.8003,0.8003,0.8003,,0.00,,,0.00,,0.00,
YIELD Peppers Red Square,4.00,lb,4.00,lb,1.00,1.00,lb,=,,Inactive,=,,Inactive,No,,,"Peppers, Red Whole",4.70,lb,100.0,,10.3400,10.3400,10.3400,10.3400,,0.00,,,0.00,,0.00,
YIELD Radish Sliced,38.90,lb,38.90,lb,1.00,1.00,lb,=,,Inactive,=,,Inactive,No,,,"Radish, Loose",40.00,lb,100.0,,39.5000,39.5000,39.5000,39.5000,,52.00,,,0.00,,0.00,
YIELD Romaine Chopped,2.44,lb,2.44,lb,1.00,1.00,lb,=,,Inactive,=,,Inactive,No,,,"Lettuce, Romaine Hearts",3.00,lb,100.0,,6.1023,6.1023,6.1023,6.1023,,0.00,,,0.00,,0.00,
YIELD Shallots Sliced,4.70,lb,4.70,lb,1.00,2.30,OZ-wt,=,0.50,Cup,=,,Inactive,No,COGS - Produce,Inventory - Produce,"Shallot, Whole",5.00,lb,100.0,,22.0000,22.0000,22.0000,22.0000,,0.00,,,0.00,,0.00,
YIELD Tomato Chopped,3.16,lb,3.16,lb,1.00,2.70,OZ-wt,=,0.50,Cup,=,,Inactive,No,COGS - Produce,Inventory - Produce,"Tomato, Plum",4.99,lb,100.0,,6.3872,6.3872,6.3872,6.3872,,60.00,,,0.00,,0.00,

